persona,story,segment,text,gold_label,story_adu_count,target_position,story_context,predicted_label,is_correct
A,1,1,"You have been tending your garden with care each morning, and you notice small changes in plants",PREMISE,14,1,"ADU 1 [TARGET]: You have been tending your garden with care each morning, and you notice small changes in plants
ADU 2: That steady habit shows how much you value a calm life and steady routines that help you feel grounded
ADU 3: Next week, pick small, safe activities you enjoy most
ADU 4: Garden for thirty to forty minutes
ADU 5: Sunlight, fresh air and mild chores lift your mood and energy
ADU 6: Go for a short walk on two days
ADU 7: Movement clears your head and helps sleep
ADU 8: Call your children once or twice
ADU 9: That contact brings meaning and warmth
ADU 10: Join the handicraft circle for a gentle social time
ADU 11: Friendly company feels nourishing
ADU 12: Allow one relaxed evening with a film or book to rest without pressure
ADU 13: Plan garden days, two short walks, a midweek call, and one craft meet next week
ADU 14: Start small, track how you feel, and remember you can make the week happier and energizing.",NONE,FALSE
A,1,2,That steady habit shows how much you value a calm life and steady routines that help you feel grounded,NONE,14,2,"ADU 1: You have been tending your garden with care each morning, and you notice small changes in plants
ADU 2 [TARGET]: That steady habit shows how much you value a calm life and steady routines that help you feel grounded
ADU 3: Next week, pick small, safe activities you enjoy most
ADU 4: Garden for thirty to forty minutes
ADU 5: Sunlight, fresh air and mild chores lift your mood and energy
ADU 6: Go for a short walk on two days
ADU 7: Movement clears your head and helps sleep
ADU 8: Call your children once or twice
ADU 9: That contact brings meaning and warmth
ADU 10: Join the handicraft circle for a gentle social time
ADU 11: Friendly company feels nourishing
ADU 12: Allow one relaxed evening with a film or book to rest without pressure
ADU 13: Plan garden days, two short walks, a midweek call, and one craft meet next week
ADU 14: Start small, track how you feel, and remember you can make the week happier and energizing.",CLAIM,FALSE
A,1,3,"Next week, pick small, safe activities you enjoy most",CLAIM,14,3,"ADU 1: You have been tending your garden with care each morning, and you notice small changes in plants
ADU 2: That steady habit shows how much you value a calm life and steady routines that help you feel grounded
ADU 3 [TARGET]: Next week, pick small, safe activities you enjoy most
ADU 4: Garden for thirty to forty minutes
ADU 5: Sunlight, fresh air and mild chores lift your mood and energy
ADU 6: Go for a short walk on two days
ADU 7: Movement clears your head and helps sleep
ADU 8: Call your children once or twice
ADU 9: That contact brings meaning and warmth
ADU 10: Join the handicraft circle for a gentle social time
ADU 11: Friendly company feels nourishing
ADU 12: Allow one relaxed evening with a film or book to rest without pressure
ADU 13: Plan garden days, two short walks, a midweek call, and one craft meet next week
ADU 14: Start small, track how you feel, and remember you can make the week happier and energizing.",CLAIM,TRUE
A,1,4,Garden for thirty to forty minutes,CLAIM,14,4,"ADU 1: You have been tending your garden with care each morning, and you notice small changes in plants
ADU 2: That steady habit shows how much you value a calm life and steady routines that help you feel grounded
ADU 3: Next week, pick small, safe activities you enjoy most
ADU 4 [TARGET]: Garden for thirty to forty minutes
ADU 5: Sunlight, fresh air and mild chores lift your mood and energy
ADU 6: Go for a short walk on two days
ADU 7: Movement clears your head and helps sleep
ADU 8: Call your children once or twice
ADU 9: That contact brings meaning and warmth
ADU 10: Join the handicraft circle for a gentle social time
ADU 11: Friendly company feels nourishing
ADU 12: Allow one relaxed evening with a film or book to rest without pressure
ADU 13: Plan garden days, two short walks, a midweek call, and one craft meet next week
ADU 14: Start small, track how you feel, and remember you can make the week happier and energizing.",CLAIM,TRUE
A,1,5,"Sunlight, fresh air and mild chores lift your mood and energy",PREMISE,14,5,"ADU 1: You have been tending your garden with care each morning, and you notice small changes in plants
ADU 2: That steady habit shows how much you value a calm life and steady routines that help you feel grounded
ADU 3: Next week, pick small, safe activities you enjoy most
ADU 4: Garden for thirty to forty minutes
ADU 5 [TARGET]: Sunlight, fresh air and mild chores lift your mood and energy
ADU 6: Go for a short walk on two days
ADU 7: Movement clears your head and helps sleep
ADU 8: Call your children once or twice
ADU 9: That contact brings meaning and warmth
ADU 10: Join the handicraft circle for a gentle social time
ADU 11: Friendly company feels nourishing
ADU 12: Allow one relaxed evening with a film or book to rest without pressure
ADU 13: Plan garden days, two short walks, a midweek call, and one craft meet next week
ADU 14: Start small, track how you feel, and remember you can make the week happier and energizing.",PREMISE,TRUE
A,1,6,Go for a short walk on two days,CLAIM,14,6,"ADU 1: You have been tending your garden with care each morning, and you notice small changes in plants
ADU 2: That steady habit shows how much you value a calm life and steady routines that help you feel grounded
ADU 3: Next week, pick small, safe activities you enjoy most
ADU 4: Garden for thirty to forty minutes
ADU 5: Sunlight, fresh air and mild chores lift your mood and energy
ADU 6 [TARGET]: Go for a short walk on two days
ADU 7: Movement clears your head and helps sleep
ADU 8: Call your children once or twice
ADU 9: That contact brings meaning and warmth
ADU 10: Join the handicraft circle for a gentle social time
ADU 11: Friendly company feels nourishing
ADU 12: Allow one relaxed evening with a film or book to rest without pressure
ADU 13: Plan garden days, two short walks, a midweek call, and one craft meet next week
ADU 14: Start small, track how you feel, and remember you can make the week happier and energizing.",CLAIM,TRUE
A,1,7,Movement clears your head and helps sleep,PREMISE,14,7,"ADU 1: You have been tending your garden with care each morning, and you notice small changes in plants
ADU 2: That steady habit shows how much you value a calm life and steady routines that help you feel grounded
ADU 3: Next week, pick small, safe activities you enjoy most
ADU 4: Garden for thirty to forty minutes
ADU 5: Sunlight, fresh air and mild chores lift your mood and energy
ADU 6: Go for a short walk on two days
ADU 7 [TARGET]: Movement clears your head and helps sleep
ADU 8: Call your children once or twice
ADU 9: That contact brings meaning and warmth
ADU 10: Join the handicraft circle for a gentle social time
ADU 11: Friendly company feels nourishing
ADU 12: Allow one relaxed evening with a film or book to rest without pressure
ADU 13: Plan garden days, two short walks, a midweek call, and one craft meet next week
ADU 14: Start small, track how you feel, and remember you can make the week happier and energizing.",PREMISE,TRUE
A,1,8,Call your children once or twice,CLAIM,14,8,"ADU 1: You have been tending your garden with care each morning, and you notice small changes in plants
ADU 2: That steady habit shows how much you value a calm life and steady routines that help you feel grounded
ADU 3: Next week, pick small, safe activities you enjoy most
ADU 4: Garden for thirty to forty minutes
ADU 5: Sunlight, fresh air and mild chores lift your mood and energy
ADU 6: Go for a short walk on two days
ADU 7: Movement clears your head and helps sleep
ADU 8 [TARGET]: Call your children once or twice
ADU 9: That contact brings meaning and warmth
ADU 10: Join the handicraft circle for a gentle social time
ADU 11: Friendly company feels nourishing
ADU 12: Allow one relaxed evening with a film or book to rest without pressure
ADU 13: Plan garden days, two short walks, a midweek call, and one craft meet next week
ADU 14: Start small, track how you feel, and remember you can make the week happier and energizing.",CLAIM,TRUE
A,1,9,That contact brings meaning and warmth,PREMISE,14,9,"ADU 1: You have been tending your garden with care each morning, and you notice small changes in plants
ADU 2: That steady habit shows how much you value a calm life and steady routines that help you feel grounded
ADU 3: Next week, pick small, safe activities you enjoy most
ADU 4: Garden for thirty to forty minutes
ADU 5: Sunlight, fresh air and mild chores lift your mood and energy
ADU 6: Go for a short walk on two days
ADU 7: Movement clears your head and helps sleep
ADU 8: Call your children once or twice
ADU 9 [TARGET]: That contact brings meaning and warmth
ADU 10: Join the handicraft circle for a gentle social time
ADU 11: Friendly company feels nourishing
ADU 12: Allow one relaxed evening with a film or book to rest without pressure
ADU 13: Plan garden days, two short walks, a midweek call, and one craft meet next week
ADU 14: Start small, track how you feel, and remember you can make the week happier and energizing.",PREMISE,TRUE
A,1,10,Join the handicraft circle for a gentle social time,CLAIM,14,10,"ADU 1: You have been tending your garden with care each morning, and you notice small changes in plants
ADU 2: That steady habit shows how much you value a calm life and steady routines that help you feel grounded
ADU 3: Next week, pick small, safe activities you enjoy most
ADU 4: Garden for thirty to forty minutes
ADU 5: Sunlight, fresh air and mild chores lift your mood and energy
ADU 6: Go for a short walk on two days
ADU 7: Movement clears your head and helps sleep
ADU 8: Call your children once or twice
ADU 9: That contact brings meaning and warmth
ADU 10 [TARGET]: Join the handicraft circle for a gentle social time
ADU 11: Friendly company feels nourishing
ADU 12: Allow one relaxed evening with a film or book to rest without pressure
ADU 13: Plan garden days, two short walks, a midweek call, and one craft meet next week
ADU 14: Start small, track how you feel, and remember you can make the week happier and energizing.",CLAIM,TRUE
A,1,11,Friendly company feels nourishing,PREMISE,14,11,"ADU 1: You have been tending your garden with care each morning, and you notice small changes in plants
ADU 2: That steady habit shows how much you value a calm life and steady routines that help you feel grounded
ADU 3: Next week, pick small, safe activities you enjoy most
ADU 4: Garden for thirty to forty minutes
ADU 5: Sunlight, fresh air and mild chores lift your mood and energy
ADU 6: Go for a short walk on two days
ADU 7: Movement clears your head and helps sleep
ADU 8: Call your children once or twice
ADU 9: That contact brings meaning and warmth
ADU 10: Join the handicraft circle for a gentle social time
ADU 11 [TARGET]: Friendly company feels nourishing
ADU 12: Allow one relaxed evening with a film or book to rest without pressure
ADU 13: Plan garden days, two short walks, a midweek call, and one craft meet next week
ADU 14: Start small, track how you feel, and remember you can make the week happier and energizing.",PREMISE,TRUE
A,1,12,Allow one relaxed evening with a film or book to rest without pressure,CLAIM,14,12,"ADU 1: You have been tending your garden with care each morning, and you notice small changes in plants
ADU 2: That steady habit shows how much you value a calm life and steady routines that help you feel grounded
ADU 3: Next week, pick small, safe activities you enjoy most
ADU 4: Garden for thirty to forty minutes
ADU 5: Sunlight, fresh air and mild chores lift your mood and energy
ADU 6: Go for a short walk on two days
ADU 7: Movement clears your head and helps sleep
ADU 8: Call your children once or twice
ADU 9: That contact brings meaning and warmth
ADU 10: Join the handicraft circle for a gentle social time
ADU 11: Friendly company feels nourishing
ADU 12 [TARGET]: Allow one relaxed evening with a film or book to rest without pressure
ADU 13: Plan garden days, two short walks, a midweek call, and one craft meet next week
ADU 14: Start small, track how you feel, and remember you can make the week happier and energizing.",CLAIM,TRUE
A,1,13,"Plan garden days, two short walks, a midweek call, and one craft meet next week",CLAIM,14,13,"ADU 1: You have been tending your garden with care each morning, and you notice small changes in plants
ADU 2: That steady habit shows how much you value a calm life and steady routines that help you feel grounded
ADU 3: Next week, pick small, safe activities you enjoy most
ADU 4: Garden for thirty to forty minutes
ADU 5: Sunlight, fresh air and mild chores lift your mood and energy
ADU 6: Go for a short walk on two days
ADU 7: Movement clears your head and helps sleep
ADU 8: Call your children once or twice
ADU 9: That contact brings meaning and warmth
ADU 10: Join the handicraft circle for a gentle social time
ADU 11: Friendly company feels nourishing
ADU 12: Allow one relaxed evening with a film or book to rest without pressure
ADU 13 [TARGET]: Plan garden days, two short walks, a midweek call, and one craft meet next week
ADU 14: Start small, track how you feel, and remember you can make the week happier and energizing.",CLAIM,TRUE
A,1,14,"Start small, track how you feel, and remember you can make the week happier and energizing.",CLAIM,14,14,"ADU 1: You have been tending your garden with care each morning, and you notice small changes in plants
ADU 2: That steady habit shows how much you value a calm life and steady routines that help you feel grounded
ADU 3: Next week, pick small, safe activities you enjoy most
ADU 4: Garden for thirty to forty minutes
ADU 5: Sunlight, fresh air and mild chores lift your mood and energy
ADU 6: Go for a short walk on two days
ADU 7: Movement clears your head and helps sleep
ADU 8: Call your children once or twice
ADU 9: That contact brings meaning and warmth
ADU 10: Join the handicraft circle for a gentle social time
ADU 11: Friendly company feels nourishing
ADU 12: Allow one relaxed evening with a film or book to rest without pressure
ADU 13: Plan garden days, two short walks, a midweek call, and one craft meet next week
ADU 14 [TARGET]: Start small, track how you feel, and remember you can make the week happier and energizing.",CLAIM,TRUE
A,2,1,You are doing well keeping gentle routines and small everyday pleasures,NONE,15,1,"ADU 1 [TARGET]: You are doing well keeping gentle routines and small everyday pleasures
ADU 2: This morning you watered the geraniums, checked the news briefly, and made tea
ADU 3: That steady care shows resilience and good taste in comfort
ADU 4: Next week, pick two to three short activities each day to keep momentum
ADU 5: Try gardening sessions in the morning
ADU 6: Gentle movement and sunlight boost mood
ADU 7: Take a walk with a friend or family member
ADU 8: Company lifts energy and joy
ADU 9: Call your children
ADU 10: Those talks bring warmth and perspective
ADU 11: Join the handicraft circle once
ADU 12: Hands-on work supports focus and social ties
ADU 13: If you need a quieter evening, relax with a favorite movie or book to unwind
ADU 14: Plan three mornings of gardening, two walks, a call, one handicraft session, and a relaxing movie evening
ADU 15: Keep every activity short and safe so each day feels pleasant and doable.",CLAIM,FALSE
A,2,2,"This morning you watered the geraniums, checked the news briefly, and made tea",PREMISE,15,2,"ADU 1: You are doing well keeping gentle routines and small everyday pleasures
ADU 2 [TARGET]: This morning you watered the geraniums, checked the news briefly, and made tea
ADU 3: That steady care shows resilience and good taste in comfort
ADU 4: Next week, pick two to three short activities each day to keep momentum
ADU 5: Try gardening sessions in the morning
ADU 6: Gentle movement and sunlight boost mood
ADU 7: Take a walk with a friend or family member
ADU 8: Company lifts energy and joy
ADU 9: Call your children
ADU 10: Those talks bring warmth and perspective
ADU 11: Join the handicraft circle once
ADU 12: Hands-on work supports focus and social ties
ADU 13: If you need a quieter evening, relax with a favorite movie or book to unwind
ADU 14: Plan three mornings of gardening, two walks, a call, one handicraft session, and a relaxing movie evening
ADU 15: Keep every activity short and safe so each day feels pleasant and doable.",NONE,FALSE
A,2,3,That steady care shows resilience and good taste in comfort,NONE,15,3,"ADU 1: You are doing well keeping gentle routines and small everyday pleasures
ADU 2: This morning you watered the geraniums, checked the news briefly, and made tea
ADU 3 [TARGET]: That steady care shows resilience and good taste in comfort
ADU 4: Next week, pick two to three short activities each day to keep momentum
ADU 5: Try gardening sessions in the morning
ADU 6: Gentle movement and sunlight boost mood
ADU 7: Take a walk with a friend or family member
ADU 8: Company lifts energy and joy
ADU 9: Call your children
ADU 10: Those talks bring warmth and perspective
ADU 11: Join the handicraft circle once
ADU 12: Hands-on work supports focus and social ties
ADU 13: If you need a quieter evening, relax with a favorite movie or book to unwind
ADU 14: Plan three mornings of gardening, two walks, a call, one handicraft session, and a relaxing movie evening
ADU 15: Keep every activity short and safe so each day feels pleasant and doable.",CLAIM,FALSE
A,2,4,"Next week, pick two to three short activities each day to keep momentum",CLAIM,15,4,"ADU 1: You are doing well keeping gentle routines and small everyday pleasures
ADU 2: This morning you watered the geraniums, checked the news briefly, and made tea
ADU 3: That steady care shows resilience and good taste in comfort
ADU 4 [TARGET]: Next week, pick two to three short activities each day to keep momentum
ADU 5: Try gardening sessions in the morning
ADU 6: Gentle movement and sunlight boost mood
ADU 7: Take a walk with a friend or family member
ADU 8: Company lifts energy and joy
ADU 9: Call your children
ADU 10: Those talks bring warmth and perspective
ADU 11: Join the handicraft circle once
ADU 12: Hands-on work supports focus and social ties
ADU 13: If you need a quieter evening, relax with a favorite movie or book to unwind
ADU 14: Plan three mornings of gardening, two walks, a call, one handicraft session, and a relaxing movie evening
ADU 15: Keep every activity short and safe so each day feels pleasant and doable.",CLAIM,TRUE
A,2,5,Try gardening sessions in the morning,CLAIM,15,5,"ADU 1: You are doing well keeping gentle routines and small everyday pleasures
ADU 2: This morning you watered the geraniums, checked the news briefly, and made tea
ADU 3: That steady care shows resilience and good taste in comfort
ADU 4: Next week, pick two to three short activities each day to keep momentum
ADU 5 [TARGET]: Try gardening sessions in the morning
ADU 6: Gentle movement and sunlight boost mood
ADU 7: Take a walk with a friend or family member
ADU 8: Company lifts energy and joy
ADU 9: Call your children
ADU 10: Those talks bring warmth and perspective
ADU 11: Join the handicraft circle once
ADU 12: Hands-on work supports focus and social ties
ADU 13: If you need a quieter evening, relax with a favorite movie or book to unwind
ADU 14: Plan three mornings of gardening, two walks, a call, one handicraft session, and a relaxing movie evening
ADU 15: Keep every activity short and safe so each day feels pleasant and doable.",CLAIM,TRUE
A,2,6,Gentle movement and sunlight boost mood,PREMISE,15,6,"ADU 1: You are doing well keeping gentle routines and small everyday pleasures
ADU 2: This morning you watered the geraniums, checked the news briefly, and made tea
ADU 3: That steady care shows resilience and good taste in comfort
ADU 4: Next week, pick two to three short activities each day to keep momentum
ADU 5: Try gardening sessions in the morning
ADU 6 [TARGET]: Gentle movement and sunlight boost mood
ADU 7: Take a walk with a friend or family member
ADU 8: Company lifts energy and joy
ADU 9: Call your children
ADU 10: Those talks bring warmth and perspective
ADU 11: Join the handicraft circle once
ADU 12: Hands-on work supports focus and social ties
ADU 13: If you need a quieter evening, relax with a favorite movie or book to unwind
ADU 14: Plan three mornings of gardening, two walks, a call, one handicraft session, and a relaxing movie evening
ADU 15: Keep every activity short and safe so each day feels pleasant and doable.",PREMISE,TRUE
A,2,7,Take a walk with a friend or family member,CLAIM,15,7,"ADU 1: You are doing well keeping gentle routines and small everyday pleasures
ADU 2: This morning you watered the geraniums, checked the news briefly, and made tea
ADU 3: That steady care shows resilience and good taste in comfort
ADU 4: Next week, pick two to three short activities each day to keep momentum
ADU 5: Try gardening sessions in the morning
ADU 6: Gentle movement and sunlight boost mood
ADU 7 [TARGET]: Take a walk with a friend or family member
ADU 8: Company lifts energy and joy
ADU 9: Call your children
ADU 10: Those talks bring warmth and perspective
ADU 11: Join the handicraft circle once
ADU 12: Hands-on work supports focus and social ties
ADU 13: If you need a quieter evening, relax with a favorite movie or book to unwind
ADU 14: Plan three mornings of gardening, two walks, a call, one handicraft session, and a relaxing movie evening
ADU 15: Keep every activity short and safe so each day feels pleasant and doable.",CLAIM,TRUE
A,2,8,Company lifts energy and joy,PREMISE,15,8,"ADU 1: You are doing well keeping gentle routines and small everyday pleasures
ADU 2: This morning you watered the geraniums, checked the news briefly, and made tea
ADU 3: That steady care shows resilience and good taste in comfort
ADU 4: Next week, pick two to three short activities each day to keep momentum
ADU 5: Try gardening sessions in the morning
ADU 6: Gentle movement and sunlight boost mood
ADU 7: Take a walk with a friend or family member
ADU 8 [TARGET]: Company lifts energy and joy
ADU 9: Call your children
ADU 10: Those talks bring warmth and perspective
ADU 11: Join the handicraft circle once
ADU 12: Hands-on work supports focus and social ties
ADU 13: If you need a quieter evening, relax with a favorite movie or book to unwind
ADU 14: Plan three mornings of gardening, two walks, a call, one handicraft session, and a relaxing movie evening
ADU 15: Keep every activity short and safe so each day feels pleasant and doable.",PREMISE,TRUE
A,2,9,Call your children,CLAIM,15,9,"ADU 1: You are doing well keeping gentle routines and small everyday pleasures
ADU 2: This morning you watered the geraniums, checked the news briefly, and made tea
ADU 3: That steady care shows resilience and good taste in comfort
ADU 4: Next week, pick two to three short activities each day to keep momentum
ADU 5: Try gardening sessions in the morning
ADU 6: Gentle movement and sunlight boost mood
ADU 7: Take a walk with a friend or family member
ADU 8: Company lifts energy and joy
ADU 9 [TARGET]: Call your children
ADU 10: Those talks bring warmth and perspective
ADU 11: Join the handicraft circle once
ADU 12: Hands-on work supports focus and social ties
ADU 13: If you need a quieter evening, relax with a favorite movie or book to unwind
ADU 14: Plan three mornings of gardening, two walks, a call, one handicraft session, and a relaxing movie evening
ADU 15: Keep every activity short and safe so each day feels pleasant and doable.",CLAIM,TRUE
A,2,10,Those talks bring warmth and perspective,PREMISE,15,10,"ADU 1: You are doing well keeping gentle routines and small everyday pleasures
ADU 2: This morning you watered the geraniums, checked the news briefly, and made tea
ADU 3: That steady care shows resilience and good taste in comfort
ADU 4: Next week, pick two to three short activities each day to keep momentum
ADU 5: Try gardening sessions in the morning
ADU 6: Gentle movement and sunlight boost mood
ADU 7: Take a walk with a friend or family member
ADU 8: Company lifts energy and joy
ADU 9: Call your children
ADU 10 [TARGET]: Those talks bring warmth and perspective
ADU 11: Join the handicraft circle once
ADU 12: Hands-on work supports focus and social ties
ADU 13: If you need a quieter evening, relax with a favorite movie or book to unwind
ADU 14: Plan three mornings of gardening, two walks, a call, one handicraft session, and a relaxing movie evening
ADU 15: Keep every activity short and safe so each day feels pleasant and doable.",PREMISE,TRUE
A,2,11,Join the handicraft circle once,CLAIM,15,11,"ADU 1: You are doing well keeping gentle routines and small everyday pleasures
ADU 2: This morning you watered the geraniums, checked the news briefly, and made tea
ADU 3: That steady care shows resilience and good taste in comfort
ADU 4: Next week, pick two to three short activities each day to keep momentum
ADU 5: Try gardening sessions in the morning
ADU 6: Gentle movement and sunlight boost mood
ADU 7: Take a walk with a friend or family member
ADU 8: Company lifts energy and joy
ADU 9: Call your children
ADU 10: Those talks bring warmth and perspective
ADU 11 [TARGET]: Join the handicraft circle once
ADU 12: Hands-on work supports focus and social ties
ADU 13: If you need a quieter evening, relax with a favorite movie or book to unwind
ADU 14: Plan three mornings of gardening, two walks, a call, one handicraft session, and a relaxing movie evening
ADU 15: Keep every activity short and safe so each day feels pleasant and doable.",CLAIM,TRUE
A,2,12,Hands-on work supports focus and social ties,PREMISE,15,12,"ADU 1: You are doing well keeping gentle routines and small everyday pleasures
ADU 2: This morning you watered the geraniums, checked the news briefly, and made tea
ADU 3: That steady care shows resilience and good taste in comfort
ADU 4: Next week, pick two to three short activities each day to keep momentum
ADU 5: Try gardening sessions in the morning
ADU 6: Gentle movement and sunlight boost mood
ADU 7: Take a walk with a friend or family member
ADU 8: Company lifts energy and joy
ADU 9: Call your children
ADU 10: Those talks bring warmth and perspective
ADU 11: Join the handicraft circle once
ADU 12 [TARGET]: Hands-on work supports focus and social ties
ADU 13: If you need a quieter evening, relax with a favorite movie or book to unwind
ADU 14: Plan three mornings of gardening, two walks, a call, one handicraft session, and a relaxing movie evening
ADU 15: Keep every activity short and safe so each day feels pleasant and doable.",PREMISE,TRUE
A,2,13,"If you need a quieter evening, relax with a favorite movie or book to unwind",CLAIM,15,13,"ADU 1: You are doing well keeping gentle routines and small everyday pleasures
ADU 2: This morning you watered the geraniums, checked the news briefly, and made tea
ADU 3: That steady care shows resilience and good taste in comfort
ADU 4: Next week, pick two to three short activities each day to keep momentum
ADU 5: Try gardening sessions in the morning
ADU 6: Gentle movement and sunlight boost mood
ADU 7: Take a walk with a friend or family member
ADU 8: Company lifts energy and joy
ADU 9: Call your children
ADU 10: Those talks bring warmth and perspective
ADU 11: Join the handicraft circle once
ADU 12: Hands-on work supports focus and social ties
ADU 13 [TARGET]: If you need a quieter evening, relax with a favorite movie or book to unwind
ADU 14: Plan three mornings of gardening, two walks, a call, one handicraft session, and a relaxing movie evening
ADU 15: Keep every activity short and safe so each day feels pleasant and doable.",CLAIM,TRUE
A,2,14,"Plan three mornings of gardening, two walks, a call, one handicraft session, and a relaxing movie evening",CLAIM,15,14,"ADU 1: You are doing well keeping gentle routines and small everyday pleasures
ADU 2: This morning you watered the geraniums, checked the news briefly, and made tea
ADU 3: That steady care shows resilience and good taste in comfort
ADU 4: Next week, pick two to three short activities each day to keep momentum
ADU 5: Try gardening sessions in the morning
ADU 6: Gentle movement and sunlight boost mood
ADU 7: Take a walk with a friend or family member
ADU 8: Company lifts energy and joy
ADU 9: Call your children
ADU 10: Those talks bring warmth and perspective
ADU 11: Join the handicraft circle once
ADU 12: Hands-on work supports focus and social ties
ADU 13: If you need a quieter evening, relax with a favorite movie or book to unwind
ADU 14 [TARGET]: Plan three mornings of gardening, two walks, a call, one handicraft session, and a relaxing movie evening
ADU 15: Keep every activity short and safe so each day feels pleasant and doable.",CLAIM,TRUE
A,2,15,Keep every activity short and safe so each day feels pleasant and doable.,CLAIM,15,15,"ADU 1: You are doing well keeping gentle routines and small everyday pleasures
ADU 2: This morning you watered the geraniums, checked the news briefly, and made tea
ADU 3: That steady care shows resilience and good taste in comfort
ADU 4: Next week, pick two to three short activities each day to keep momentum
ADU 5: Try gardening sessions in the morning
ADU 6: Gentle movement and sunlight boost mood
ADU 7: Take a walk with a friend or family member
ADU 8: Company lifts energy and joy
ADU 9: Call your children
ADU 10: Those talks bring warmth and perspective
ADU 11: Join the handicraft circle once
ADU 12: Hands-on work supports focus and social ties
ADU 13: If you need a quieter evening, relax with a favorite movie or book to unwind
ADU 14: Plan three mornings of gardening, two walks, a call, one handicraft session, and a relaxing movie evening
ADU 15 [TARGET]: Keep every activity short and safe so each day feels pleasant and doable.",CLAIM,TRUE
A,3,1,"You handled a lot this week, Kim, and that shows steadiness and care",NONE,14,1,"ADU 1 [TARGET]: You handled a lot this week, Kim, and that shows steadiness and care
ADU 2: I picture you potting seedlings and later sitting with a cup of tea on the porch
ADU 3: Those small efforts matter
ADU 4: Next week, try alternating active and restful days, keeping calls with your children and reading days as priorities
ADU 5: They give connection and calm
ADU 6: Include the handicraft circle once or twice
ADU 7: Gentle social time lifts mood without heavy exertion
ADU 8: Spacing effort protects energy and reduces stress; short sessions and naps help recovery
ADU 9: It may not be fully sufficient if your fatigue is high
ADU 10: Watch signs of tiredness and shorten sessions when needed
ADU 11: If social calls or long gardening sessions tire you, shorten them or substitute a quiet walk
ADU 12: A simple plan could be: garden one day, call or read the next, then walk, then handicraft
ADU 13: Build in one full quiet recovery block midweek with no plans
ADU 14: You are taking sensible steps, and you can adjust with kindness.",CLAIM,FALSE
A,3,2,I picture you potting seedlings and later sitting with a cup of tea on the porch,PREMISE,14,2,"ADU 1: You handled a lot this week, Kim, and that shows steadiness and care
ADU 2 [TARGET]: I picture you potting seedlings and later sitting with a cup of tea on the porch
ADU 3: Those small efforts matter
ADU 4: Next week, try alternating active and restful days, keeping calls with your children and reading days as priorities
ADU 5: They give connection and calm
ADU 6: Include the handicraft circle once or twice
ADU 7: Gentle social time lifts mood without heavy exertion
ADU 8: Spacing effort protects energy and reduces stress; short sessions and naps help recovery
ADU 9: It may not be fully sufficient if your fatigue is high
ADU 10: Watch signs of tiredness and shorten sessions when needed
ADU 11: If social calls or long gardening sessions tire you, shorten them or substitute a quiet walk
ADU 12: A simple plan could be: garden one day, call or read the next, then walk, then handicraft
ADU 13: Build in one full quiet recovery block midweek with no plans
ADU 14: You are taking sensible steps, and you can adjust with kindness.",NONE,FALSE
A,3,3,Those small efforts matter,NONE,14,3,"ADU 1: You handled a lot this week, Kim, and that shows steadiness and care
ADU 2: I picture you potting seedlings and later sitting with a cup of tea on the porch
ADU 3 [TARGET]: Those small efforts matter
ADU 4: Next week, try alternating active and restful days, keeping calls with your children and reading days as priorities
ADU 5: They give connection and calm
ADU 6: Include the handicraft circle once or twice
ADU 7: Gentle social time lifts mood without heavy exertion
ADU 8: Spacing effort protects energy and reduces stress; short sessions and naps help recovery
ADU 9: It may not be fully sufficient if your fatigue is high
ADU 10: Watch signs of tiredness and shorten sessions when needed
ADU 11: If social calls or long gardening sessions tire you, shorten them or substitute a quiet walk
ADU 12: A simple plan could be: garden one day, call or read the next, then walk, then handicraft
ADU 13: Build in one full quiet recovery block midweek with no plans
ADU 14: You are taking sensible steps, and you can adjust with kindness.",CLAIM,FALSE
A,3,4,"Next week, try alternating active and restful days, keeping calls with your children and reading days as priorities",CLAIM,14,4,"ADU 1: You handled a lot this week, Kim, and that shows steadiness and care
ADU 2: I picture you potting seedlings and later sitting with a cup of tea on the porch
ADU 3: Those small efforts matter
ADU 4 [TARGET]: Next week, try alternating active and restful days, keeping calls with your children and reading days as priorities
ADU 5: They give connection and calm
ADU 6: Include the handicraft circle once or twice
ADU 7: Gentle social time lifts mood without heavy exertion
ADU 8: Spacing effort protects energy and reduces stress; short sessions and naps help recovery
ADU 9: It may not be fully sufficient if your fatigue is high
ADU 10: Watch signs of tiredness and shorten sessions when needed
ADU 11: If social calls or long gardening sessions tire you, shorten them or substitute a quiet walk
ADU 12: A simple plan could be: garden one day, call or read the next, then walk, then handicraft
ADU 13: Build in one full quiet recovery block midweek with no plans
ADU 14: You are taking sensible steps, and you can adjust with kindness.",CLAIM,TRUE
A,3,5,They give connection and calm,PREMISE,14,5,"ADU 1: You handled a lot this week, Kim, and that shows steadiness and care
ADU 2: I picture you potting seedlings and later sitting with a cup of tea on the porch
ADU 3: Those small efforts matter
ADU 4: Next week, try alternating active and restful days, keeping calls with your children and reading days as priorities
ADU 5 [TARGET]: They give connection and calm
ADU 6: Include the handicraft circle once or twice
ADU 7: Gentle social time lifts mood without heavy exertion
ADU 8: Spacing effort protects energy and reduces stress; short sessions and naps help recovery
ADU 9: It may not be fully sufficient if your fatigue is high
ADU 10: Watch signs of tiredness and shorten sessions when needed
ADU 11: If social calls or long gardening sessions tire you, shorten them or substitute a quiet walk
ADU 12: A simple plan could be: garden one day, call or read the next, then walk, then handicraft
ADU 13: Build in one full quiet recovery block midweek with no plans
ADU 14: You are taking sensible steps, and you can adjust with kindness.",PREMISE,TRUE
A,3,6,Include the handicraft circle once or twice,CLAIM,14,6,"ADU 1: You handled a lot this week, Kim, and that shows steadiness and care
ADU 2: I picture you potting seedlings and later sitting with a cup of tea on the porch
ADU 3: Those small efforts matter
ADU 4: Next week, try alternating active and restful days, keeping calls with your children and reading days as priorities
ADU 5: They give connection and calm
ADU 6 [TARGET]: Include the handicraft circle once or twice
ADU 7: Gentle social time lifts mood without heavy exertion
ADU 8: Spacing effort protects energy and reduces stress; short sessions and naps help recovery
ADU 9: It may not be fully sufficient if your fatigue is high
ADU 10: Watch signs of tiredness and shorten sessions when needed
ADU 11: If social calls or long gardening sessions tire you, shorten them or substitute a quiet walk
ADU 12: A simple plan could be: garden one day, call or read the next, then walk, then handicraft
ADU 13: Build in one full quiet recovery block midweek with no plans
ADU 14: You are taking sensible steps, and you can adjust with kindness.",CLAIM,TRUE
A,3,7,Gentle social time lifts mood without heavy exertion,PREMISE,14,7,"ADU 1: You handled a lot this week, Kim, and that shows steadiness and care
ADU 2: I picture you potting seedlings and later sitting with a cup of tea on the porch
ADU 3: Those small efforts matter
ADU 4: Next week, try alternating active and restful days, keeping calls with your children and reading days as priorities
ADU 5: They give connection and calm
ADU 6: Include the handicraft circle once or twice
ADU 7 [TARGET]: Gentle social time lifts mood without heavy exertion
ADU 8: Spacing effort protects energy and reduces stress; short sessions and naps help recovery
ADU 9: It may not be fully sufficient if your fatigue is high
ADU 10: Watch signs of tiredness and shorten sessions when needed
ADU 11: If social calls or long gardening sessions tire you, shorten them or substitute a quiet walk
ADU 12: A simple plan could be: garden one day, call or read the next, then walk, then handicraft
ADU 13: Build in one full quiet recovery block midweek with no plans
ADU 14: You are taking sensible steps, and you can adjust with kindness.",PREMISE,TRUE
A,3,8,Spacing effort protects energy and reduces stress; short sessions and naps help recovery,PREMISE,14,8,"ADU 1: You handled a lot this week, Kim, and that shows steadiness and care
ADU 2: I picture you potting seedlings and later sitting with a cup of tea on the porch
ADU 3: Those small efforts matter
ADU 4: Next week, try alternating active and restful days, keeping calls with your children and reading days as priorities
ADU 5: They give connection and calm
ADU 6: Include the handicraft circle once or twice
ADU 7: Gentle social time lifts mood without heavy exertion
ADU 8 [TARGET]: Spacing effort protects energy and reduces stress; short sessions and naps help recovery
ADU 9: It may not be fully sufficient if your fatigue is high
ADU 10: Watch signs of tiredness and shorten sessions when needed
ADU 11: If social calls or long gardening sessions tire you, shorten them or substitute a quiet walk
ADU 12: A simple plan could be: garden one day, call or read the next, then walk, then handicraft
ADU 13: Build in one full quiet recovery block midweek with no plans
ADU 14: You are taking sensible steps, and you can adjust with kindness.",PREMISE,TRUE
A,3,9,It may not be fully sufficient if your fatigue is high,PREMISE,14,9,"ADU 1: You handled a lot this week, Kim, and that shows steadiness and care
ADU 2: I picture you potting seedlings and later sitting with a cup of tea on the porch
ADU 3: Those small efforts matter
ADU 4: Next week, try alternating active and restful days, keeping calls with your children and reading days as priorities
ADU 5: They give connection and calm
ADU 6: Include the handicraft circle once or twice
ADU 7: Gentle social time lifts mood without heavy exertion
ADU 8: Spacing effort protects energy and reduces stress; short sessions and naps help recovery
ADU 9 [TARGET]: It may not be fully sufficient if your fatigue is high
ADU 10: Watch signs of tiredness and shorten sessions when needed
ADU 11: If social calls or long gardening sessions tire you, shorten them or substitute a quiet walk
ADU 12: A simple plan could be: garden one day, call or read the next, then walk, then handicraft
ADU 13: Build in one full quiet recovery block midweek with no plans
ADU 14: You are taking sensible steps, and you can adjust with kindness.",PREMISE,TRUE
A,3,10,Watch signs of tiredness and shorten sessions when needed,CLAIM,14,10,"ADU 1: You handled a lot this week, Kim, and that shows steadiness and care
ADU 2: I picture you potting seedlings and later sitting with a cup of tea on the porch
ADU 3: Those small efforts matter
ADU 4: Next week, try alternating active and restful days, keeping calls with your children and reading days as priorities
ADU 5: They give connection and calm
ADU 6: Include the handicraft circle once or twice
ADU 7: Gentle social time lifts mood without heavy exertion
ADU 8: Spacing effort protects energy and reduces stress; short sessions and naps help recovery
ADU 9: It may not be fully sufficient if your fatigue is high
ADU 10 [TARGET]: Watch signs of tiredness and shorten sessions when needed
ADU 11: If social calls or long gardening sessions tire you, shorten them or substitute a quiet walk
ADU 12: A simple plan could be: garden one day, call or read the next, then walk, then handicraft
ADU 13: Build in one full quiet recovery block midweek with no plans
ADU 14: You are taking sensible steps, and you can adjust with kindness.",CLAIM,TRUE
A,3,11,"If social calls or long gardening sessions tire you, shorten them or substitute a quiet walk",CLAIM,14,11,"ADU 1: You handled a lot this week, Kim, and that shows steadiness and care
ADU 2: I picture you potting seedlings and later sitting with a cup of tea on the porch
ADU 3: Those small efforts matter
ADU 4: Next week, try alternating active and restful days, keeping calls with your children and reading days as priorities
ADU 5: They give connection and calm
ADU 6: Include the handicraft circle once or twice
ADU 7: Gentle social time lifts mood without heavy exertion
ADU 8: Spacing effort protects energy and reduces stress; short sessions and naps help recovery
ADU 9: It may not be fully sufficient if your fatigue is high
ADU 10: Watch signs of tiredness and shorten sessions when needed
ADU 11 [TARGET]: If social calls or long gardening sessions tire you, shorten them or substitute a quiet walk
ADU 12: A simple plan could be: garden one day, call or read the next, then walk, then handicraft
ADU 13: Build in one full quiet recovery block midweek with no plans
ADU 14: You are taking sensible steps, and you can adjust with kindness.",CLAIM,TRUE
A,3,12,"A simple plan could be: garden one day, call or read the next, then walk, then handicraft",CLAIM,14,12,"ADU 1: You handled a lot this week, Kim, and that shows steadiness and care
ADU 2: I picture you potting seedlings and later sitting with a cup of tea on the porch
ADU 3: Those small efforts matter
ADU 4: Next week, try alternating active and restful days, keeping calls with your children and reading days as priorities
ADU 5: They give connection and calm
ADU 6: Include the handicraft circle once or twice
ADU 7: Gentle social time lifts mood without heavy exertion
ADU 8: Spacing effort protects energy and reduces stress; short sessions and naps help recovery
ADU 9: It may not be fully sufficient if your fatigue is high
ADU 10: Watch signs of tiredness and shorten sessions when needed
ADU 11: If social calls or long gardening sessions tire you, shorten them or substitute a quiet walk
ADU 12 [TARGET]: A simple plan could be: garden one day, call or read the next, then walk, then handicraft
ADU 13: Build in one full quiet recovery block midweek with no plans
ADU 14: You are taking sensible steps, and you can adjust with kindness.",CLAIM,TRUE
A,3,13,Build in one full quiet recovery block midweek with no plans,CLAIM,14,13,"ADU 1: You handled a lot this week, Kim, and that shows steadiness and care
ADU 2: I picture you potting seedlings and later sitting with a cup of tea on the porch
ADU 3: Those small efforts matter
ADU 4: Next week, try alternating active and restful days, keeping calls with your children and reading days as priorities
ADU 5: They give connection and calm
ADU 6: Include the handicraft circle once or twice
ADU 7: Gentle social time lifts mood without heavy exertion
ADU 8: Spacing effort protects energy and reduces stress; short sessions and naps help recovery
ADU 9: It may not be fully sufficient if your fatigue is high
ADU 10: Watch signs of tiredness and shorten sessions when needed
ADU 11: If social calls or long gardening sessions tire you, shorten them or substitute a quiet walk
ADU 12: A simple plan could be: garden one day, call or read the next, then walk, then handicraft
ADU 13 [TARGET]: Build in one full quiet recovery block midweek with no plans
ADU 14: You are taking sensible steps, and you can adjust with kindness.",CLAIM,TRUE
A,3,14,"You are taking sensible steps, and you can adjust with kindness.",NONE,14,14,"ADU 1: You handled a lot this week, Kim, and that shows steadiness and care
ADU 2: I picture you potting seedlings and later sitting with a cup of tea on the porch
ADU 3: Those small efforts matter
ADU 4: Next week, try alternating active and restful days, keeping calls with your children and reading days as priorities
ADU 5: They give connection and calm
ADU 6: Include the handicraft circle once or twice
ADU 7: Gentle social time lifts mood without heavy exertion
ADU 8: Spacing effort protects energy and reduces stress; short sessions and naps help recovery
ADU 9: It may not be fully sufficient if your fatigue is high
ADU 10: Watch signs of tiredness and shorten sessions when needed
ADU 11: If social calls or long gardening sessions tire you, shorten them or substitute a quiet walk
ADU 12: A simple plan could be: garden one day, call or read the next, then walk, then handicraft
ADU 13: Build in one full quiet recovery block midweek with no plans
ADU 14 [TARGET]: You are taking sensible steps, and you can adjust with kindness.",CLAIM,FALSE
A,4,1,You did well this week tending your garden and reading the news,NONE,15,1,"ADU 1 [TARGET]: You did well this week tending your garden and reading the news
ADU 2: I saw you pause on the bench with your cup in the afternoon
ADU 3: You kept social contact and quiet time, despite feeling tired
ADU 4: Next week, aim for a lighter routine and check your energy regularly
ADU 5: Call your children once midweek
ADU 6: That connection matters and lifts your mood
ADU 7: Read or watch news and a book
ADU 8: They calm you and reduce rumination
ADU 9: Take a short walk or meet a friend twice for movement and fresh air
ADU 10: Try the handicraft circle once as a gentle social slot, if it feels appealing
ADU 11: Alternating days can help; rest links to less stress
ADU 12: Watch fatigue and shorten sessions
ADU 13: Plan three activity blocks across the week, with one quiet recovery block
ADU 14: Start Monday with gardening or reading, then pace yourself gently each day
ADU 15: If alternating days feels strict, mix shorter activities into the same day.",CLAIM,FALSE
A,4,2,I saw you pause on the bench with your cup in the afternoon,PREMISE,15,2,"ADU 1: You did well this week tending your garden and reading the news
ADU 2 [TARGET]: I saw you pause on the bench with your cup in the afternoon
ADU 3: You kept social contact and quiet time, despite feeling tired
ADU 4: Next week, aim for a lighter routine and check your energy regularly
ADU 5: Call your children once midweek
ADU 6: That connection matters and lifts your mood
ADU 7: Read or watch news and a book
ADU 8: They calm you and reduce rumination
ADU 9: Take a short walk or meet a friend twice for movement and fresh air
ADU 10: Try the handicraft circle once as a gentle social slot, if it feels appealing
ADU 11: Alternating days can help; rest links to less stress
ADU 12: Watch fatigue and shorten sessions
ADU 13: Plan three activity blocks across the week, with one quiet recovery block
ADU 14: Start Monday with gardening or reading, then pace yourself gently each day
ADU 15: If alternating days feels strict, mix shorter activities into the same day.",NONE,FALSE
A,4,3,"You kept social contact and quiet time, despite feeling tired",NONE,15,3,"ADU 1: You did well this week tending your garden and reading the news
ADU 2: I saw you pause on the bench with your cup in the afternoon
ADU 3 [TARGET]: You kept social contact and quiet time, despite feeling tired
ADU 4: Next week, aim for a lighter routine and check your energy regularly
ADU 5: Call your children once midweek
ADU 6: That connection matters and lifts your mood
ADU 7: Read or watch news and a book
ADU 8: They calm you and reduce rumination
ADU 9: Take a short walk or meet a friend twice for movement and fresh air
ADU 10: Try the handicraft circle once as a gentle social slot, if it feels appealing
ADU 11: Alternating days can help; rest links to less stress
ADU 12: Watch fatigue and shorten sessions
ADU 13: Plan three activity blocks across the week, with one quiet recovery block
ADU 14: Start Monday with gardening or reading, then pace yourself gently each day
ADU 15: If alternating days feels strict, mix shorter activities into the same day.",PREMISE,FALSE
A,4,4,"Next week, aim for a lighter routine and check your energy regularly",CLAIM,15,4,"ADU 1: You did well this week tending your garden and reading the news
ADU 2: I saw you pause on the bench with your cup in the afternoon
ADU 3: You kept social contact and quiet time, despite feeling tired
ADU 4 [TARGET]: Next week, aim for a lighter routine and check your energy regularly
ADU 5: Call your children once midweek
ADU 6: That connection matters and lifts your mood
ADU 7: Read or watch news and a book
ADU 8: They calm you and reduce rumination
ADU 9: Take a short walk or meet a friend twice for movement and fresh air
ADU 10: Try the handicraft circle once as a gentle social slot, if it feels appealing
ADU 11: Alternating days can help; rest links to less stress
ADU 12: Watch fatigue and shorten sessions
ADU 13: Plan three activity blocks across the week, with one quiet recovery block
ADU 14: Start Monday with gardening or reading, then pace yourself gently each day
ADU 15: If alternating days feels strict, mix shorter activities into the same day.",CLAIM,TRUE
A,4,5,Call your children once midweek,CLAIM,15,5,"ADU 1: You did well this week tending your garden and reading the news
ADU 2: I saw you pause on the bench with your cup in the afternoon
ADU 3: You kept social contact and quiet time, despite feeling tired
ADU 4: Next week, aim for a lighter routine and check your energy regularly
ADU 5 [TARGET]: Call your children once midweek
ADU 6: That connection matters and lifts your mood
ADU 7: Read or watch news and a book
ADU 8: They calm you and reduce rumination
ADU 9: Take a short walk or meet a friend twice for movement and fresh air
ADU 10: Try the handicraft circle once as a gentle social slot, if it feels appealing
ADU 11: Alternating days can help; rest links to less stress
ADU 12: Watch fatigue and shorten sessions
ADU 13: Plan three activity blocks across the week, with one quiet recovery block
ADU 14: Start Monday with gardening or reading, then pace yourself gently each day
ADU 15: If alternating days feels strict, mix shorter activities into the same day.",CLAIM,TRUE
A,4,6,That connection matters and lifts your mood,PREMISE,15,6,"ADU 1: You did well this week tending your garden and reading the news
ADU 2: I saw you pause on the bench with your cup in the afternoon
ADU 3: You kept social contact and quiet time, despite feeling tired
ADU 4: Next week, aim for a lighter routine and check your energy regularly
ADU 5: Call your children once midweek
ADU 6 [TARGET]: That connection matters and lifts your mood
ADU 7: Read or watch news and a book
ADU 8: They calm you and reduce rumination
ADU 9: Take a short walk or meet a friend twice for movement and fresh air
ADU 10: Try the handicraft circle once as a gentle social slot, if it feels appealing
ADU 11: Alternating days can help; rest links to less stress
ADU 12: Watch fatigue and shorten sessions
ADU 13: Plan three activity blocks across the week, with one quiet recovery block
ADU 14: Start Monday with gardening or reading, then pace yourself gently each day
ADU 15: If alternating days feels strict, mix shorter activities into the same day.",PREMISE,TRUE
A,4,7,Read or watch news and a book,CLAIM,15,7,"ADU 1: You did well this week tending your garden and reading the news
ADU 2: I saw you pause on the bench with your cup in the afternoon
ADU 3: You kept social contact and quiet time, despite feeling tired
ADU 4: Next week, aim for a lighter routine and check your energy regularly
ADU 5: Call your children once midweek
ADU 6: That connection matters and lifts your mood
ADU 7 [TARGET]: Read or watch news and a book
ADU 8: They calm you and reduce rumination
ADU 9: Take a short walk or meet a friend twice for movement and fresh air
ADU 10: Try the handicraft circle once as a gentle social slot, if it feels appealing
ADU 11: Alternating days can help; rest links to less stress
ADU 12: Watch fatigue and shorten sessions
ADU 13: Plan three activity blocks across the week, with one quiet recovery block
ADU 14: Start Monday with gardening or reading, then pace yourself gently each day
ADU 15: If alternating days feels strict, mix shorter activities into the same day.",CLAIM,TRUE
A,4,8,They calm you and reduce rumination,PREMISE,15,8,"ADU 1: You did well this week tending your garden and reading the news
ADU 2: I saw you pause on the bench with your cup in the afternoon
ADU 3: You kept social contact and quiet time, despite feeling tired
ADU 4: Next week, aim for a lighter routine and check your energy regularly
ADU 5: Call your children once midweek
ADU 6: That connection matters and lifts your mood
ADU 7: Read or watch news and a book
ADU 8 [TARGET]: They calm you and reduce rumination
ADU 9: Take a short walk or meet a friend twice for movement and fresh air
ADU 10: Try the handicraft circle once as a gentle social slot, if it feels appealing
ADU 11: Alternating days can help; rest links to less stress
ADU 12: Watch fatigue and shorten sessions
ADU 13: Plan three activity blocks across the week, with one quiet recovery block
ADU 14: Start Monday with gardening or reading, then pace yourself gently each day
ADU 15: If alternating days feels strict, mix shorter activities into the same day.",PREMISE,TRUE
A,4,9,Take a short walk or meet a friend twice for movement and fresh air,CLAIM,15,9,"ADU 1: You did well this week tending your garden and reading the news
ADU 2: I saw you pause on the bench with your cup in the afternoon
ADU 3: You kept social contact and quiet time, despite feeling tired
ADU 4: Next week, aim for a lighter routine and check your energy regularly
ADU 5: Call your children once midweek
ADU 6: That connection matters and lifts your mood
ADU 7: Read or watch news and a book
ADU 8: They calm you and reduce rumination
ADU 9 [TARGET]: Take a short walk or meet a friend twice for movement and fresh air
ADU 10: Try the handicraft circle once as a gentle social slot, if it feels appealing
ADU 11: Alternating days can help; rest links to less stress
ADU 12: Watch fatigue and shorten sessions
ADU 13: Plan three activity blocks across the week, with one quiet recovery block
ADU 14: Start Monday with gardening or reading, then pace yourself gently each day
ADU 15: If alternating days feels strict, mix shorter activities into the same day.",CLAIM,TRUE
A,4,10,"Try the handicraft circle once as a gentle social slot, if it feels appealing",CLAIM,15,10,"ADU 1: You did well this week tending your garden and reading the news
ADU 2: I saw you pause on the bench with your cup in the afternoon
ADU 3: You kept social contact and quiet time, despite feeling tired
ADU 4: Next week, aim for a lighter routine and check your energy regularly
ADU 5: Call your children once midweek
ADU 6: That connection matters and lifts your mood
ADU 7: Read or watch news and a book
ADU 8: They calm you and reduce rumination
ADU 9: Take a short walk or meet a friend twice for movement and fresh air
ADU 10 [TARGET]: Try the handicraft circle once as a gentle social slot, if it feels appealing
ADU 11: Alternating days can help; rest links to less stress
ADU 12: Watch fatigue and shorten sessions
ADU 13: Plan three activity blocks across the week, with one quiet recovery block
ADU 14: Start Monday with gardening or reading, then pace yourself gently each day
ADU 15: If alternating days feels strict, mix shorter activities into the same day.",CLAIM,TRUE
A,4,11,Alternating days can help; rest links to less stress,PREMISE,15,11,"ADU 1: You did well this week tending your garden and reading the news
ADU 2: I saw you pause on the bench with your cup in the afternoon
ADU 3: You kept social contact and quiet time, despite feeling tired
ADU 4: Next week, aim for a lighter routine and check your energy regularly
ADU 5: Call your children once midweek
ADU 6: That connection matters and lifts your mood
ADU 7: Read or watch news and a book
ADU 8: They calm you and reduce rumination
ADU 9: Take a short walk or meet a friend twice for movement and fresh air
ADU 10: Try the handicraft circle once as a gentle social slot, if it feels appealing
ADU 11 [TARGET]: Alternating days can help; rest links to less stress
ADU 12: Watch fatigue and shorten sessions
ADU 13: Plan three activity blocks across the week, with one quiet recovery block
ADU 14: Start Monday with gardening or reading, then pace yourself gently each day
ADU 15: If alternating days feels strict, mix shorter activities into the same day.",CLAIM,FALSE
A,4,12,Watch fatigue and shorten sessions,CLAIM,15,12,"ADU 1: You did well this week tending your garden and reading the news
ADU 2: I saw you pause on the bench with your cup in the afternoon
ADU 3: You kept social contact and quiet time, despite feeling tired
ADU 4: Next week, aim for a lighter routine and check your energy regularly
ADU 5: Call your children once midweek
ADU 6: That connection matters and lifts your mood
ADU 7: Read or watch news and a book
ADU 8: They calm you and reduce rumination
ADU 9: Take a short walk or meet a friend twice for movement and fresh air
ADU 10: Try the handicraft circle once as a gentle social slot, if it feels appealing
ADU 11: Alternating days can help; rest links to less stress
ADU 12 [TARGET]: Watch fatigue and shorten sessions
ADU 13: Plan three activity blocks across the week, with one quiet recovery block
ADU 14: Start Monday with gardening or reading, then pace yourself gently each day
ADU 15: If alternating days feels strict, mix shorter activities into the same day.",CLAIM,TRUE
A,4,13,"Plan three activity blocks across the week, with one quiet recovery block",CLAIM,15,13,"ADU 1: You did well this week tending your garden and reading the news
ADU 2: I saw you pause on the bench with your cup in the afternoon
ADU 3: You kept social contact and quiet time, despite feeling tired
ADU 4: Next week, aim for a lighter routine and check your energy regularly
ADU 5: Call your children once midweek
ADU 6: That connection matters and lifts your mood
ADU 7: Read or watch news and a book
ADU 8: They calm you and reduce rumination
ADU 9: Take a short walk or meet a friend twice for movement and fresh air
ADU 10: Try the handicraft circle once as a gentle social slot, if it feels appealing
ADU 11: Alternating days can help; rest links to less stress
ADU 12: Watch fatigue and shorten sessions
ADU 13 [TARGET]: Plan three activity blocks across the week, with one quiet recovery block
ADU 14: Start Monday with gardening or reading, then pace yourself gently each day
ADU 15: If alternating days feels strict, mix shorter activities into the same day.",CLAIM,TRUE
A,4,14,"Start Monday with gardening or reading, then pace yourself gently each day",CLAIM,15,14,"ADU 1: You did well this week tending your garden and reading the news
ADU 2: I saw you pause on the bench with your cup in the afternoon
ADU 3: You kept social contact and quiet time, despite feeling tired
ADU 4: Next week, aim for a lighter routine and check your energy regularly
ADU 5: Call your children once midweek
ADU 6: That connection matters and lifts your mood
ADU 7: Read or watch news and a book
ADU 8: They calm you and reduce rumination
ADU 9: Take a short walk or meet a friend twice for movement and fresh air
ADU 10: Try the handicraft circle once as a gentle social slot, if it feels appealing
ADU 11: Alternating days can help; rest links to less stress
ADU 12: Watch fatigue and shorten sessions
ADU 13: Plan three activity blocks across the week, with one quiet recovery block
ADU 14 [TARGET]: Start Monday with gardening or reading, then pace yourself gently each day
ADU 15: If alternating days feels strict, mix shorter activities into the same day.",CLAIM,TRUE
A,4,15,"If alternating days feels strict, mix shorter activities into the same day.",CLAIM,15,15,"ADU 1: You did well this week tending your garden and reading the news
ADU 2: I saw you pause on the bench with your cup in the afternoon
ADU 3: You kept social contact and quiet time, despite feeling tired
ADU 4: Next week, aim for a lighter routine and check your energy regularly
ADU 5: Call your children once midweek
ADU 6: That connection matters and lifts your mood
ADU 7: Read or watch news and a book
ADU 8: They calm you and reduce rumination
ADU 9: Take a short walk or meet a friend twice for movement and fresh air
ADU 10: Try the handicraft circle once as a gentle social slot, if it feels appealing
ADU 11: Alternating days can help; rest links to less stress
ADU 12: Watch fatigue and shorten sessions
ADU 13: Plan three activity blocks across the week, with one quiet recovery block
ADU 14: Start Monday with gardening or reading, then pace yourself gently each day
ADU 15 [TARGET]: If alternating days feels strict, mix shorter activities into the same day.",CLAIM,TRUE
A,5,1,"You did a lot this week, and that matters",NONE,11,1,"ADU 1 [TARGET]: You did a lot this week, and that matters
ADU 2: You watered your garden while the morning light warmed your hands and you smelled very fresh soil
ADU 3: You also took a slow walk and paused to notice birds
ADU 4: Your records show gardening, walks, the handicraft circle, calls, and quiet reading
ADU 5: The record says many activities happened once a week, and some happened more often during the week
ADU 6: You called your children once, and you rated that call very important
ADU 7: Reading and catching up on the news happened several times and helped you stay informed
ADU 8: Walks and the handicraft circle gave steady social and physical care
ADU 9: Relaxing with TV or a movie gave you rest and simple enjoyment after busy days
ADU 10: Taken together, these moments make it indeed plausible you did something important last week
ADU 11: The records are in a good position to know, and they match what you remember.",CLAIM,FALSE
A,5,2,You watered your garden while the morning light warmed your hands and you smelled very fresh soil,PREMISE,11,2,"ADU 1: You did a lot this week, and that matters
ADU 2 [TARGET]: You watered your garden while the morning light warmed your hands and you smelled very fresh soil
ADU 3: You also took a slow walk and paused to notice birds
ADU 4: Your records show gardening, walks, the handicraft circle, calls, and quiet reading
ADU 5: The record says many activities happened once a week, and some happened more often during the week
ADU 6: You called your children once, and you rated that call very important
ADU 7: Reading and catching up on the news happened several times and helped you stay informed
ADU 8: Walks and the handicraft circle gave steady social and physical care
ADU 9: Relaxing with TV or a movie gave you rest and simple enjoyment after busy days
ADU 10: Taken together, these moments make it indeed plausible you did something important last week
ADU 11: The records are in a good position to know, and they match what you remember.",NONE,FALSE
A,5,3,You also took a slow walk and paused to notice birds,PREMISE,11,3,"ADU 1: You did a lot this week, and that matters
ADU 2: You watered your garden while the morning light warmed your hands and you smelled very fresh soil
ADU 3 [TARGET]: You also took a slow walk and paused to notice birds
ADU 4: Your records show gardening, walks, the handicraft circle, calls, and quiet reading
ADU 5: The record says many activities happened once a week, and some happened more often during the week
ADU 6: You called your children once, and you rated that call very important
ADU 7: Reading and catching up on the news happened several times and helped you stay informed
ADU 8: Walks and the handicraft circle gave steady social and physical care
ADU 9: Relaxing with TV or a movie gave you rest and simple enjoyment after busy days
ADU 10: Taken together, these moments make it indeed plausible you did something important last week
ADU 11: The records are in a good position to know, and they match what you remember.",NONE,FALSE
A,5,4,"Your records show gardening, walks, the handicraft circle, calls, and quiet reading",PREMISE,11,4,"ADU 1: You did a lot this week, and that matters
ADU 2: You watered your garden while the morning light warmed your hands and you smelled very fresh soil
ADU 3: You also took a slow walk and paused to notice birds
ADU 4 [TARGET]: Your records show gardening, walks, the handicraft circle, calls, and quiet reading
ADU 5: The record says many activities happened once a week, and some happened more often during the week
ADU 6: You called your children once, and you rated that call very important
ADU 7: Reading and catching up on the news happened several times and helped you stay informed
ADU 8: Walks and the handicraft circle gave steady social and physical care
ADU 9: Relaxing with TV or a movie gave you rest and simple enjoyment after busy days
ADU 10: Taken together, these moments make it indeed plausible you did something important last week
ADU 11: The records are in a good position to know, and they match what you remember.",PREMISE,TRUE
A,5,5,"The record says many activities happened once a week, and some happened more often during the week",PREMISE,11,5,"ADU 1: You did a lot this week, and that matters
ADU 2: You watered your garden while the morning light warmed your hands and you smelled very fresh soil
ADU 3: You also took a slow walk and paused to notice birds
ADU 4: Your records show gardening, walks, the handicraft circle, calls, and quiet reading
ADU 5 [TARGET]: The record says many activities happened once a week, and some happened more often during the week
ADU 6: You called your children once, and you rated that call very important
ADU 7: Reading and catching up on the news happened several times and helped you stay informed
ADU 8: Walks and the handicraft circle gave steady social and physical care
ADU 9: Relaxing with TV or a movie gave you rest and simple enjoyment after busy days
ADU 10: Taken together, these moments make it indeed plausible you did something important last week
ADU 11: The records are in a good position to know, and they match what you remember.",PREMISE,TRUE
A,5,6,"You called your children once, and you rated that call very important",PREMISE,11,6,"ADU 1: You did a lot this week, and that matters
ADU 2: You watered your garden while the morning light warmed your hands and you smelled very fresh soil
ADU 3: You also took a slow walk and paused to notice birds
ADU 4: Your records show gardening, walks, the handicraft circle, calls, and quiet reading
ADU 5: The record says many activities happened once a week, and some happened more often during the week
ADU 6 [TARGET]: You called your children once, and you rated that call very important
ADU 7: Reading and catching up on the news happened several times and helped you stay informed
ADU 8: Walks and the handicraft circle gave steady social and physical care
ADU 9: Relaxing with TV or a movie gave you rest and simple enjoyment after busy days
ADU 10: Taken together, these moments make it indeed plausible you did something important last week
ADU 11: The records are in a good position to know, and they match what you remember.",PREMISE,TRUE
A,5,7,Reading and catching up on the news happened several times and helped you stay informed,PREMISE,11,7,"ADU 1: You did a lot this week, and that matters
ADU 2: You watered your garden while the morning light warmed your hands and you smelled very fresh soil
ADU 3: You also took a slow walk and paused to notice birds
ADU 4: Your records show gardening, walks, the handicraft circle, calls, and quiet reading
ADU 5: The record says many activities happened once a week, and some happened more often during the week
ADU 6: You called your children once, and you rated that call very important
ADU 7 [TARGET]: Reading and catching up on the news happened several times and helped you stay informed
ADU 8: Walks and the handicraft circle gave steady social and physical care
ADU 9: Relaxing with TV or a movie gave you rest and simple enjoyment after busy days
ADU 10: Taken together, these moments make it indeed plausible you did something important last week
ADU 11: The records are in a good position to know, and they match what you remember.",PREMISE,TRUE
A,5,8,Walks and the handicraft circle gave steady social and physical care,PREMISE,11,8,"ADU 1: You did a lot this week, and that matters
ADU 2: You watered your garden while the morning light warmed your hands and you smelled very fresh soil
ADU 3: You also took a slow walk and paused to notice birds
ADU 4: Your records show gardening, walks, the handicraft circle, calls, and quiet reading
ADU 5: The record says many activities happened once a week, and some happened more often during the week
ADU 6: You called your children once, and you rated that call very important
ADU 7: Reading and catching up on the news happened several times and helped you stay informed
ADU 8 [TARGET]: Walks and the handicraft circle gave steady social and physical care
ADU 9: Relaxing with TV or a movie gave you rest and simple enjoyment after busy days
ADU 10: Taken together, these moments make it indeed plausible you did something important last week
ADU 11: The records are in a good position to know, and they match what you remember.",PREMISE,TRUE
A,5,9,Relaxing with TV or a movie gave you rest and simple enjoyment after busy days,PREMISE,11,9,"ADU 1: You did a lot this week, and that matters
ADU 2: You watered your garden while the morning light warmed your hands and you smelled very fresh soil
ADU 3: You also took a slow walk and paused to notice birds
ADU 4: Your records show gardening, walks, the handicraft circle, calls, and quiet reading
ADU 5: The record says many activities happened once a week, and some happened more often during the week
ADU 6: You called your children once, and you rated that call very important
ADU 7: Reading and catching up on the news happened several times and helped you stay informed
ADU 8: Walks and the handicraft circle gave steady social and physical care
ADU 9 [TARGET]: Relaxing with TV or a movie gave you rest and simple enjoyment after busy days
ADU 10: Taken together, these moments make it indeed plausible you did something important last week
ADU 11: The records are in a good position to know, and they match what you remember.",PREMISE,TRUE
A,5,10,"Taken together, these moments make it indeed plausible you did something important last week",CLAIM,11,10,"ADU 1: You did a lot this week, and that matters
ADU 2: You watered your garden while the morning light warmed your hands and you smelled very fresh soil
ADU 3: You also took a slow walk and paused to notice birds
ADU 4: Your records show gardening, walks, the handicraft circle, calls, and quiet reading
ADU 5: The record says many activities happened once a week, and some happened more often during the week
ADU 6: You called your children once, and you rated that call very important
ADU 7: Reading and catching up on the news happened several times and helped you stay informed
ADU 8: Walks and the handicraft circle gave steady social and physical care
ADU 9: Relaxing with TV or a movie gave you rest and simple enjoyment after busy days
ADU 10 [TARGET]: Taken together, these moments make it indeed plausible you did something important last week
ADU 11: The records are in a good position to know, and they match what you remember.",CLAIM,TRUE
A,5,11,"The records are in a good position to know, and they match what you remember.",PREMISE,11,11,"ADU 1: You did a lot this week, and that matters
ADU 2: You watered your garden while the morning light warmed your hands and you smelled very fresh soil
ADU 3: You also took a slow walk and paused to notice birds
ADU 4: Your records show gardening, walks, the handicraft circle, calls, and quiet reading
ADU 5: The record says many activities happened once a week, and some happened more often during the week
ADU 6: You called your children once, and you rated that call very important
ADU 7: Reading and catching up on the news happened several times and helped you stay informed
ADU 8: Walks and the handicraft circle gave steady social and physical care
ADU 9: Relaxing with TV or a movie gave you rest and simple enjoyment after busy days
ADU 10: Taken together, these moments make it indeed plausible you did something important last week
ADU 11 [TARGET]: The records are in a good position to know, and they match what you remember.",PREMISE,TRUE
A,6,1,"You did more than you realize this week, Kim",NONE,12,1,"ADU 1 [TARGET]: You did more than you realize this week, Kim
ADU 2: You watered the roses and paused to enjoy their scent
ADU 3: You also took a gentle walk and said hello to a neighbor
ADU 4: Your activity records reliably show these events happened once this week
ADU 5: You called your children; you rated that activity importance five stars
ADU 6: You spent quiet time reading news and books, rated importance four
ADU 7: You also joined a handicraft circle once during the week with friends
ADU 8: The records are consistent and show no clear contradiction
ADU 9: Therefore, it is plausible that you did something important last week
ADU 10: You can notice that caring calls, quiet reading, walks, gardening, and your handicraft time all added value to others and yourself, showing presence, connection, and steady kindness across the week
ADU 11: This pattern matters
ADU 12: Those steady small actions build relationships, calm, and personal meaning even when they feel ordinary, and they remind you of the values you live by each day",CLAIM,FALSE
A,6,2,You watered the roses and paused to enjoy their scent,PREMISE,12,2,"ADU 1: You did more than you realize this week, Kim
ADU 2 [TARGET]: You watered the roses and paused to enjoy their scent
ADU 3: You also took a gentle walk and said hello to a neighbor
ADU 4: Your activity records reliably show these events happened once this week
ADU 5: You called your children; you rated that activity importance five stars
ADU 6: You spent quiet time reading news and books, rated importance four
ADU 7: You also joined a handicraft circle once during the week with friends
ADU 8: The records are consistent and show no clear contradiction
ADU 9: Therefore, it is plausible that you did something important last week
ADU 10: You can notice that caring calls, quiet reading, walks, gardening, and your handicraft time all added value to others and yourself, showing presence, connection, and steady kindness across the week
ADU 11: This pattern matters
ADU 12: Those steady small actions build relationships, calm, and personal meaning even when they feel ordinary, and they remind you of the values you live by each day",NONE,FALSE
A,6,3,You also took a gentle walk and said hello to a neighbor,PREMISE,12,3,"ADU 1: You did more than you realize this week, Kim
ADU 2: You watered the roses and paused to enjoy their scent
ADU 3 [TARGET]: You also took a gentle walk and said hello to a neighbor
ADU 4: Your activity records reliably show these events happened once this week
ADU 5: You called your children; you rated that activity importance five stars
ADU 6: You spent quiet time reading news and books, rated importance four
ADU 7: You also joined a handicraft circle once during the week with friends
ADU 8: The records are consistent and show no clear contradiction
ADU 9: Therefore, it is plausible that you did something important last week
ADU 10: You can notice that caring calls, quiet reading, walks, gardening, and your handicraft time all added value to others and yourself, showing presence, connection, and steady kindness across the week
ADU 11: This pattern matters
ADU 12: Those steady small actions build relationships, calm, and personal meaning even when they feel ordinary, and they remind you of the values you live by each day",PREMISE,TRUE
A,6,4,Your activity records reliably show these events happened once this week,PREMISE,12,4,"ADU 1: You did more than you realize this week, Kim
ADU 2: You watered the roses and paused to enjoy their scent
ADU 3: You also took a gentle walk and said hello to a neighbor
ADU 4 [TARGET]: Your activity records reliably show these events happened once this week
ADU 5: You called your children; you rated that activity importance five stars
ADU 6: You spent quiet time reading news and books, rated importance four
ADU 7: You also joined a handicraft circle once during the week with friends
ADU 8: The records are consistent and show no clear contradiction
ADU 9: Therefore, it is plausible that you did something important last week
ADU 10: You can notice that caring calls, quiet reading, walks, gardening, and your handicraft time all added value to others and yourself, showing presence, connection, and steady kindness across the week
ADU 11: This pattern matters
ADU 12: Those steady small actions build relationships, calm, and personal meaning even when they feel ordinary, and they remind you of the values you live by each day",PREMISE,TRUE
A,6,5,You called your children; you rated that activity importance five stars,PREMISE,12,5,"ADU 1: You did more than you realize this week, Kim
ADU 2: You watered the roses and paused to enjoy their scent
ADU 3: You also took a gentle walk and said hello to a neighbor
ADU 4: Your activity records reliably show these events happened once this week
ADU 5 [TARGET]: You called your children; you rated that activity importance five stars
ADU 6: You spent quiet time reading news and books, rated importance four
ADU 7: You also joined a handicraft circle once during the week with friends
ADU 8: The records are consistent and show no clear contradiction
ADU 9: Therefore, it is plausible that you did something important last week
ADU 10: You can notice that caring calls, quiet reading, walks, gardening, and your handicraft time all added value to others and yourself, showing presence, connection, and steady kindness across the week
ADU 11: This pattern matters
ADU 12: Those steady small actions build relationships, calm, and personal meaning even when they feel ordinary, and they remind you of the values you live by each day",PREMISE,TRUE
A,6,6,"You spent quiet time reading news and books, rated importance four",PREMISE,12,6,"ADU 1: You did more than you realize this week, Kim
ADU 2: You watered the roses and paused to enjoy their scent
ADU 3: You also took a gentle walk and said hello to a neighbor
ADU 4: Your activity records reliably show these events happened once this week
ADU 5: You called your children; you rated that activity importance five stars
ADU 6 [TARGET]: You spent quiet time reading news and books, rated importance four
ADU 7: You also joined a handicraft circle once during the week with friends
ADU 8: The records are consistent and show no clear contradiction
ADU 9: Therefore, it is plausible that you did something important last week
ADU 10: You can notice that caring calls, quiet reading, walks, gardening, and your handicraft time all added value to others and yourself, showing presence, connection, and steady kindness across the week
ADU 11: This pattern matters
ADU 12: Those steady small actions build relationships, calm, and personal meaning even when they feel ordinary, and they remind you of the values you live by each day",PREMISE,TRUE
A,6,7,You also joined a handicraft circle once during the week with friends,PREMISE,12,7,"ADU 1: You did more than you realize this week, Kim
ADU 2: You watered the roses and paused to enjoy their scent
ADU 3: You also took a gentle walk and said hello to a neighbor
ADU 4: Your activity records reliably show these events happened once this week
ADU 5: You called your children; you rated that activity importance five stars
ADU 6: You spent quiet time reading news and books, rated importance four
ADU 7 [TARGET]: You also joined a handicraft circle once during the week with friends
ADU 8: The records are consistent and show no clear contradiction
ADU 9: Therefore, it is plausible that you did something important last week
ADU 10: You can notice that caring calls, quiet reading, walks, gardening, and your handicraft time all added value to others and yourself, showing presence, connection, and steady kindness across the week
ADU 11: This pattern matters
ADU 12: Those steady small actions build relationships, calm, and personal meaning even when they feel ordinary, and they remind you of the values you live by each day",PREMISE,TRUE
A,6,8,The records are consistent and show no clear contradiction,PREMISE,12,8,"ADU 1: You did more than you realize this week, Kim
ADU 2: You watered the roses and paused to enjoy their scent
ADU 3: You also took a gentle walk and said hello to a neighbor
ADU 4: Your activity records reliably show these events happened once this week
ADU 5: You called your children; you rated that activity importance five stars
ADU 6: You spent quiet time reading news and books, rated importance four
ADU 7: You also joined a handicraft circle once during the week with friends
ADU 8 [TARGET]: The records are consistent and show no clear contradiction
ADU 9: Therefore, it is plausible that you did something important last week
ADU 10: You can notice that caring calls, quiet reading, walks, gardening, and your handicraft time all added value to others and yourself, showing presence, connection, and steady kindness across the week
ADU 11: This pattern matters
ADU 12: Those steady small actions build relationships, calm, and personal meaning even when they feel ordinary, and they remind you of the values you live by each day",PREMISE,TRUE
A,6,9,"Therefore, it is plausible that you did something important last week",CLAIM,12,9,"ADU 1: You did more than you realize this week, Kim
ADU 2: You watered the roses and paused to enjoy their scent
ADU 3: You also took a gentle walk and said hello to a neighbor
ADU 4: Your activity records reliably show these events happened once this week
ADU 5: You called your children; you rated that activity importance five stars
ADU 6: You spent quiet time reading news and books, rated importance four
ADU 7: You also joined a handicraft circle once during the week with friends
ADU 8: The records are consistent and show no clear contradiction
ADU 9 [TARGET]: Therefore, it is plausible that you did something important last week
ADU 10: You can notice that caring calls, quiet reading, walks, gardening, and your handicraft time all added value to others and yourself, showing presence, connection, and steady kindness across the week
ADU 11: This pattern matters
ADU 12: Those steady small actions build relationships, calm, and personal meaning even when they feel ordinary, and they remind you of the values you live by each day",CLAIM,TRUE
A,6,10,"You can notice that caring calls, quiet reading, walks, gardening, and your handicraft time all added value to others and yourself, showing presence, connection, and steady kindness across the week",PREMISE,12,10,"ADU 1: You did more than you realize this week, Kim
ADU 2: You watered the roses and paused to enjoy their scent
ADU 3: You also took a gentle walk and said hello to a neighbor
ADU 4: Your activity records reliably show these events happened once this week
ADU 5: You called your children; you rated that activity importance five stars
ADU 6: You spent quiet time reading news and books, rated importance four
ADU 7: You also joined a handicraft circle once during the week with friends
ADU 8: The records are consistent and show no clear contradiction
ADU 9: Therefore, it is plausible that you did something important last week
ADU 10 [TARGET]: You can notice that caring calls, quiet reading, walks, gardening, and your handicraft time all added value to others and yourself, showing presence, connection, and steady kindness across the week
ADU 11: This pattern matters
ADU 12: Those steady small actions build relationships, calm, and personal meaning even when they feel ordinary, and they remind you of the values you live by each day",CLAIM,FALSE
A,6,11,This pattern matters,CLAIM,12,11,"ADU 1: You did more than you realize this week, Kim
ADU 2: You watered the roses and paused to enjoy their scent
ADU 3: You also took a gentle walk and said hello to a neighbor
ADU 4: Your activity records reliably show these events happened once this week
ADU 5: You called your children; you rated that activity importance five stars
ADU 6: You spent quiet time reading news and books, rated importance four
ADU 7: You also joined a handicraft circle once during the week with friends
ADU 8: The records are consistent and show no clear contradiction
ADU 9: Therefore, it is plausible that you did something important last week
ADU 10: You can notice that caring calls, quiet reading, walks, gardening, and your handicraft time all added value to others and yourself, showing presence, connection, and steady kindness across the week
ADU 11 [TARGET]: This pattern matters
ADU 12: Those steady small actions build relationships, calm, and personal meaning even when they feel ordinary, and they remind you of the values you live by each day",CLAIM,TRUE
A,6,12,"Those steady small actions build relationships, calm, and personal meaning even when they feel ordinary, and they remind you of the values you live by each day",PREMISE,12,12,"ADU 1: You did more than you realize this week, Kim
ADU 2: You watered the roses and paused to enjoy their scent
ADU 3: You also took a gentle walk and said hello to a neighbor
ADU 4: Your activity records reliably show these events happened once this week
ADU 5: You called your children; you rated that activity importance five stars
ADU 6: You spent quiet time reading news and books, rated importance four
ADU 7: You also joined a handicraft circle once during the week with friends
ADU 8: The records are consistent and show no clear contradiction
ADU 9: Therefore, it is plausible that you did something important last week
ADU 10: You can notice that caring calls, quiet reading, walks, gardening, and your handicraft time all added value to others and yourself, showing presence, connection, and steady kindness across the week
ADU 11: This pattern matters
ADU 12 [TARGET]: Those steady small actions build relationships, calm, and personal meaning even when they feel ordinary, and they remind you of the values you live by each day",CLAIM,FALSE
A,7,1,"Good work this week, Kim",NONE,11,1,"ADU 1 [TARGET]: Good work this week, Kim
ADU 2: You spent a quiet morning tending the garden, planting seedlings, pruning roses, and watering pots by hand
ADU 3: That small scene shows steady care, patience, and attention
ADU 4: You kept to activities reflecting values you hold and respect, with steady choices each week
ADU 5: Gardening, daily walks, reading news, and your handicraft circle showed creativity, calm, curiosity, and social engagement
ADU 6: The weekly call with your children was especially powerful for connection, warmth, and mutual support
ADU 7: Walks with a friend and family member supported your physical health, companionship, and mood
ADU 8: Relaxing with TV and movies felt lighter, but it helped you recover energy and unwind
ADU 9: These choices mostly promote your goals, though they do not address every possible value or need
ADU 10: This pattern shows you acted in line with your stated values, not by accident
ADU 11: It matters that you prioritized connection, creativity, learning, and rest this week.",CLAIM,FALSE
A,7,2,"You spent a quiet morning tending the garden, planting seedlings, pruning roses, and watering pots by hand",PREMISE,11,2,"ADU 1: Good work this week, Kim
ADU 2 [TARGET]: You spent a quiet morning tending the garden, planting seedlings, pruning roses, and watering pots by hand
ADU 3: That small scene shows steady care, patience, and attention
ADU 4: You kept to activities reflecting values you hold and respect, with steady choices each week
ADU 5: Gardening, daily walks, reading news, and your handicraft circle showed creativity, calm, curiosity, and social engagement
ADU 6: The weekly call with your children was especially powerful for connection, warmth, and mutual support
ADU 7: Walks with a friend and family member supported your physical health, companionship, and mood
ADU 8: Relaxing with TV and movies felt lighter, but it helped you recover energy and unwind
ADU 9: These choices mostly promote your goals, though they do not address every possible value or need
ADU 10: This pattern shows you acted in line with your stated values, not by accident
ADU 11: It matters that you prioritized connection, creativity, learning, and rest this week.",NONE,FALSE
A,7,3,"That small scene shows steady care, patience, and attention",NONE,11,3,"ADU 1: Good work this week, Kim
ADU 2: You spent a quiet morning tending the garden, planting seedlings, pruning roses, and watering pots by hand
ADU 3 [TARGET]: That small scene shows steady care, patience, and attention
ADU 4: You kept to activities reflecting values you hold and respect, with steady choices each week
ADU 5: Gardening, daily walks, reading news, and your handicraft circle showed creativity, calm, curiosity, and social engagement
ADU 6: The weekly call with your children was especially powerful for connection, warmth, and mutual support
ADU 7: Walks with a friend and family member supported your physical health, companionship, and mood
ADU 8: Relaxing with TV and movies felt lighter, but it helped you recover energy and unwind
ADU 9: These choices mostly promote your goals, though they do not address every possible value or need
ADU 10: This pattern shows you acted in line with your stated values, not by accident
ADU 11: It matters that you prioritized connection, creativity, learning, and rest this week.",CLAIM,FALSE
A,7,4,"You kept to activities reflecting values you hold and respect, with steady choices each week",NONE,11,4,"ADU 1: Good work this week, Kim
ADU 2: You spent a quiet morning tending the garden, planting seedlings, pruning roses, and watering pots by hand
ADU 3: That small scene shows steady care, patience, and attention
ADU 4 [TARGET]: You kept to activities reflecting values you hold and respect, with steady choices each week
ADU 5: Gardening, daily walks, reading news, and your handicraft circle showed creativity, calm, curiosity, and social engagement
ADU 6: The weekly call with your children was especially powerful for connection, warmth, and mutual support
ADU 7: Walks with a friend and family member supported your physical health, companionship, and mood
ADU 8: Relaxing with TV and movies felt lighter, but it helped you recover energy and unwind
ADU 9: These choices mostly promote your goals, though they do not address every possible value or need
ADU 10: This pattern shows you acted in line with your stated values, not by accident
ADU 11: It matters that you prioritized connection, creativity, learning, and rest this week.",CLAIM,FALSE
A,7,5,"Gardening, daily walks, reading news, and your handicraft circle showed creativity, calm, curiosity, and social engagement",NONE,11,5,"ADU 1: Good work this week, Kim
ADU 2: You spent a quiet morning tending the garden, planting seedlings, pruning roses, and watering pots by hand
ADU 3: That small scene shows steady care, patience, and attention
ADU 4: You kept to activities reflecting values you hold and respect, with steady choices each week
ADU 5 [TARGET]: Gardening, daily walks, reading news, and your handicraft circle showed creativity, calm, curiosity, and social engagement
ADU 6: The weekly call with your children was especially powerful for connection, warmth, and mutual support
ADU 7: Walks with a friend and family member supported your physical health, companionship, and mood
ADU 8: Relaxing with TV and movies felt lighter, but it helped you recover energy and unwind
ADU 9: These choices mostly promote your goals, though they do not address every possible value or need
ADU 10: This pattern shows you acted in line with your stated values, not by accident
ADU 11: It matters that you prioritized connection, creativity, learning, and rest this week.",PREMISE,FALSE
A,7,6,"The weekly call with your children was especially powerful for connection, warmth, and mutual support",PREMISE,11,6,"ADU 1: Good work this week, Kim
ADU 2: You spent a quiet morning tending the garden, planting seedlings, pruning roses, and watering pots by hand
ADU 3: That small scene shows steady care, patience, and attention
ADU 4: You kept to activities reflecting values you hold and respect, with steady choices each week
ADU 5: Gardening, daily walks, reading news, and your handicraft circle showed creativity, calm, curiosity, and social engagement
ADU 6 [TARGET]: The weekly call with your children was especially powerful for connection, warmth, and mutual support
ADU 7: Walks with a friend and family member supported your physical health, companionship, and mood
ADU 8: Relaxing with TV and movies felt lighter, but it helped you recover energy and unwind
ADU 9: These choices mostly promote your goals, though they do not address every possible value or need
ADU 10: This pattern shows you acted in line with your stated values, not by accident
ADU 11: It matters that you prioritized connection, creativity, learning, and rest this week.",CLAIM,FALSE
A,7,7,"Walks with a friend and family member supported your physical health, companionship, and mood",PREMISE,11,7,"ADU 1: Good work this week, Kim
ADU 2: You spent a quiet morning tending the garden, planting seedlings, pruning roses, and watering pots by hand
ADU 3: That small scene shows steady care, patience, and attention
ADU 4: You kept to activities reflecting values you hold and respect, with steady choices each week
ADU 5: Gardening, daily walks, reading news, and your handicraft circle showed creativity, calm, curiosity, and social engagement
ADU 6: The weekly call with your children was especially powerful for connection, warmth, and mutual support
ADU 7 [TARGET]: Walks with a friend and family member supported your physical health, companionship, and mood
ADU 8: Relaxing with TV and movies felt lighter, but it helped you recover energy and unwind
ADU 9: These choices mostly promote your goals, though they do not address every possible value or need
ADU 10: This pattern shows you acted in line with your stated values, not by accident
ADU 11: It matters that you prioritized connection, creativity, learning, and rest this week.",PREMISE,TRUE
A,7,8,"Relaxing with TV and movies felt lighter, but it helped you recover energy and unwind",PREMISE,11,8,"ADU 1: Good work this week, Kim
ADU 2: You spent a quiet morning tending the garden, planting seedlings, pruning roses, and watering pots by hand
ADU 3: That small scene shows steady care, patience, and attention
ADU 4: You kept to activities reflecting values you hold and respect, with steady choices each week
ADU 5: Gardening, daily walks, reading news, and your handicraft circle showed creativity, calm, curiosity, and social engagement
ADU 6: The weekly call with your children was especially powerful for connection, warmth, and mutual support
ADU 7: Walks with a friend and family member supported your physical health, companionship, and mood
ADU 8 [TARGET]: Relaxing with TV and movies felt lighter, but it helped you recover energy and unwind
ADU 9: These choices mostly promote your goals, though they do not address every possible value or need
ADU 10: This pattern shows you acted in line with your stated values, not by accident
ADU 11: It matters that you prioritized connection, creativity, learning, and rest this week.",PREMISE,TRUE
A,7,9,"These choices mostly promote your goals, though they do not address every possible value or need",PREMISE,11,9,"ADU 1: Good work this week, Kim
ADU 2: You spent a quiet morning tending the garden, planting seedlings, pruning roses, and watering pots by hand
ADU 3: That small scene shows steady care, patience, and attention
ADU 4: You kept to activities reflecting values you hold and respect, with steady choices each week
ADU 5: Gardening, daily walks, reading news, and your handicraft circle showed creativity, calm, curiosity, and social engagement
ADU 6: The weekly call with your children was especially powerful for connection, warmth, and mutual support
ADU 7: Walks with a friend and family member supported your physical health, companionship, and mood
ADU 8: Relaxing with TV and movies felt lighter, but it helped you recover energy and unwind
ADU 9 [TARGET]: These choices mostly promote your goals, though they do not address every possible value or need
ADU 10: This pattern shows you acted in line with your stated values, not by accident
ADU 11: It matters that you prioritized connection, creativity, learning, and rest this week.",CLAIM,FALSE
A,7,10,"This pattern shows you acted in line with your stated values, not by accident",CLAIM,11,10,"ADU 1: Good work this week, Kim
ADU 2: You spent a quiet morning tending the garden, planting seedlings, pruning roses, and watering pots by hand
ADU 3: That small scene shows steady care, patience, and attention
ADU 4: You kept to activities reflecting values you hold and respect, with steady choices each week
ADU 5: Gardening, daily walks, reading news, and your handicraft circle showed creativity, calm, curiosity, and social engagement
ADU 6: The weekly call with your children was especially powerful for connection, warmth, and mutual support
ADU 7: Walks with a friend and family member supported your physical health, companionship, and mood
ADU 8: Relaxing with TV and movies felt lighter, but it helped you recover energy and unwind
ADU 9: These choices mostly promote your goals, though they do not address every possible value or need
ADU 10 [TARGET]: This pattern shows you acted in line with your stated values, not by accident
ADU 11: It matters that you prioritized connection, creativity, learning, and rest this week.",CLAIM,TRUE
A,7,11,"It matters that you prioritized connection, creativity, learning, and rest this week.",NONE,11,11,"ADU 1: Good work this week, Kim
ADU 2: You spent a quiet morning tending the garden, planting seedlings, pruning roses, and watering pots by hand
ADU 3: That small scene shows steady care, patience, and attention
ADU 4: You kept to activities reflecting values you hold and respect, with steady choices each week
ADU 5: Gardening, daily walks, reading news, and your handicraft circle showed creativity, calm, curiosity, and social engagement
ADU 6: The weekly call with your children was especially powerful for connection, warmth, and mutual support
ADU 7: Walks with a friend and family member supported your physical health, companionship, and mood
ADU 8: Relaxing with TV and movies felt lighter, but it helped you recover energy and unwind
ADU 9: These choices mostly promote your goals, though they do not address every possible value or need
ADU 10: This pattern shows you acted in line with your stated values, not by accident
ADU 11 [TARGET]: It matters that you prioritized connection, creativity, learning, and rest this week.",CLAIM,FALSE
A,8,1,Nice work this week,NONE,12,1,"ADU 1 [TARGET]: Nice work this week
ADU 2: You knelt by the raised beds, sleeves damp
ADU 3: You answered the phone and smiled at your children's voices
ADU 4: You gardened, walked, and relaxed with books and good films several times
ADU 5: You called your children once this week, as planned, and spoke warmly
ADU 6: Those calls felt important and matched your family value clearly
ADU 7: Once-a-week contact advanced that goal, eased worry, and reminded you of what matters
ADU 8: Walks, reading, and visits promoted steady health, learning, companionship, and joy
ADU 9: TV rest sometimes felt passive, yet it genuinely helped calm and recovery; the handicraft circle was lower priority but still offered creativity, social contact, and purpose
ADU 10: Together, these activities show your motives guided real choices this month
ADU 11: You mostly acted in line with your values, with honest limits and small tensions
ADU 12: That matters; be gentle with yourself and notice the alignment daily.",CLAIM,FALSE
A,8,2,"You knelt by the raised beds, sleeves damp",NONE,12,2,"ADU 1: Nice work this week
ADU 2 [TARGET]: You knelt by the raised beds, sleeves damp
ADU 3: You answered the phone and smiled at your children's voices
ADU 4: You gardened, walked, and relaxed with books and good films several times
ADU 5: You called your children once this week, as planned, and spoke warmly
ADU 6: Those calls felt important and matched your family value clearly
ADU 7: Once-a-week contact advanced that goal, eased worry, and reminded you of what matters
ADU 8: Walks, reading, and visits promoted steady health, learning, companionship, and joy
ADU 9: TV rest sometimes felt passive, yet it genuinely helped calm and recovery; the handicraft circle was lower priority but still offered creativity, social contact, and purpose
ADU 10: Together, these activities show your motives guided real choices this month
ADU 11: You mostly acted in line with your values, with honest limits and small tensions
ADU 12: That matters; be gentle with yourself and notice the alignment daily.",NONE,TRUE
A,8,3,You answered the phone and smiled at your children's voices,PREMISE,12,3,"ADU 1: Nice work this week
ADU 2: You knelt by the raised beds, sleeves damp
ADU 3 [TARGET]: You answered the phone and smiled at your children's voices
ADU 4: You gardened, walked, and relaxed with books and good films several times
ADU 5: You called your children once this week, as planned, and spoke warmly
ADU 6: Those calls felt important and matched your family value clearly
ADU 7: Once-a-week contact advanced that goal, eased worry, and reminded you of what matters
ADU 8: Walks, reading, and visits promoted steady health, learning, companionship, and joy
ADU 9: TV rest sometimes felt passive, yet it genuinely helped calm and recovery; the handicraft circle was lower priority but still offered creativity, social contact, and purpose
ADU 10: Together, these activities show your motives guided real choices this month
ADU 11: You mostly acted in line with your values, with honest limits and small tensions
ADU 12: That matters; be gentle with yourself and notice the alignment daily.",NONE,FALSE
A,8,4,"You gardened, walked, and relaxed with books and good films several times",PREMISE,12,4,"ADU 1: Nice work this week
ADU 2: You knelt by the raised beds, sleeves damp
ADU 3: You answered the phone and smiled at your children's voices
ADU 4 [TARGET]: You gardened, walked, and relaxed with books and good films several times
ADU 5: You called your children once this week, as planned, and spoke warmly
ADU 6: Those calls felt important and matched your family value clearly
ADU 7: Once-a-week contact advanced that goal, eased worry, and reminded you of what matters
ADU 8: Walks, reading, and visits promoted steady health, learning, companionship, and joy
ADU 9: TV rest sometimes felt passive, yet it genuinely helped calm and recovery; the handicraft circle was lower priority but still offered creativity, social contact, and purpose
ADU 10: Together, these activities show your motives guided real choices this month
ADU 11: You mostly acted in line with your values, with honest limits and small tensions
ADU 12: That matters; be gentle with yourself and notice the alignment daily.",NONE,FALSE
A,8,5,"You called your children once this week, as planned, and spoke warmly",PREMISE,12,5,"ADU 1: Nice work this week
ADU 2: You knelt by the raised beds, sleeves damp
ADU 3: You answered the phone and smiled at your children's voices
ADU 4: You gardened, walked, and relaxed with books and good films several times
ADU 5 [TARGET]: You called your children once this week, as planned, and spoke warmly
ADU 6: Those calls felt important and matched your family value clearly
ADU 7: Once-a-week contact advanced that goal, eased worry, and reminded you of what matters
ADU 8: Walks, reading, and visits promoted steady health, learning, companionship, and joy
ADU 9: TV rest sometimes felt passive, yet it genuinely helped calm and recovery; the handicraft circle was lower priority but still offered creativity, social contact, and purpose
ADU 10: Together, these activities show your motives guided real choices this month
ADU 11: You mostly acted in line with your values, with honest limits and small tensions
ADU 12: That matters; be gentle with yourself and notice the alignment daily.",NONE,FALSE
A,8,6,Those calls felt important and matched your family value clearly,PREMISE,12,6,"ADU 1: Nice work this week
ADU 2: You knelt by the raised beds, sleeves damp
ADU 3: You answered the phone and smiled at your children's voices
ADU 4: You gardened, walked, and relaxed with books and good films several times
ADU 5: You called your children once this week, as planned, and spoke warmly
ADU 6 [TARGET]: Those calls felt important and matched your family value clearly
ADU 7: Once-a-week contact advanced that goal, eased worry, and reminded you of what matters
ADU 8: Walks, reading, and visits promoted steady health, learning, companionship, and joy
ADU 9: TV rest sometimes felt passive, yet it genuinely helped calm and recovery; the handicraft circle was lower priority but still offered creativity, social contact, and purpose
ADU 10: Together, these activities show your motives guided real choices this month
ADU 11: You mostly acted in line with your values, with honest limits and small tensions
ADU 12: That matters; be gentle with yourself and notice the alignment daily.",CLAIM,FALSE
A,8,7,"Once-a-week contact advanced that goal, eased worry, and reminded you of what matters",PREMISE,12,7,"ADU 1: Nice work this week
ADU 2: You knelt by the raised beds, sleeves damp
ADU 3: You answered the phone and smiled at your children's voices
ADU 4: You gardened, walked, and relaxed with books and good films several times
ADU 5: You called your children once this week, as planned, and spoke warmly
ADU 6: Those calls felt important and matched your family value clearly
ADU 7 [TARGET]: Once-a-week contact advanced that goal, eased worry, and reminded you of what matters
ADU 8: Walks, reading, and visits promoted steady health, learning, companionship, and joy
ADU 9: TV rest sometimes felt passive, yet it genuinely helped calm and recovery; the handicraft circle was lower priority but still offered creativity, social contact, and purpose
ADU 10: Together, these activities show your motives guided real choices this month
ADU 11: You mostly acted in line with your values, with honest limits and small tensions
ADU 12: That matters; be gentle with yourself and notice the alignment daily.",PREMISE,TRUE
A,8,8,"Walks, reading, and visits promoted steady health, learning, companionship, and joy",PREMISE,12,8,"ADU 1: Nice work this week
ADU 2: You knelt by the raised beds, sleeves damp
ADU 3: You answered the phone and smiled at your children's voices
ADU 4: You gardened, walked, and relaxed with books and good films several times
ADU 5: You called your children once this week, as planned, and spoke warmly
ADU 6: Those calls felt important and matched your family value clearly
ADU 7: Once-a-week contact advanced that goal, eased worry, and reminded you of what matters
ADU 8 [TARGET]: Walks, reading, and visits promoted steady health, learning, companionship, and joy
ADU 9: TV rest sometimes felt passive, yet it genuinely helped calm and recovery; the handicraft circle was lower priority but still offered creativity, social contact, and purpose
ADU 10: Together, these activities show your motives guided real choices this month
ADU 11: You mostly acted in line with your values, with honest limits and small tensions
ADU 12: That matters; be gentle with yourself and notice the alignment daily.",CLAIM,FALSE
A,8,9,"TV rest sometimes felt passive, yet it genuinely helped calm and recovery; the handicraft circle was lower priority but still offered creativity, social contact, and purpose",PREMISE,12,9,"ADU 1: Nice work this week
ADU 2: You knelt by the raised beds, sleeves damp
ADU 3: You answered the phone and smiled at your children's voices
ADU 4: You gardened, walked, and relaxed with books and good films several times
ADU 5: You called your children once this week, as planned, and spoke warmly
ADU 6: Those calls felt important and matched your family value clearly
ADU 7: Once-a-week contact advanced that goal, eased worry, and reminded you of what matters
ADU 8: Walks, reading, and visits promoted steady health, learning, companionship, and joy
ADU 9 [TARGET]: TV rest sometimes felt passive, yet it genuinely helped calm and recovery; the handicraft circle was lower priority but still offered creativity, social contact, and purpose
ADU 10: Together, these activities show your motives guided real choices this month
ADU 11: You mostly acted in line with your values, with honest limits and small tensions
ADU 12: That matters; be gentle with yourself and notice the alignment daily.",PREMISE,TRUE
A,8,10,"Together, these activities show your motives guided real choices this month",CLAIM,12,10,"ADU 1: Nice work this week
ADU 2: You knelt by the raised beds, sleeves damp
ADU 3: You answered the phone and smiled at your children's voices
ADU 4: You gardened, walked, and relaxed with books and good films several times
ADU 5: You called your children once this week, as planned, and spoke warmly
ADU 6: Those calls felt important and matched your family value clearly
ADU 7: Once-a-week contact advanced that goal, eased worry, and reminded you of what matters
ADU 8: Walks, reading, and visits promoted steady health, learning, companionship, and joy
ADU 9: TV rest sometimes felt passive, yet it genuinely helped calm and recovery; the handicraft circle was lower priority but still offered creativity, social contact, and purpose
ADU 10 [TARGET]: Together, these activities show your motives guided real choices this month
ADU 11: You mostly acted in line with your values, with honest limits and small tensions
ADU 12: That matters; be gentle with yourself and notice the alignment daily.",CLAIM,TRUE
A,8,11,"You mostly acted in line with your values, with honest limits and small tensions",CLAIM,12,11,"ADU 1: Nice work this week
ADU 2: You knelt by the raised beds, sleeves damp
ADU 3: You answered the phone and smiled at your children's voices
ADU 4: You gardened, walked, and relaxed with books and good films several times
ADU 5: You called your children once this week, as planned, and spoke warmly
ADU 6: Those calls felt important and matched your family value clearly
ADU 7: Once-a-week contact advanced that goal, eased worry, and reminded you of what matters
ADU 8: Walks, reading, and visits promoted steady health, learning, companionship, and joy
ADU 9: TV rest sometimes felt passive, yet it genuinely helped calm and recovery; the handicraft circle was lower priority but still offered creativity, social contact, and purpose
ADU 10: Together, these activities show your motives guided real choices this month
ADU 11 [TARGET]: You mostly acted in line with your values, with honest limits and small tensions
ADU 12: That matters; be gentle with yourself and notice the alignment daily.",CLAIM,TRUE
A,8,12,That matters; be gentle with yourself and notice the alignment daily.,CLAIM,12,12,"ADU 1: Nice work this week
ADU 2: You knelt by the raised beds, sleeves damp
ADU 3: You answered the phone and smiled at your children's voices
ADU 4: You gardened, walked, and relaxed with books and good films several times
ADU 5: You called your children once this week, as planned, and spoke warmly
ADU 6: Those calls felt important and matched your family value clearly
ADU 7: Once-a-week contact advanced that goal, eased worry, and reminded you of what matters
ADU 8: Walks, reading, and visits promoted steady health, learning, companionship, and joy
ADU 9: TV rest sometimes felt passive, yet it genuinely helped calm and recovery; the handicraft circle was lower priority but still offered creativity, social contact, and purpose
ADU 10: Together, these activities show your motives guided real choices this month
ADU 11: You mostly acted in line with your values, with honest limits and small tensions
ADU 12 [TARGET]: That matters; be gentle with yourself and notice the alignment daily.",CLAIM,TRUE
B,1,1,You have been active and stayed close to family lately,PREMISE,17,1,"ADU 1 [TARGET]: You have been active and stayed close to family lately
ADU 2: This morning you locked your bike after a calm ride to the store, smiling at a neighbour
ADU 3: That steady effort shows you care about feeling well and connection
ADU 4: Next week, pick a few small activities you enjoy regularly and feel comfortable doing
ADU 5: Cycle to the store on two afternoons
ADU 6: Fresh air improves mood and it is easy to manage
ADU 7: Go to the gym for short sessions three times
ADU 8: Movement raises energy and keeps joints flexible
ADU 9: Have one quiet dinner with your partner
ADU 10: Shared time matters and helps you relax
ADU 11: Listen to a favourite podcast during a walk
ADU 12: It keeps you engaged and gives pleasant company
ADU 13: Play with grandchildren briefly and safely
ADU 14: Small joy restores spirit and creates warm memories
ADU 15: Plan two bike trips, three gym visits, and one shared dinner spread through the week
ADU 16: Add a short phone call with your mother and a grandchild visit on days that feel right
ADU 17: Small, safe steps each day will help make next week happier and more energizing too.",NONE,FALSE
B,1,2,"This morning you locked your bike after a calm ride to the store, smiling at a neighbour",PREMISE,17,2,"ADU 1: You have been active and stayed close to family lately
ADU 2 [TARGET]: This morning you locked your bike after a calm ride to the store, smiling at a neighbour
ADU 3: That steady effort shows you care about feeling well and connection
ADU 4: Next week, pick a few small activities you enjoy regularly and feel comfortable doing
ADU 5: Cycle to the store on two afternoons
ADU 6: Fresh air improves mood and it is easy to manage
ADU 7: Go to the gym for short sessions three times
ADU 8: Movement raises energy and keeps joints flexible
ADU 9: Have one quiet dinner with your partner
ADU 10: Shared time matters and helps you relax
ADU 11: Listen to a favourite podcast during a walk
ADU 12: It keeps you engaged and gives pleasant company
ADU 13: Play with grandchildren briefly and safely
ADU 14: Small joy restores spirit and creates warm memories
ADU 15: Plan two bike trips, three gym visits, and one shared dinner spread through the week
ADU 16: Add a short phone call with your mother and a grandchild visit on days that feel right
ADU 17: Small, safe steps each day will help make next week happier and more energizing too.",NONE,FALSE
B,1,3,That steady effort shows you care about feeling well and connection,NONE,17,3,"ADU 1: You have been active and stayed close to family lately
ADU 2: This morning you locked your bike after a calm ride to the store, smiling at a neighbour
ADU 3 [TARGET]: That steady effort shows you care about feeling well and connection
ADU 4: Next week, pick a few small activities you enjoy regularly and feel comfortable doing
ADU 5: Cycle to the store on two afternoons
ADU 6: Fresh air improves mood and it is easy to manage
ADU 7: Go to the gym for short sessions three times
ADU 8: Movement raises energy and keeps joints flexible
ADU 9: Have one quiet dinner with your partner
ADU 10: Shared time matters and helps you relax
ADU 11: Listen to a favourite podcast during a walk
ADU 12: It keeps you engaged and gives pleasant company
ADU 13: Play with grandchildren briefly and safely
ADU 14: Small joy restores spirit and creates warm memories
ADU 15: Plan two bike trips, three gym visits, and one shared dinner spread through the week
ADU 16: Add a short phone call with your mother and a grandchild visit on days that feel right
ADU 17: Small, safe steps each day will help make next week happier and more energizing too.",CLAIM,FALSE
B,1,4,"Next week, pick a few small activities you enjoy regularly and feel comfortable doing",CLAIM,17,4,"ADU 1: You have been active and stayed close to family lately
ADU 2: This morning you locked your bike after a calm ride to the store, smiling at a neighbour
ADU 3: That steady effort shows you care about feeling well and connection
ADU 4 [TARGET]: Next week, pick a few small activities you enjoy regularly and feel comfortable doing
ADU 5: Cycle to the store on two afternoons
ADU 6: Fresh air improves mood and it is easy to manage
ADU 7: Go to the gym for short sessions three times
ADU 8: Movement raises energy and keeps joints flexible
ADU 9: Have one quiet dinner with your partner
ADU 10: Shared time matters and helps you relax
ADU 11: Listen to a favourite podcast during a walk
ADU 12: It keeps you engaged and gives pleasant company
ADU 13: Play with grandchildren briefly and safely
ADU 14: Small joy restores spirit and creates warm memories
ADU 15: Plan two bike trips, three gym visits, and one shared dinner spread through the week
ADU 16: Add a short phone call with your mother and a grandchild visit on days that feel right
ADU 17: Small, safe steps each day will help make next week happier and more energizing too.",CLAIM,TRUE
B,1,5,Cycle to the store on two afternoons,CLAIM,17,5,"ADU 1: You have been active and stayed close to family lately
ADU 2: This morning you locked your bike after a calm ride to the store, smiling at a neighbour
ADU 3: That steady effort shows you care about feeling well and connection
ADU 4: Next week, pick a few small activities you enjoy regularly and feel comfortable doing
ADU 5 [TARGET]: Cycle to the store on two afternoons
ADU 6: Fresh air improves mood and it is easy to manage
ADU 7: Go to the gym for short sessions three times
ADU 8: Movement raises energy and keeps joints flexible
ADU 9: Have one quiet dinner with your partner
ADU 10: Shared time matters and helps you relax
ADU 11: Listen to a favourite podcast during a walk
ADU 12: It keeps you engaged and gives pleasant company
ADU 13: Play with grandchildren briefly and safely
ADU 14: Small joy restores spirit and creates warm memories
ADU 15: Plan two bike trips, three gym visits, and one shared dinner spread through the week
ADU 16: Add a short phone call with your mother and a grandchild visit on days that feel right
ADU 17: Small, safe steps each day will help make next week happier and more energizing too.",CLAIM,TRUE
B,1,6,Fresh air improves mood and it is easy to manage,PREMISE,17,6,"ADU 1: You have been active and stayed close to family lately
ADU 2: This morning you locked your bike after a calm ride to the store, smiling at a neighbour
ADU 3: That steady effort shows you care about feeling well and connection
ADU 4: Next week, pick a few small activities you enjoy regularly and feel comfortable doing
ADU 5: Cycle to the store on two afternoons
ADU 6 [TARGET]: Fresh air improves mood and it is easy to manage
ADU 7: Go to the gym for short sessions three times
ADU 8: Movement raises energy and keeps joints flexible
ADU 9: Have one quiet dinner with your partner
ADU 10: Shared time matters and helps you relax
ADU 11: Listen to a favourite podcast during a walk
ADU 12: It keeps you engaged and gives pleasant company
ADU 13: Play with grandchildren briefly and safely
ADU 14: Small joy restores spirit and creates warm memories
ADU 15: Plan two bike trips, three gym visits, and one shared dinner spread through the week
ADU 16: Add a short phone call with your mother and a grandchild visit on days that feel right
ADU 17: Small, safe steps each day will help make next week happier and more energizing too.",PREMISE,TRUE
B,1,7,Go to the gym for short sessions three times,CLAIM,17,7,"ADU 1: You have been active and stayed close to family lately
ADU 2: This morning you locked your bike after a calm ride to the store, smiling at a neighbour
ADU 3: That steady effort shows you care about feeling well and connection
ADU 4: Next week, pick a few small activities you enjoy regularly and feel comfortable doing
ADU 5: Cycle to the store on two afternoons
ADU 6: Fresh air improves mood and it is easy to manage
ADU 7 [TARGET]: Go to the gym for short sessions three times
ADU 8: Movement raises energy and keeps joints flexible
ADU 9: Have one quiet dinner with your partner
ADU 10: Shared time matters and helps you relax
ADU 11: Listen to a favourite podcast during a walk
ADU 12: It keeps you engaged and gives pleasant company
ADU 13: Play with grandchildren briefly and safely
ADU 14: Small joy restores spirit and creates warm memories
ADU 15: Plan two bike trips, three gym visits, and one shared dinner spread through the week
ADU 16: Add a short phone call with your mother and a grandchild visit on days that feel right
ADU 17: Small, safe steps each day will help make next week happier and more energizing too.",CLAIM,TRUE
B,1,8,Movement raises energy and keeps joints flexible,PREMISE,17,8,"ADU 1: You have been active and stayed close to family lately
ADU 2: This morning you locked your bike after a calm ride to the store, smiling at a neighbour
ADU 3: That steady effort shows you care about feeling well and connection
ADU 4: Next week, pick a few small activities you enjoy regularly and feel comfortable doing
ADU 5: Cycle to the store on two afternoons
ADU 6: Fresh air improves mood and it is easy to manage
ADU 7: Go to the gym for short sessions three times
ADU 8 [TARGET]: Movement raises energy and keeps joints flexible
ADU 9: Have one quiet dinner with your partner
ADU 10: Shared time matters and helps you relax
ADU 11: Listen to a favourite podcast during a walk
ADU 12: It keeps you engaged and gives pleasant company
ADU 13: Play with grandchildren briefly and safely
ADU 14: Small joy restores spirit and creates warm memories
ADU 15: Plan two bike trips, three gym visits, and one shared dinner spread through the week
ADU 16: Add a short phone call with your mother and a grandchild visit on days that feel right
ADU 17: Small, safe steps each day will help make next week happier and more energizing too.",PREMISE,TRUE
B,1,9,Have one quiet dinner with your partner,CLAIM,17,9,"ADU 1: You have been active and stayed close to family lately
ADU 2: This morning you locked your bike after a calm ride to the store, smiling at a neighbour
ADU 3: That steady effort shows you care about feeling well and connection
ADU 4: Next week, pick a few small activities you enjoy regularly and feel comfortable doing
ADU 5: Cycle to the store on two afternoons
ADU 6: Fresh air improves mood and it is easy to manage
ADU 7: Go to the gym for short sessions three times
ADU 8: Movement raises energy and keeps joints flexible
ADU 9 [TARGET]: Have one quiet dinner with your partner
ADU 10: Shared time matters and helps you relax
ADU 11: Listen to a favourite podcast during a walk
ADU 12: It keeps you engaged and gives pleasant company
ADU 13: Play with grandchildren briefly and safely
ADU 14: Small joy restores spirit and creates warm memories
ADU 15: Plan two bike trips, three gym visits, and one shared dinner spread through the week
ADU 16: Add a short phone call with your mother and a grandchild visit on days that feel right
ADU 17: Small, safe steps each day will help make next week happier and more energizing too.",CLAIM,TRUE
B,1,10,Shared time matters and helps you relax,PREMISE,17,10,"ADU 1: You have been active and stayed close to family lately
ADU 2: This morning you locked your bike after a calm ride to the store, smiling at a neighbour
ADU 3: That steady effort shows you care about feeling well and connection
ADU 4: Next week, pick a few small activities you enjoy regularly and feel comfortable doing
ADU 5: Cycle to the store on two afternoons
ADU 6: Fresh air improves mood and it is easy to manage
ADU 7: Go to the gym for short sessions three times
ADU 8: Movement raises energy and keeps joints flexible
ADU 9: Have one quiet dinner with your partner
ADU 10 [TARGET]: Shared time matters and helps you relax
ADU 11: Listen to a favourite podcast during a walk
ADU 12: It keeps you engaged and gives pleasant company
ADU 13: Play with grandchildren briefly and safely
ADU 14: Small joy restores spirit and creates warm memories
ADU 15: Plan two bike trips, three gym visits, and one shared dinner spread through the week
ADU 16: Add a short phone call with your mother and a grandchild visit on days that feel right
ADU 17: Small, safe steps each day will help make next week happier and more energizing too.",PREMISE,TRUE
B,1,11,Listen to a favourite podcast during a walk,CLAIM,17,11,"ADU 1: You have been active and stayed close to family lately
ADU 2: This morning you locked your bike after a calm ride to the store, smiling at a neighbour
ADU 3: That steady effort shows you care about feeling well and connection
ADU 4: Next week, pick a few small activities you enjoy regularly and feel comfortable doing
ADU 5: Cycle to the store on two afternoons
ADU 6: Fresh air improves mood and it is easy to manage
ADU 7: Go to the gym for short sessions three times
ADU 8: Movement raises energy and keeps joints flexible
ADU 9: Have one quiet dinner with your partner
ADU 10: Shared time matters and helps you relax
ADU 11 [TARGET]: Listen to a favourite podcast during a walk
ADU 12: It keeps you engaged and gives pleasant company
ADU 13: Play with grandchildren briefly and safely
ADU 14: Small joy restores spirit and creates warm memories
ADU 15: Plan two bike trips, three gym visits, and one shared dinner spread through the week
ADU 16: Add a short phone call with your mother and a grandchild visit on days that feel right
ADU 17: Small, safe steps each day will help make next week happier and more energizing too.",CLAIM,TRUE
B,1,12,It keeps you engaged and gives pleasant company,PREMISE,17,12,"ADU 1: You have been active and stayed close to family lately
ADU 2: This morning you locked your bike after a calm ride to the store, smiling at a neighbour
ADU 3: That steady effort shows you care about feeling well and connection
ADU 4: Next week, pick a few small activities you enjoy regularly and feel comfortable doing
ADU 5: Cycle to the store on two afternoons
ADU 6: Fresh air improves mood and it is easy to manage
ADU 7: Go to the gym for short sessions three times
ADU 8: Movement raises energy and keeps joints flexible
ADU 9: Have one quiet dinner with your partner
ADU 10: Shared time matters and helps you relax
ADU 11: Listen to a favourite podcast during a walk
ADU 12 [TARGET]: It keeps you engaged and gives pleasant company
ADU 13: Play with grandchildren briefly and safely
ADU 14: Small joy restores spirit and creates warm memories
ADU 15: Plan two bike trips, three gym visits, and one shared dinner spread through the week
ADU 16: Add a short phone call with your mother and a grandchild visit on days that feel right
ADU 17: Small, safe steps each day will help make next week happier and more energizing too.",PREMISE,TRUE
B,1,13,Play with grandchildren briefly and safely,CLAIM,17,13,"ADU 1: You have been active and stayed close to family lately
ADU 2: This morning you locked your bike after a calm ride to the store, smiling at a neighbour
ADU 3: That steady effort shows you care about feeling well and connection
ADU 4: Next week, pick a few small activities you enjoy regularly and feel comfortable doing
ADU 5: Cycle to the store on two afternoons
ADU 6: Fresh air improves mood and it is easy to manage
ADU 7: Go to the gym for short sessions three times
ADU 8: Movement raises energy and keeps joints flexible
ADU 9: Have one quiet dinner with your partner
ADU 10: Shared time matters and helps you relax
ADU 11: Listen to a favourite podcast during a walk
ADU 12: It keeps you engaged and gives pleasant company
ADU 13 [TARGET]: Play with grandchildren briefly and safely
ADU 14: Small joy restores spirit and creates warm memories
ADU 15: Plan two bike trips, three gym visits, and one shared dinner spread through the week
ADU 16: Add a short phone call with your mother and a grandchild visit on days that feel right
ADU 17: Small, safe steps each day will help make next week happier and more energizing too.",CLAIM,TRUE
B,1,14,Small joy restores spirit and creates warm memories,PREMISE,17,14,"ADU 1: You have been active and stayed close to family lately
ADU 2: This morning you locked your bike after a calm ride to the store, smiling at a neighbour
ADU 3: That steady effort shows you care about feeling well and connection
ADU 4: Next week, pick a few small activities you enjoy regularly and feel comfortable doing
ADU 5: Cycle to the store on two afternoons
ADU 6: Fresh air improves mood and it is easy to manage
ADU 7: Go to the gym for short sessions three times
ADU 8: Movement raises energy and keeps joints flexible
ADU 9: Have one quiet dinner with your partner
ADU 10: Shared time matters and helps you relax
ADU 11: Listen to a favourite podcast during a walk
ADU 12: It keeps you engaged and gives pleasant company
ADU 13: Play with grandchildren briefly and safely
ADU 14 [TARGET]: Small joy restores spirit and creates warm memories
ADU 15: Plan two bike trips, three gym visits, and one shared dinner spread through the week
ADU 16: Add a short phone call with your mother and a grandchild visit on days that feel right
ADU 17: Small, safe steps each day will help make next week happier and more energizing too.",PREMISE,TRUE
B,1,15,"Plan two bike trips, three gym visits, and one shared dinner spread through the week",CLAIM,17,15,"ADU 1: You have been active and stayed close to family lately
ADU 2: This morning you locked your bike after a calm ride to the store, smiling at a neighbour
ADU 3: That steady effort shows you care about feeling well and connection
ADU 4: Next week, pick a few small activities you enjoy regularly and feel comfortable doing
ADU 5: Cycle to the store on two afternoons
ADU 6: Fresh air improves mood and it is easy to manage
ADU 7: Go to the gym for short sessions three times
ADU 8: Movement raises energy and keeps joints flexible
ADU 9: Have one quiet dinner with your partner
ADU 10: Shared time matters and helps you relax
ADU 11: Listen to a favourite podcast during a walk
ADU 12: It keeps you engaged and gives pleasant company
ADU 13: Play with grandchildren briefly and safely
ADU 14: Small joy restores spirit and creates warm memories
ADU 15 [TARGET]: Plan two bike trips, three gym visits, and one shared dinner spread through the week
ADU 16: Add a short phone call with your mother and a grandchild visit on days that feel right
ADU 17: Small, safe steps each day will help make next week happier and more energizing too.",CLAIM,TRUE
B,1,16,Add a short phone call with your mother and a grandchild visit on days that feel right,CLAIM,17,16,"ADU 1: You have been active and stayed close to family lately
ADU 2: This morning you locked your bike after a calm ride to the store, smiling at a neighbour
ADU 3: That steady effort shows you care about feeling well and connection
ADU 4: Next week, pick a few small activities you enjoy regularly and feel comfortable doing
ADU 5: Cycle to the store on two afternoons
ADU 6: Fresh air improves mood and it is easy to manage
ADU 7: Go to the gym for short sessions three times
ADU 8: Movement raises energy and keeps joints flexible
ADU 9: Have one quiet dinner with your partner
ADU 10: Shared time matters and helps you relax
ADU 11: Listen to a favourite podcast during a walk
ADU 12: It keeps you engaged and gives pleasant company
ADU 13: Play with grandchildren briefly and safely
ADU 14: Small joy restores spirit and creates warm memories
ADU 15: Plan two bike trips, three gym visits, and one shared dinner spread through the week
ADU 16 [TARGET]: Add a short phone call with your mother and a grandchild visit on days that feel right
ADU 17: Small, safe steps each day will help make next week happier and more energizing too.",CLAIM,TRUE
B,1,17,"Small, safe steps each day will help make next week happier and more energizing too.",PREMISE,17,17,"ADU 1: You have been active and stayed close to family lately
ADU 2: This morning you locked your bike after a calm ride to the store, smiling at a neighbour
ADU 3: That steady effort shows you care about feeling well and connection
ADU 4: Next week, pick a few small activities you enjoy regularly and feel comfortable doing
ADU 5: Cycle to the store on two afternoons
ADU 6: Fresh air improves mood and it is easy to manage
ADU 7: Go to the gym for short sessions three times
ADU 8: Movement raises energy and keeps joints flexible
ADU 9: Have one quiet dinner with your partner
ADU 10: Shared time matters and helps you relax
ADU 11: Listen to a favourite podcast during a walk
ADU 12: It keeps you engaged and gives pleasant company
ADU 13: Play with grandchildren briefly and safely
ADU 14: Small joy restores spirit and creates warm memories
ADU 15: Plan two bike trips, three gym visits, and one shared dinner spread through the week
ADU 16: Add a short phone call with your mother and a grandchild visit on days that feel right
ADU 17 [TARGET]: Small, safe steps each day will help make next week happier and more energizing too.",CLAIM,FALSE
B,2,1,You already make good choices every day,NONE,17,1,"ADU 1 [TARGET]: You already make good choices every day
ADU 2: This morning you locked your bike and smiled at the clear air, then listened to a short podcast on the way home
ADU 3: You notice small wins every day
ADU 4: Next week, focus on small, manageable pleasures each day
ADU 5: Start with two short gym sessions
ADU 6: Movement reliably lifts energy and mood
ADU 7: Cycle to the store a few times
ADU 8: Fresh air and light activity clear your mind
ADU 9: Plan one relaxed dinner with your partner
ADU 10: Steady connection matters more than perfect plans
ADU 11: Play with your grandchildren briefly
ADU 12: Small visits bring joy without tiring you
ADU 13: Greet neighbours when you can
ADU 14: Friendly moments add gentle social support
ADU 15: Book two gym sessions, two bike errands, and one partner dinner across the week
ADU 16: Call your mother midweek, and allow short grandchild visits on the weekend; rest on other days
ADU 17: You're taking thoughtful steps toward a happier, energizing week.",CLAIM,FALSE
B,2,2,"This morning you locked your bike and smiled at the clear air, then listened to a short podcast on the way home",PREMISE,17,2,"ADU 1: You already make good choices every day
ADU 2 [TARGET]: This morning you locked your bike and smiled at the clear air, then listened to a short podcast on the way home
ADU 3: You notice small wins every day
ADU 4: Next week, focus on small, manageable pleasures each day
ADU 5: Start with two short gym sessions
ADU 6: Movement reliably lifts energy and mood
ADU 7: Cycle to the store a few times
ADU 8: Fresh air and light activity clear your mind
ADU 9: Plan one relaxed dinner with your partner
ADU 10: Steady connection matters more than perfect plans
ADU 11: Play with your grandchildren briefly
ADU 12: Small visits bring joy without tiring you
ADU 13: Greet neighbours when you can
ADU 14: Friendly moments add gentle social support
ADU 15: Book two gym sessions, two bike errands, and one partner dinner across the week
ADU 16: Call your mother midweek, and allow short grandchild visits on the weekend; rest on other days
ADU 17: You're taking thoughtful steps toward a happier, energizing week.",NONE,FALSE
B,2,3,You notice small wins every day,PREMISE,17,3,"ADU 1: You already make good choices every day
ADU 2: This morning you locked your bike and smiled at the clear air, then listened to a short podcast on the way home
ADU 3 [TARGET]: You notice small wins every day
ADU 4: Next week, focus on small, manageable pleasures each day
ADU 5: Start with two short gym sessions
ADU 6: Movement reliably lifts energy and mood
ADU 7: Cycle to the store a few times
ADU 8: Fresh air and light activity clear your mind
ADU 9: Plan one relaxed dinner with your partner
ADU 10: Steady connection matters more than perfect plans
ADU 11: Play with your grandchildren briefly
ADU 12: Small visits bring joy without tiring you
ADU 13: Greet neighbours when you can
ADU 14: Friendly moments add gentle social support
ADU 15: Book two gym sessions, two bike errands, and one partner dinner across the week
ADU 16: Call your mother midweek, and allow short grandchild visits on the weekend; rest on other days
ADU 17: You're taking thoughtful steps toward a happier, energizing week.",PREMISE,TRUE
B,2,4,"Next week, focus on small, manageable pleasures each day",CLAIM,17,4,"ADU 1: You already make good choices every day
ADU 2: This morning you locked your bike and smiled at the clear air, then listened to a short podcast on the way home
ADU 3: You notice small wins every day
ADU 4 [TARGET]: Next week, focus on small, manageable pleasures each day
ADU 5: Start with two short gym sessions
ADU 6: Movement reliably lifts energy and mood
ADU 7: Cycle to the store a few times
ADU 8: Fresh air and light activity clear your mind
ADU 9: Plan one relaxed dinner with your partner
ADU 10: Steady connection matters more than perfect plans
ADU 11: Play with your grandchildren briefly
ADU 12: Small visits bring joy without tiring you
ADU 13: Greet neighbours when you can
ADU 14: Friendly moments add gentle social support
ADU 15: Book two gym sessions, two bike errands, and one partner dinner across the week
ADU 16: Call your mother midweek, and allow short grandchild visits on the weekend; rest on other days
ADU 17: You're taking thoughtful steps toward a happier, energizing week.",CLAIM,TRUE
B,2,5,Start with two short gym sessions,CLAIM,17,5,"ADU 1: You already make good choices every day
ADU 2: This morning you locked your bike and smiled at the clear air, then listened to a short podcast on the way home
ADU 3: You notice small wins every day
ADU 4: Next week, focus on small, manageable pleasures each day
ADU 5 [TARGET]: Start with two short gym sessions
ADU 6: Movement reliably lifts energy and mood
ADU 7: Cycle to the store a few times
ADU 8: Fresh air and light activity clear your mind
ADU 9: Plan one relaxed dinner with your partner
ADU 10: Steady connection matters more than perfect plans
ADU 11: Play with your grandchildren briefly
ADU 12: Small visits bring joy without tiring you
ADU 13: Greet neighbours when you can
ADU 14: Friendly moments add gentle social support
ADU 15: Book two gym sessions, two bike errands, and one partner dinner across the week
ADU 16: Call your mother midweek, and allow short grandchild visits on the weekend; rest on other days
ADU 17: You're taking thoughtful steps toward a happier, energizing week.",CLAIM,TRUE
B,2,6,Movement reliably lifts energy and mood,PREMISE,17,6,"ADU 1: You already make good choices every day
ADU 2: This morning you locked your bike and smiled at the clear air, then listened to a short podcast on the way home
ADU 3: You notice small wins every day
ADU 4: Next week, focus on small, manageable pleasures each day
ADU 5: Start with two short gym sessions
ADU 6 [TARGET]: Movement reliably lifts energy and mood
ADU 7: Cycle to the store a few times
ADU 8: Fresh air and light activity clear your mind
ADU 9: Plan one relaxed dinner with your partner
ADU 10: Steady connection matters more than perfect plans
ADU 11: Play with your grandchildren briefly
ADU 12: Small visits bring joy without tiring you
ADU 13: Greet neighbours when you can
ADU 14: Friendly moments add gentle social support
ADU 15: Book two gym sessions, two bike errands, and one partner dinner across the week
ADU 16: Call your mother midweek, and allow short grandchild visits on the weekend; rest on other days
ADU 17: You're taking thoughtful steps toward a happier, energizing week.",PREMISE,TRUE
B,2,7,Cycle to the store a few times,CLAIM,17,7,"ADU 1: You already make good choices every day
ADU 2: This morning you locked your bike and smiled at the clear air, then listened to a short podcast on the way home
ADU 3: You notice small wins every day
ADU 4: Next week, focus on small, manageable pleasures each day
ADU 5: Start with two short gym sessions
ADU 6: Movement reliably lifts energy and mood
ADU 7 [TARGET]: Cycle to the store a few times
ADU 8: Fresh air and light activity clear your mind
ADU 9: Plan one relaxed dinner with your partner
ADU 10: Steady connection matters more than perfect plans
ADU 11: Play with your grandchildren briefly
ADU 12: Small visits bring joy without tiring you
ADU 13: Greet neighbours when you can
ADU 14: Friendly moments add gentle social support
ADU 15: Book two gym sessions, two bike errands, and one partner dinner across the week
ADU 16: Call your mother midweek, and allow short grandchild visits on the weekend; rest on other days
ADU 17: You're taking thoughtful steps toward a happier, energizing week.",CLAIM,TRUE
B,2,8,Fresh air and light activity clear your mind,PREMISE,17,8,"ADU 1: You already make good choices every day
ADU 2: This morning you locked your bike and smiled at the clear air, then listened to a short podcast on the way home
ADU 3: You notice small wins every day
ADU 4: Next week, focus on small, manageable pleasures each day
ADU 5: Start with two short gym sessions
ADU 6: Movement reliably lifts energy and mood
ADU 7: Cycle to the store a few times
ADU 8 [TARGET]: Fresh air and light activity clear your mind
ADU 9: Plan one relaxed dinner with your partner
ADU 10: Steady connection matters more than perfect plans
ADU 11: Play with your grandchildren briefly
ADU 12: Small visits bring joy without tiring you
ADU 13: Greet neighbours when you can
ADU 14: Friendly moments add gentle social support
ADU 15: Book two gym sessions, two bike errands, and one partner dinner across the week
ADU 16: Call your mother midweek, and allow short grandchild visits on the weekend; rest on other days
ADU 17: You're taking thoughtful steps toward a happier, energizing week.",PREMISE,TRUE
B,2,9,Plan one relaxed dinner with your partner,CLAIM,17,9,"ADU 1: You already make good choices every day
ADU 2: This morning you locked your bike and smiled at the clear air, then listened to a short podcast on the way home
ADU 3: You notice small wins every day
ADU 4: Next week, focus on small, manageable pleasures each day
ADU 5: Start with two short gym sessions
ADU 6: Movement reliably lifts energy and mood
ADU 7: Cycle to the store a few times
ADU 8: Fresh air and light activity clear your mind
ADU 9 [TARGET]: Plan one relaxed dinner with your partner
ADU 10: Steady connection matters more than perfect plans
ADU 11: Play with your grandchildren briefly
ADU 12: Small visits bring joy without tiring you
ADU 13: Greet neighbours when you can
ADU 14: Friendly moments add gentle social support
ADU 15: Book two gym sessions, two bike errands, and one partner dinner across the week
ADU 16: Call your mother midweek, and allow short grandchild visits on the weekend; rest on other days
ADU 17: You're taking thoughtful steps toward a happier, energizing week.",CLAIM,TRUE
B,2,10,Steady connection matters more than perfect plans,PREMISE,17,10,"ADU 1: You already make good choices every day
ADU 2: This morning you locked your bike and smiled at the clear air, then listened to a short podcast on the way home
ADU 3: You notice small wins every day
ADU 4: Next week, focus on small, manageable pleasures each day
ADU 5: Start with two short gym sessions
ADU 6: Movement reliably lifts energy and mood
ADU 7: Cycle to the store a few times
ADU 8: Fresh air and light activity clear your mind
ADU 9: Plan one relaxed dinner with your partner
ADU 10 [TARGET]: Steady connection matters more than perfect plans
ADU 11: Play with your grandchildren briefly
ADU 12: Small visits bring joy without tiring you
ADU 13: Greet neighbours when you can
ADU 14: Friendly moments add gentle social support
ADU 15: Book two gym sessions, two bike errands, and one partner dinner across the week
ADU 16: Call your mother midweek, and allow short grandchild visits on the weekend; rest on other days
ADU 17: You're taking thoughtful steps toward a happier, energizing week.",CLAIM,FALSE
B,2,11,Play with your grandchildren briefly,CLAIM,17,11,"ADU 1: You already make good choices every day
ADU 2: This morning you locked your bike and smiled at the clear air, then listened to a short podcast on the way home
ADU 3: You notice small wins every day
ADU 4: Next week, focus on small, manageable pleasures each day
ADU 5: Start with two short gym sessions
ADU 6: Movement reliably lifts energy and mood
ADU 7: Cycle to the store a few times
ADU 8: Fresh air and light activity clear your mind
ADU 9: Plan one relaxed dinner with your partner
ADU 10: Steady connection matters more than perfect plans
ADU 11 [TARGET]: Play with your grandchildren briefly
ADU 12: Small visits bring joy without tiring you
ADU 13: Greet neighbours when you can
ADU 14: Friendly moments add gentle social support
ADU 15: Book two gym sessions, two bike errands, and one partner dinner across the week
ADU 16: Call your mother midweek, and allow short grandchild visits on the weekend; rest on other days
ADU 17: You're taking thoughtful steps toward a happier, energizing week.",CLAIM,TRUE
B,2,12,Small visits bring joy without tiring you,PREMISE,17,12,"ADU 1: You already make good choices every day
ADU 2: This morning you locked your bike and smiled at the clear air, then listened to a short podcast on the way home
ADU 3: You notice small wins every day
ADU 4: Next week, focus on small, manageable pleasures each day
ADU 5: Start with two short gym sessions
ADU 6: Movement reliably lifts energy and mood
ADU 7: Cycle to the store a few times
ADU 8: Fresh air and light activity clear your mind
ADU 9: Plan one relaxed dinner with your partner
ADU 10: Steady connection matters more than perfect plans
ADU 11: Play with your grandchildren briefly
ADU 12 [TARGET]: Small visits bring joy without tiring you
ADU 13: Greet neighbours when you can
ADU 14: Friendly moments add gentle social support
ADU 15: Book two gym sessions, two bike errands, and one partner dinner across the week
ADU 16: Call your mother midweek, and allow short grandchild visits on the weekend; rest on other days
ADU 17: You're taking thoughtful steps toward a happier, energizing week.",PREMISE,TRUE
B,2,13,Greet neighbours when you can,CLAIM,17,13,"ADU 1: You already make good choices every day
ADU 2: This morning you locked your bike and smiled at the clear air, then listened to a short podcast on the way home
ADU 3: You notice small wins every day
ADU 4: Next week, focus on small, manageable pleasures each day
ADU 5: Start with two short gym sessions
ADU 6: Movement reliably lifts energy and mood
ADU 7: Cycle to the store a few times
ADU 8: Fresh air and light activity clear your mind
ADU 9: Plan one relaxed dinner with your partner
ADU 10: Steady connection matters more than perfect plans
ADU 11: Play with your grandchildren briefly
ADU 12: Small visits bring joy without tiring you
ADU 13 [TARGET]: Greet neighbours when you can
ADU 14: Friendly moments add gentle social support
ADU 15: Book two gym sessions, two bike errands, and one partner dinner across the week
ADU 16: Call your mother midweek, and allow short grandchild visits on the weekend; rest on other days
ADU 17: You're taking thoughtful steps toward a happier, energizing week.",CLAIM,TRUE
B,2,14,Friendly moments add gentle social support,PREMISE,17,14,"ADU 1: You already make good choices every day
ADU 2: This morning you locked your bike and smiled at the clear air, then listened to a short podcast on the way home
ADU 3: You notice small wins every day
ADU 4: Next week, focus on small, manageable pleasures each day
ADU 5: Start with two short gym sessions
ADU 6: Movement reliably lifts energy and mood
ADU 7: Cycle to the store a few times
ADU 8: Fresh air and light activity clear your mind
ADU 9: Plan one relaxed dinner with your partner
ADU 10: Steady connection matters more than perfect plans
ADU 11: Play with your grandchildren briefly
ADU 12: Small visits bring joy without tiring you
ADU 13: Greet neighbours when you can
ADU 14 [TARGET]: Friendly moments add gentle social support
ADU 15: Book two gym sessions, two bike errands, and one partner dinner across the week
ADU 16: Call your mother midweek, and allow short grandchild visits on the weekend; rest on other days
ADU 17: You're taking thoughtful steps toward a happier, energizing week.",PREMISE,TRUE
B,2,15,"Book two gym sessions, two bike errands, and one partner dinner across the week",CLAIM,17,15,"ADU 1: You already make good choices every day
ADU 2: This morning you locked your bike and smiled at the clear air, then listened to a short podcast on the way home
ADU 3: You notice small wins every day
ADU 4: Next week, focus on small, manageable pleasures each day
ADU 5: Start with two short gym sessions
ADU 6: Movement reliably lifts energy and mood
ADU 7: Cycle to the store a few times
ADU 8: Fresh air and light activity clear your mind
ADU 9: Plan one relaxed dinner with your partner
ADU 10: Steady connection matters more than perfect plans
ADU 11: Play with your grandchildren briefly
ADU 12: Small visits bring joy without tiring you
ADU 13: Greet neighbours when you can
ADU 14: Friendly moments add gentle social support
ADU 15 [TARGET]: Book two gym sessions, two bike errands, and one partner dinner across the week
ADU 16: Call your mother midweek, and allow short grandchild visits on the weekend; rest on other days
ADU 17: You're taking thoughtful steps toward a happier, energizing week.",CLAIM,TRUE
B,2,16,"Call your mother midweek, and allow short grandchild visits on the weekend; rest on other days",CLAIM,17,16,"ADU 1: You already make good choices every day
ADU 2: This morning you locked your bike and smiled at the clear air, then listened to a short podcast on the way home
ADU 3: You notice small wins every day
ADU 4: Next week, focus on small, manageable pleasures each day
ADU 5: Start with two short gym sessions
ADU 6: Movement reliably lifts energy and mood
ADU 7: Cycle to the store a few times
ADU 8: Fresh air and light activity clear your mind
ADU 9: Plan one relaxed dinner with your partner
ADU 10: Steady connection matters more than perfect plans
ADU 11: Play with your grandchildren briefly
ADU 12: Small visits bring joy without tiring you
ADU 13: Greet neighbours when you can
ADU 14: Friendly moments add gentle social support
ADU 15: Book two gym sessions, two bike errands, and one partner dinner across the week
ADU 16 [TARGET]: Call your mother midweek, and allow short grandchild visits on the weekend; rest on other days
ADU 17: You're taking thoughtful steps toward a happier, energizing week.",CLAIM,TRUE
B,2,17,"You're taking thoughtful steps toward a happier, energizing week.",NONE,17,17,"ADU 1: You already make good choices every day
ADU 2: This morning you locked your bike and smiled at the clear air, then listened to a short podcast on the way home
ADU 3: You notice small wins every day
ADU 4: Next week, focus on small, manageable pleasures each day
ADU 5: Start with two short gym sessions
ADU 6: Movement reliably lifts energy and mood
ADU 7: Cycle to the store a few times
ADU 8: Fresh air and light activity clear your mind
ADU 9: Plan one relaxed dinner with your partner
ADU 10: Steady connection matters more than perfect plans
ADU 11: Play with your grandchildren briefly
ADU 12: Small visits bring joy without tiring you
ADU 13: Greet neighbours when you can
ADU 14: Friendly moments add gentle social support
ADU 15: Book two gym sessions, two bike errands, and one partner dinner across the week
ADU 16: Call your mother midweek, and allow short grandchild visits on the weekend; rest on other days
ADU 17 [TARGET]: You're taking thoughtful steps toward a happier, energizing week.",CLAIM,FALSE
B,3,1,You are doing a good job keeping up with things,NONE,15,1,"ADU 1 [TARGET]: You are doing a good job keeping up with things
ADU 2: You cycled to the store yesterday and carried groceries home easily
ADU 3: You shared a calm dinner with your partner and enjoyed conversation together
ADU 4: Next week, try a lighter routine with activities on alternate days and easy mornings
ADU 5: Keep daily dinners with your partner
ADU 6: They steady your mood and comfort you
ADU 7: Aim for play with your grandchildren on alternating visit days, when possible
ADU 8: Include short gym sessions
ADU 9: Gentle exercise supports recovery and mobility too
ADU 10: Use phone calls, neighbours, and podcasts for lighter social contact and small breaks
ADU 11: Spacing effort reduces stress, but this may not suffice alone
ADU 12: Adapt as you go
ADU 13: Try this simple schedule: alternate activity days and one recovery block midweek
ADU 14: Adjust timing and intensity as needed, and rest when you feel tired
ADU 15: You can do this, and small changes really help you recover reliably over time.",NONE,TRUE
B,3,2,You cycled to the store yesterday and carried groceries home easily,PREMISE,15,2,"ADU 1: You are doing a good job keeping up with things
ADU 2 [TARGET]: You cycled to the store yesterday and carried groceries home easily
ADU 3: You shared a calm dinner with your partner and enjoyed conversation together
ADU 4: Next week, try a lighter routine with activities on alternate days and easy mornings
ADU 5: Keep daily dinners with your partner
ADU 6: They steady your mood and comfort you
ADU 7: Aim for play with your grandchildren on alternating visit days, when possible
ADU 8: Include short gym sessions
ADU 9: Gentle exercise supports recovery and mobility too
ADU 10: Use phone calls, neighbours, and podcasts for lighter social contact and small breaks
ADU 11: Spacing effort reduces stress, but this may not suffice alone
ADU 12: Adapt as you go
ADU 13: Try this simple schedule: alternate activity days and one recovery block midweek
ADU 14: Adjust timing and intensity as needed, and rest when you feel tired
ADU 15: You can do this, and small changes really help you recover reliably over time.",NONE,FALSE
B,3,3,You shared a calm dinner with your partner and enjoyed conversation together,PREMISE,15,3,"ADU 1: You are doing a good job keeping up with things
ADU 2: You cycled to the store yesterday and carried groceries home easily
ADU 3 [TARGET]: You shared a calm dinner with your partner and enjoyed conversation together
ADU 4: Next week, try a lighter routine with activities on alternate days and easy mornings
ADU 5: Keep daily dinners with your partner
ADU 6: They steady your mood and comfort you
ADU 7: Aim for play with your grandchildren on alternating visit days, when possible
ADU 8: Include short gym sessions
ADU 9: Gentle exercise supports recovery and mobility too
ADU 10: Use phone calls, neighbours, and podcasts for lighter social contact and small breaks
ADU 11: Spacing effort reduces stress, but this may not suffice alone
ADU 12: Adapt as you go
ADU 13: Try this simple schedule: alternate activity days and one recovery block midweek
ADU 14: Adjust timing and intensity as needed, and rest when you feel tired
ADU 15: You can do this, and small changes really help you recover reliably over time.",NONE,FALSE
B,3,4,"Next week, try a lighter routine with activities on alternate days and easy mornings",CLAIM,15,4,"ADU 1: You are doing a good job keeping up with things
ADU 2: You cycled to the store yesterday and carried groceries home easily
ADU 3: You shared a calm dinner with your partner and enjoyed conversation together
ADU 4 [TARGET]: Next week, try a lighter routine with activities on alternate days and easy mornings
ADU 5: Keep daily dinners with your partner
ADU 6: They steady your mood and comfort you
ADU 7: Aim for play with your grandchildren on alternating visit days, when possible
ADU 8: Include short gym sessions
ADU 9: Gentle exercise supports recovery and mobility too
ADU 10: Use phone calls, neighbours, and podcasts for lighter social contact and small breaks
ADU 11: Spacing effort reduces stress, but this may not suffice alone
ADU 12: Adapt as you go
ADU 13: Try this simple schedule: alternate activity days and one recovery block midweek
ADU 14: Adjust timing and intensity as needed, and rest when you feel tired
ADU 15: You can do this, and small changes really help you recover reliably over time.",CLAIM,TRUE
B,3,5,Keep daily dinners with your partner,CLAIM,15,5,"ADU 1: You are doing a good job keeping up with things
ADU 2: You cycled to the store yesterday and carried groceries home easily
ADU 3: You shared a calm dinner with your partner and enjoyed conversation together
ADU 4: Next week, try a lighter routine with activities on alternate days and easy mornings
ADU 5 [TARGET]: Keep daily dinners with your partner
ADU 6: They steady your mood and comfort you
ADU 7: Aim for play with your grandchildren on alternating visit days, when possible
ADU 8: Include short gym sessions
ADU 9: Gentle exercise supports recovery and mobility too
ADU 10: Use phone calls, neighbours, and podcasts for lighter social contact and small breaks
ADU 11: Spacing effort reduces stress, but this may not suffice alone
ADU 12: Adapt as you go
ADU 13: Try this simple schedule: alternate activity days and one recovery block midweek
ADU 14: Adjust timing and intensity as needed, and rest when you feel tired
ADU 15: You can do this, and small changes really help you recover reliably over time.",CLAIM,TRUE
B,3,6,They steady your mood and comfort you,NONE,15,6,"ADU 1: You are doing a good job keeping up with things
ADU 2: You cycled to the store yesterday and carried groceries home easily
ADU 3: You shared a calm dinner with your partner and enjoyed conversation together
ADU 4: Next week, try a lighter routine with activities on alternate days and easy mornings
ADU 5: Keep daily dinners with your partner
ADU 6 [TARGET]: They steady your mood and comfort you
ADU 7: Aim for play with your grandchildren on alternating visit days, when possible
ADU 8: Include short gym sessions
ADU 9: Gentle exercise supports recovery and mobility too
ADU 10: Use phone calls, neighbours, and podcasts for lighter social contact and small breaks
ADU 11: Spacing effort reduces stress, but this may not suffice alone
ADU 12: Adapt as you go
ADU 13: Try this simple schedule: alternate activity days and one recovery block midweek
ADU 14: Adjust timing and intensity as needed, and rest when you feel tired
ADU 15: You can do this, and small changes really help you recover reliably over time.",PREMISE,FALSE
B,3,7,"Aim for play with your grandchildren on alternating visit days, when possible",CLAIM,15,7,"ADU 1: You are doing a good job keeping up with things
ADU 2: You cycled to the store yesterday and carried groceries home easily
ADU 3: You shared a calm dinner with your partner and enjoyed conversation together
ADU 4: Next week, try a lighter routine with activities on alternate days and easy mornings
ADU 5: Keep daily dinners with your partner
ADU 6: They steady your mood and comfort you
ADU 7 [TARGET]: Aim for play with your grandchildren on alternating visit days, when possible
ADU 8: Include short gym sessions
ADU 9: Gentle exercise supports recovery and mobility too
ADU 10: Use phone calls, neighbours, and podcasts for lighter social contact and small breaks
ADU 11: Spacing effort reduces stress, but this may not suffice alone
ADU 12: Adapt as you go
ADU 13: Try this simple schedule: alternate activity days and one recovery block midweek
ADU 14: Adjust timing and intensity as needed, and rest when you feel tired
ADU 15: You can do this, and small changes really help you recover reliably over time.",CLAIM,TRUE
B,3,8,Include short gym sessions,CLAIM,15,8,"ADU 1: You are doing a good job keeping up with things
ADU 2: You cycled to the store yesterday and carried groceries home easily
ADU 3: You shared a calm dinner with your partner and enjoyed conversation together
ADU 4: Next week, try a lighter routine with activities on alternate days and easy mornings
ADU 5: Keep daily dinners with your partner
ADU 6: They steady your mood and comfort you
ADU 7: Aim for play with your grandchildren on alternating visit days, when possible
ADU 8 [TARGET]: Include short gym sessions
ADU 9: Gentle exercise supports recovery and mobility too
ADU 10: Use phone calls, neighbours, and podcasts for lighter social contact and small breaks
ADU 11: Spacing effort reduces stress, but this may not suffice alone
ADU 12: Adapt as you go
ADU 13: Try this simple schedule: alternate activity days and one recovery block midweek
ADU 14: Adjust timing and intensity as needed, and rest when you feel tired
ADU 15: You can do this, and small changes really help you recover reliably over time.",CLAIM,TRUE
B,3,9,Gentle exercise supports recovery and mobility too,PREMISE,15,9,"ADU 1: You are doing a good job keeping up with things
ADU 2: You cycled to the store yesterday and carried groceries home easily
ADU 3: You shared a calm dinner with your partner and enjoyed conversation together
ADU 4: Next week, try a lighter routine with activities on alternate days and easy mornings
ADU 5: Keep daily dinners with your partner
ADU 6: They steady your mood and comfort you
ADU 7: Aim for play with your grandchildren on alternating visit days, when possible
ADU 8: Include short gym sessions
ADU 9 [TARGET]: Gentle exercise supports recovery and mobility too
ADU 10: Use phone calls, neighbours, and podcasts for lighter social contact and small breaks
ADU 11: Spacing effort reduces stress, but this may not suffice alone
ADU 12: Adapt as you go
ADU 13: Try this simple schedule: alternate activity days and one recovery block midweek
ADU 14: Adjust timing and intensity as needed, and rest when you feel tired
ADU 15: You can do this, and small changes really help you recover reliably over time.",PREMISE,TRUE
B,3,10,"Use phone calls, neighbours, and podcasts for lighter social contact and small breaks",CLAIM,15,10,"ADU 1: You are doing a good job keeping up with things
ADU 2: You cycled to the store yesterday and carried groceries home easily
ADU 3: You shared a calm dinner with your partner and enjoyed conversation together
ADU 4: Next week, try a lighter routine with activities on alternate days and easy mornings
ADU 5: Keep daily dinners with your partner
ADU 6: They steady your mood and comfort you
ADU 7: Aim for play with your grandchildren on alternating visit days, when possible
ADU 8: Include short gym sessions
ADU 9: Gentle exercise supports recovery and mobility too
ADU 10 [TARGET]: Use phone calls, neighbours, and podcasts for lighter social contact and small breaks
ADU 11: Spacing effort reduces stress, but this may not suffice alone
ADU 12: Adapt as you go
ADU 13: Try this simple schedule: alternate activity days and one recovery block midweek
ADU 14: Adjust timing and intensity as needed, and rest when you feel tired
ADU 15: You can do this, and small changes really help you recover reliably over time.",CLAIM,TRUE
B,3,11,"Spacing effort reduces stress, but this may not suffice alone",PREMISE,15,11,"ADU 1: You are doing a good job keeping up with things
ADU 2: You cycled to the store yesterday and carried groceries home easily
ADU 3: You shared a calm dinner with your partner and enjoyed conversation together
ADU 4: Next week, try a lighter routine with activities on alternate days and easy mornings
ADU 5: Keep daily dinners with your partner
ADU 6: They steady your mood and comfort you
ADU 7: Aim for play with your grandchildren on alternating visit days, when possible
ADU 8: Include short gym sessions
ADU 9: Gentle exercise supports recovery and mobility too
ADU 10: Use phone calls, neighbours, and podcasts for lighter social contact and small breaks
ADU 11 [TARGET]: Spacing effort reduces stress, but this may not suffice alone
ADU 12: Adapt as you go
ADU 13: Try this simple schedule: alternate activity days and one recovery block midweek
ADU 14: Adjust timing and intensity as needed, and rest when you feel tired
ADU 15: You can do this, and small changes really help you recover reliably over time.",CLAIM,FALSE
B,3,12,Adapt as you go,CLAIM,15,12,"ADU 1: You are doing a good job keeping up with things
ADU 2: You cycled to the store yesterday and carried groceries home easily
ADU 3: You shared a calm dinner with your partner and enjoyed conversation together
ADU 4: Next week, try a lighter routine with activities on alternate days and easy mornings
ADU 5: Keep daily dinners with your partner
ADU 6: They steady your mood and comfort you
ADU 7: Aim for play with your grandchildren on alternating visit days, when possible
ADU 8: Include short gym sessions
ADU 9: Gentle exercise supports recovery and mobility too
ADU 10: Use phone calls, neighbours, and podcasts for lighter social contact and small breaks
ADU 11: Spacing effort reduces stress, but this may not suffice alone
ADU 12 [TARGET]: Adapt as you go
ADU 13: Try this simple schedule: alternate activity days and one recovery block midweek
ADU 14: Adjust timing and intensity as needed, and rest when you feel tired
ADU 15: You can do this, and small changes really help you recover reliably over time.",CLAIM,TRUE
B,3,13,Try this simple schedule: alternate activity days and one recovery block midweek,CLAIM,15,13,"ADU 1: You are doing a good job keeping up with things
ADU 2: You cycled to the store yesterday and carried groceries home easily
ADU 3: You shared a calm dinner with your partner and enjoyed conversation together
ADU 4: Next week, try a lighter routine with activities on alternate days and easy mornings
ADU 5: Keep daily dinners with your partner
ADU 6: They steady your mood and comfort you
ADU 7: Aim for play with your grandchildren on alternating visit days, when possible
ADU 8: Include short gym sessions
ADU 9: Gentle exercise supports recovery and mobility too
ADU 10: Use phone calls, neighbours, and podcasts for lighter social contact and small breaks
ADU 11: Spacing effort reduces stress, but this may not suffice alone
ADU 12: Adapt as you go
ADU 13 [TARGET]: Try this simple schedule: alternate activity days and one recovery block midweek
ADU 14: Adjust timing and intensity as needed, and rest when you feel tired
ADU 15: You can do this, and small changes really help you recover reliably over time.",CLAIM,TRUE
B,3,14,"Adjust timing and intensity as needed, and rest when you feel tired",CLAIM,15,14,"ADU 1: You are doing a good job keeping up with things
ADU 2: You cycled to the store yesterday and carried groceries home easily
ADU 3: You shared a calm dinner with your partner and enjoyed conversation together
ADU 4: Next week, try a lighter routine with activities on alternate days and easy mornings
ADU 5: Keep daily dinners with your partner
ADU 6: They steady your mood and comfort you
ADU 7: Aim for play with your grandchildren on alternating visit days, when possible
ADU 8: Include short gym sessions
ADU 9: Gentle exercise supports recovery and mobility too
ADU 10: Use phone calls, neighbours, and podcasts for lighter social contact and small breaks
ADU 11: Spacing effort reduces stress, but this may not suffice alone
ADU 12: Adapt as you go
ADU 13: Try this simple schedule: alternate activity days and one recovery block midweek
ADU 14 [TARGET]: Adjust timing and intensity as needed, and rest when you feel tired
ADU 15: You can do this, and small changes really help you recover reliably over time.",CLAIM,TRUE
B,3,15,"You can do this, and small changes really help you recover reliably over time.",NONE,15,15,"ADU 1: You are doing a good job keeping up with things
ADU 2: You cycled to the store yesterday and carried groceries home easily
ADU 3: You shared a calm dinner with your partner and enjoyed conversation together
ADU 4: Next week, try a lighter routine with activities on alternate days and easy mornings
ADU 5: Keep daily dinners with your partner
ADU 6: They steady your mood and comfort you
ADU 7: Aim for play with your grandchildren on alternating visit days, when possible
ADU 8: Include short gym sessions
ADU 9: Gentle exercise supports recovery and mobility too
ADU 10: Use phone calls, neighbours, and podcasts for lighter social contact and small breaks
ADU 11: Spacing effort reduces stress, but this may not suffice alone
ADU 12: Adapt as you go
ADU 13: Try this simple schedule: alternate activity days and one recovery block midweek
ADU 14: Adjust timing and intensity as needed, and rest when you feel tired
ADU 15 [TARGET]: You can do this, and small changes really help you recover reliably over time.",CLAIM,FALSE
B,4,1,"You kept moving and stayed connected this week, showing steady effort and resilience",PREMISE,17,1,"ADU 1 [TARGET]: You kept moving and stayed connected this week, showing steady effort and resilience
ADU 2: You cycled to the store and had dinner with your partner nightly, and rested
ADU 3: You also phoned your mother and listened to short podcasts between tasks
ADU 4: Next week, choose a lighter routine with alternate activity days for balance
ADU 5: Prioritize dinner with your partner and play with grandchildren
ADU 6: They matter
ADU 7: Call your mother and meet neighbours on alternate days
ADU 8: Connection helps
ADU 9: Include shorter gym sessions
ADU 10: You rated them less fun
ADU 11: Focus on mobility and gentle strength, avoiding overly intense sessions
ADU 12: Space effort and rest
ADU 13: Spacing protects energy and reduces stress, but this plan may not be sufficient alone
ADU 14: Consider medical advice if fatigue persists
ADU 15: Try alternating outing days with one quiet recovery block each week
ADU 16: If you feel drained, skip an outing and rest instead
ADU 17: You will recover more with steady pacing and kind boundaries.",CLAIM,FALSE
B,4,2,"You cycled to the store and had dinner with your partner nightly, and rested",PREMISE,17,2,"ADU 1: You kept moving and stayed connected this week, showing steady effort and resilience
ADU 2 [TARGET]: You cycled to the store and had dinner with your partner nightly, and rested
ADU 3: You also phoned your mother and listened to short podcasts between tasks
ADU 4: Next week, choose a lighter routine with alternate activity days for balance
ADU 5: Prioritize dinner with your partner and play with grandchildren
ADU 6: They matter
ADU 7: Call your mother and meet neighbours on alternate days
ADU 8: Connection helps
ADU 9: Include shorter gym sessions
ADU 10: You rated them less fun
ADU 11: Focus on mobility and gentle strength, avoiding overly intense sessions
ADU 12: Space effort and rest
ADU 13: Spacing protects energy and reduces stress, but this plan may not be sufficient alone
ADU 14: Consider medical advice if fatigue persists
ADU 15: Try alternating outing days with one quiet recovery block each week
ADU 16: If you feel drained, skip an outing and rest instead
ADU 17: You will recover more with steady pacing and kind boundaries.",NONE,FALSE
B,4,3,You also phoned your mother and listened to short podcasts between tasks,PREMISE,17,3,"ADU 1: You kept moving and stayed connected this week, showing steady effort and resilience
ADU 2: You cycled to the store and had dinner with your partner nightly, and rested
ADU 3 [TARGET]: You also phoned your mother and listened to short podcasts between tasks
ADU 4: Next week, choose a lighter routine with alternate activity days for balance
ADU 5: Prioritize dinner with your partner and play with grandchildren
ADU 6: They matter
ADU 7: Call your mother and meet neighbours on alternate days
ADU 8: Connection helps
ADU 9: Include shorter gym sessions
ADU 10: You rated them less fun
ADU 11: Focus on mobility and gentle strength, avoiding overly intense sessions
ADU 12: Space effort and rest
ADU 13: Spacing protects energy and reduces stress, but this plan may not be sufficient alone
ADU 14: Consider medical advice if fatigue persists
ADU 15: Try alternating outing days with one quiet recovery block each week
ADU 16: If you feel drained, skip an outing and rest instead
ADU 17: You will recover more with steady pacing and kind boundaries.",NONE,FALSE
B,4,4,"Next week, choose a lighter routine with alternate activity days for balance",CLAIM,17,4,"ADU 1: You kept moving and stayed connected this week, showing steady effort and resilience
ADU 2: You cycled to the store and had dinner with your partner nightly, and rested
ADU 3: You also phoned your mother and listened to short podcasts between tasks
ADU 4 [TARGET]: Next week, choose a lighter routine with alternate activity days for balance
ADU 5: Prioritize dinner with your partner and play with grandchildren
ADU 6: They matter
ADU 7: Call your mother and meet neighbours on alternate days
ADU 8: Connection helps
ADU 9: Include shorter gym sessions
ADU 10: You rated them less fun
ADU 11: Focus on mobility and gentle strength, avoiding overly intense sessions
ADU 12: Space effort and rest
ADU 13: Spacing protects energy and reduces stress, but this plan may not be sufficient alone
ADU 14: Consider medical advice if fatigue persists
ADU 15: Try alternating outing days with one quiet recovery block each week
ADU 16: If you feel drained, skip an outing and rest instead
ADU 17: You will recover more with steady pacing and kind boundaries.",CLAIM,TRUE
B,4,5,Prioritize dinner with your partner and play with grandchildren,CLAIM,17,5,"ADU 1: You kept moving and stayed connected this week, showing steady effort and resilience
ADU 2: You cycled to the store and had dinner with your partner nightly, and rested
ADU 3: You also phoned your mother and listened to short podcasts between tasks
ADU 4: Next week, choose a lighter routine with alternate activity days for balance
ADU 5 [TARGET]: Prioritize dinner with your partner and play with grandchildren
ADU 6: They matter
ADU 7: Call your mother and meet neighbours on alternate days
ADU 8: Connection helps
ADU 9: Include shorter gym sessions
ADU 10: You rated them less fun
ADU 11: Focus on mobility and gentle strength, avoiding overly intense sessions
ADU 12: Space effort and rest
ADU 13: Spacing protects energy and reduces stress, but this plan may not be sufficient alone
ADU 14: Consider medical advice if fatigue persists
ADU 15: Try alternating outing days with one quiet recovery block each week
ADU 16: If you feel drained, skip an outing and rest instead
ADU 17: You will recover more with steady pacing and kind boundaries.",CLAIM,TRUE
B,4,6,They matter,PREMISE,17,6,"ADU 1: You kept moving and stayed connected this week, showing steady effort and resilience
ADU 2: You cycled to the store and had dinner with your partner nightly, and rested
ADU 3: You also phoned your mother and listened to short podcasts between tasks
ADU 4: Next week, choose a lighter routine with alternate activity days for balance
ADU 5: Prioritize dinner with your partner and play with grandchildren
ADU 6 [TARGET]: They matter
ADU 7: Call your mother and meet neighbours on alternate days
ADU 8: Connection helps
ADU 9: Include shorter gym sessions
ADU 10: You rated them less fun
ADU 11: Focus on mobility and gentle strength, avoiding overly intense sessions
ADU 12: Space effort and rest
ADU 13: Spacing protects energy and reduces stress, but this plan may not be sufficient alone
ADU 14: Consider medical advice if fatigue persists
ADU 15: Try alternating outing days with one quiet recovery block each week
ADU 16: If you feel drained, skip an outing and rest instead
ADU 17: You will recover more with steady pacing and kind boundaries.",CLAIM,FALSE
B,4,7,Call your mother and meet neighbours on alternate days,CLAIM,17,7,"ADU 1: You kept moving and stayed connected this week, showing steady effort and resilience
ADU 2: You cycled to the store and had dinner with your partner nightly, and rested
ADU 3: You also phoned your mother and listened to short podcasts between tasks
ADU 4: Next week, choose a lighter routine with alternate activity days for balance
ADU 5: Prioritize dinner with your partner and play with grandchildren
ADU 6: They matter
ADU 7 [TARGET]: Call your mother and meet neighbours on alternate days
ADU 8: Connection helps
ADU 9: Include shorter gym sessions
ADU 10: You rated them less fun
ADU 11: Focus on mobility and gentle strength, avoiding overly intense sessions
ADU 12: Space effort and rest
ADU 13: Spacing protects energy and reduces stress, but this plan may not be sufficient alone
ADU 14: Consider medical advice if fatigue persists
ADU 15: Try alternating outing days with one quiet recovery block each week
ADU 16: If you feel drained, skip an outing and rest instead
ADU 17: You will recover more with steady pacing and kind boundaries.",CLAIM,TRUE
B,4,8,Connection helps,PREMISE,17,8,"ADU 1: You kept moving and stayed connected this week, showing steady effort and resilience
ADU 2: You cycled to the store and had dinner with your partner nightly, and rested
ADU 3: You also phoned your mother and listened to short podcasts between tasks
ADU 4: Next week, choose a lighter routine with alternate activity days for balance
ADU 5: Prioritize dinner with your partner and play with grandchildren
ADU 6: They matter
ADU 7: Call your mother and meet neighbours on alternate days
ADU 8 [TARGET]: Connection helps
ADU 9: Include shorter gym sessions
ADU 10: You rated them less fun
ADU 11: Focus on mobility and gentle strength, avoiding overly intense sessions
ADU 12: Space effort and rest
ADU 13: Spacing protects energy and reduces stress, but this plan may not be sufficient alone
ADU 14: Consider medical advice if fatigue persists
ADU 15: Try alternating outing days with one quiet recovery block each week
ADU 16: If you feel drained, skip an outing and rest instead
ADU 17: You will recover more with steady pacing and kind boundaries.",PREMISE,TRUE
B,4,9,Include shorter gym sessions,CLAIM,17,9,"ADU 1: You kept moving and stayed connected this week, showing steady effort and resilience
ADU 2: You cycled to the store and had dinner with your partner nightly, and rested
ADU 3: You also phoned your mother and listened to short podcasts between tasks
ADU 4: Next week, choose a lighter routine with alternate activity days for balance
ADU 5: Prioritize dinner with your partner and play with grandchildren
ADU 6: They matter
ADU 7: Call your mother and meet neighbours on alternate days
ADU 8: Connection helps
ADU 9 [TARGET]: Include shorter gym sessions
ADU 10: You rated them less fun
ADU 11: Focus on mobility and gentle strength, avoiding overly intense sessions
ADU 12: Space effort and rest
ADU 13: Spacing protects energy and reduces stress, but this plan may not be sufficient alone
ADU 14: Consider medical advice if fatigue persists
ADU 15: Try alternating outing days with one quiet recovery block each week
ADU 16: If you feel drained, skip an outing and rest instead
ADU 17: You will recover more with steady pacing and kind boundaries.",CLAIM,TRUE
B,4,10,You rated them less fun,PREMISE,17,10,"ADU 1: You kept moving and stayed connected this week, showing steady effort and resilience
ADU 2: You cycled to the store and had dinner with your partner nightly, and rested
ADU 3: You also phoned your mother and listened to short podcasts between tasks
ADU 4: Next week, choose a lighter routine with alternate activity days for balance
ADU 5: Prioritize dinner with your partner and play with grandchildren
ADU 6: They matter
ADU 7: Call your mother and meet neighbours on alternate days
ADU 8: Connection helps
ADU 9: Include shorter gym sessions
ADU 10 [TARGET]: You rated them less fun
ADU 11: Focus on mobility and gentle strength, avoiding overly intense sessions
ADU 12: Space effort and rest
ADU 13: Spacing protects energy and reduces stress, but this plan may not be sufficient alone
ADU 14: Consider medical advice if fatigue persists
ADU 15: Try alternating outing days with one quiet recovery block each week
ADU 16: If you feel drained, skip an outing and rest instead
ADU 17: You will recover more with steady pacing and kind boundaries.",NONE,FALSE
B,4,11,"Focus on mobility and gentle strength, avoiding overly intense sessions",CLAIM,17,11,"ADU 1: You kept moving and stayed connected this week, showing steady effort and resilience
ADU 2: You cycled to the store and had dinner with your partner nightly, and rested
ADU 3: You also phoned your mother and listened to short podcasts between tasks
ADU 4: Next week, choose a lighter routine with alternate activity days for balance
ADU 5: Prioritize dinner with your partner and play with grandchildren
ADU 6: They matter
ADU 7: Call your mother and meet neighbours on alternate days
ADU 8: Connection helps
ADU 9: Include shorter gym sessions
ADU 10: You rated them less fun
ADU 11 [TARGET]: Focus on mobility and gentle strength, avoiding overly intense sessions
ADU 12: Space effort and rest
ADU 13: Spacing protects energy and reduces stress, but this plan may not be sufficient alone
ADU 14: Consider medical advice if fatigue persists
ADU 15: Try alternating outing days with one quiet recovery block each week
ADU 16: If you feel drained, skip an outing and rest instead
ADU 17: You will recover more with steady pacing and kind boundaries.",CLAIM,TRUE
B,4,12,Space effort and rest,CLAIM,17,12,"ADU 1: You kept moving and stayed connected this week, showing steady effort and resilience
ADU 2: You cycled to the store and had dinner with your partner nightly, and rested
ADU 3: You also phoned your mother and listened to short podcasts between tasks
ADU 4: Next week, choose a lighter routine with alternate activity days for balance
ADU 5: Prioritize dinner with your partner and play with grandchildren
ADU 6: They matter
ADU 7: Call your mother and meet neighbours on alternate days
ADU 8: Connection helps
ADU 9: Include shorter gym sessions
ADU 10: You rated them less fun
ADU 11: Focus on mobility and gentle strength, avoiding overly intense sessions
ADU 12 [TARGET]: Space effort and rest
ADU 13: Spacing protects energy and reduces stress, but this plan may not be sufficient alone
ADU 14: Consider medical advice if fatigue persists
ADU 15: Try alternating outing days with one quiet recovery block each week
ADU 16: If you feel drained, skip an outing and rest instead
ADU 17: You will recover more with steady pacing and kind boundaries.",CLAIM,TRUE
B,4,13,"Spacing protects energy and reduces stress, but this plan may not be sufficient alone",PREMISE,17,13,"ADU 1: You kept moving and stayed connected this week, showing steady effort and resilience
ADU 2: You cycled to the store and had dinner with your partner nightly, and rested
ADU 3: You also phoned your mother and listened to short podcasts between tasks
ADU 4: Next week, choose a lighter routine with alternate activity days for balance
ADU 5: Prioritize dinner with your partner and play with grandchildren
ADU 6: They matter
ADU 7: Call your mother and meet neighbours on alternate days
ADU 8: Connection helps
ADU 9: Include shorter gym sessions
ADU 10: You rated them less fun
ADU 11: Focus on mobility and gentle strength, avoiding overly intense sessions
ADU 12: Space effort and rest
ADU 13 [TARGET]: Spacing protects energy and reduces stress, but this plan may not be sufficient alone
ADU 14: Consider medical advice if fatigue persists
ADU 15: Try alternating outing days with one quiet recovery block each week
ADU 16: If you feel drained, skip an outing and rest instead
ADU 17: You will recover more with steady pacing and kind boundaries.",CLAIM,FALSE
B,4,14,Consider medical advice if fatigue persists,CLAIM,17,14,"ADU 1: You kept moving and stayed connected this week, showing steady effort and resilience
ADU 2: You cycled to the store and had dinner with your partner nightly, and rested
ADU 3: You also phoned your mother and listened to short podcasts between tasks
ADU 4: Next week, choose a lighter routine with alternate activity days for balance
ADU 5: Prioritize dinner with your partner and play with grandchildren
ADU 6: They matter
ADU 7: Call your mother and meet neighbours on alternate days
ADU 8: Connection helps
ADU 9: Include shorter gym sessions
ADU 10: You rated them less fun
ADU 11: Focus on mobility and gentle strength, avoiding overly intense sessions
ADU 12: Space effort and rest
ADU 13: Spacing protects energy and reduces stress, but this plan may not be sufficient alone
ADU 14 [TARGET]: Consider medical advice if fatigue persists
ADU 15: Try alternating outing days with one quiet recovery block each week
ADU 16: If you feel drained, skip an outing and rest instead
ADU 17: You will recover more with steady pacing and kind boundaries.",CLAIM,TRUE
B,4,15,Try alternating outing days with one quiet recovery block each week,CLAIM,17,15,"ADU 1: You kept moving and stayed connected this week, showing steady effort and resilience
ADU 2: You cycled to the store and had dinner with your partner nightly, and rested
ADU 3: You also phoned your mother and listened to short podcasts between tasks
ADU 4: Next week, choose a lighter routine with alternate activity days for balance
ADU 5: Prioritize dinner with your partner and play with grandchildren
ADU 6: They matter
ADU 7: Call your mother and meet neighbours on alternate days
ADU 8: Connection helps
ADU 9: Include shorter gym sessions
ADU 10: You rated them less fun
ADU 11: Focus on mobility and gentle strength, avoiding overly intense sessions
ADU 12: Space effort and rest
ADU 13: Spacing protects energy and reduces stress, but this plan may not be sufficient alone
ADU 14: Consider medical advice if fatigue persists
ADU 15 [TARGET]: Try alternating outing days with one quiet recovery block each week
ADU 16: If you feel drained, skip an outing and rest instead
ADU 17: You will recover more with steady pacing and kind boundaries.",CLAIM,TRUE
B,4,16,"If you feel drained, skip an outing and rest instead",CLAIM,17,16,"ADU 1: You kept moving and stayed connected this week, showing steady effort and resilience
ADU 2: You cycled to the store and had dinner with your partner nightly, and rested
ADU 3: You also phoned your mother and listened to short podcasts between tasks
ADU 4: Next week, choose a lighter routine with alternate activity days for balance
ADU 5: Prioritize dinner with your partner and play with grandchildren
ADU 6: They matter
ADU 7: Call your mother and meet neighbours on alternate days
ADU 8: Connection helps
ADU 9: Include shorter gym sessions
ADU 10: You rated them less fun
ADU 11: Focus on mobility and gentle strength, avoiding overly intense sessions
ADU 12: Space effort and rest
ADU 13: Spacing protects energy and reduces stress, but this plan may not be sufficient alone
ADU 14: Consider medical advice if fatigue persists
ADU 15: Try alternating outing days with one quiet recovery block each week
ADU 16 [TARGET]: If you feel drained, skip an outing and rest instead
ADU 17: You will recover more with steady pacing and kind boundaries.",CLAIM,TRUE
B,4,17,You will recover more with steady pacing and kind boundaries.,PREMISE,17,17,"ADU 1: You kept moving and stayed connected this week, showing steady effort and resilience
ADU 2: You cycled to the store and had dinner with your partner nightly, and rested
ADU 3: You also phoned your mother and listened to short podcasts between tasks
ADU 4: Next week, choose a lighter routine with alternate activity days for balance
ADU 5: Prioritize dinner with your partner and play with grandchildren
ADU 6: They matter
ADU 7: Call your mother and meet neighbours on alternate days
ADU 8: Connection helps
ADU 9: Include shorter gym sessions
ADU 10: You rated them less fun
ADU 11: Focus on mobility and gentle strength, avoiding overly intense sessions
ADU 12: Space effort and rest
ADU 13: Spacing protects energy and reduces stress, but this plan may not be sufficient alone
ADU 14: Consider medical advice if fatigue persists
ADU 15: Try alternating outing days with one quiet recovery block each week
ADU 16: If you feel drained, skip an outing and rest instead
ADU 17 [TARGET]: You will recover more with steady pacing and kind boundaries.",CLAIM,FALSE
B,5,1,"You showed steady care and connection throughout the week, Kim",PREMISE,12,1,"ADU 1 [TARGET]: You showed steady care and connection throughout the week, Kim
ADU 2: You biked to the store and brought home groceries, and you smiled at a neighbour
ADU 3: You paused several times to call your mother from the porch swing
ADU 4: Your activity records list cycling, gym visits, podcast time, and short walks around the block
ADU 5: They also note dinners, visits, phone calls, neighbours, and friendly chats, which kept you socially connected
ADU 6: You played with grandchildren, and you had daily dinners that brought routine
ADU 7: The dinners and visits felt most important and fulfilling, showing care and reminding you of shared history
ADU 8: The gym was less fun, but it still helped your energy levels
ADU 9: Given those records, which are generally reliable though not perfect, it is plausible you did something important and meaningful
ADU 10: This shows your week held connection, care, and steady effort, and it helped you feel steady
ADU 11: That matters; you did something important, Kim
ADU 12: Take pride in these small caring choices you make daily.",CLAIM,FALSE
B,5,2,"You biked to the store and brought home groceries, and you smiled at a neighbour",PREMISE,12,2,"ADU 1: You showed steady care and connection throughout the week, Kim
ADU 2 [TARGET]: You biked to the store and brought home groceries, and you smiled at a neighbour
ADU 3: You paused several times to call your mother from the porch swing
ADU 4: Your activity records list cycling, gym visits, podcast time, and short walks around the block
ADU 5: They also note dinners, visits, phone calls, neighbours, and friendly chats, which kept you socially connected
ADU 6: You played with grandchildren, and you had daily dinners that brought routine
ADU 7: The dinners and visits felt most important and fulfilling, showing care and reminding you of shared history
ADU 8: The gym was less fun, but it still helped your energy levels
ADU 9: Given those records, which are generally reliable though not perfect, it is plausible you did something important and meaningful
ADU 10: This shows your week held connection, care, and steady effort, and it helped you feel steady
ADU 11: That matters; you did something important, Kim
ADU 12: Take pride in these small caring choices you make daily.",NONE,FALSE
B,5,3,You paused several times to call your mother from the porch swing,PREMISE,12,3,"ADU 1: You showed steady care and connection throughout the week, Kim
ADU 2: You biked to the store and brought home groceries, and you smiled at a neighbour
ADU 3 [TARGET]: You paused several times to call your mother from the porch swing
ADU 4: Your activity records list cycling, gym visits, podcast time, and short walks around the block
ADU 5: They also note dinners, visits, phone calls, neighbours, and friendly chats, which kept you socially connected
ADU 6: You played with grandchildren, and you had daily dinners that brought routine
ADU 7: The dinners and visits felt most important and fulfilling, showing care and reminding you of shared history
ADU 8: The gym was less fun, but it still helped your energy levels
ADU 9: Given those records, which are generally reliable though not perfect, it is plausible you did something important and meaningful
ADU 10: This shows your week held connection, care, and steady effort, and it helped you feel steady
ADU 11: That matters; you did something important, Kim
ADU 12: Take pride in these small caring choices you make daily.",NONE,FALSE
B,5,4,"Your activity records list cycling, gym visits, podcast time, and short walks around the block",PREMISE,12,4,"ADU 1: You showed steady care and connection throughout the week, Kim
ADU 2: You biked to the store and brought home groceries, and you smiled at a neighbour
ADU 3: You paused several times to call your mother from the porch swing
ADU 4 [TARGET]: Your activity records list cycling, gym visits, podcast time, and short walks around the block
ADU 5: They also note dinners, visits, phone calls, neighbours, and friendly chats, which kept you socially connected
ADU 6: You played with grandchildren, and you had daily dinners that brought routine
ADU 7: The dinners and visits felt most important and fulfilling, showing care and reminding you of shared history
ADU 8: The gym was less fun, but it still helped your energy levels
ADU 9: Given those records, which are generally reliable though not perfect, it is plausible you did something important and meaningful
ADU 10: This shows your week held connection, care, and steady effort, and it helped you feel steady
ADU 11: That matters; you did something important, Kim
ADU 12: Take pride in these small caring choices you make daily.",PREMISE,TRUE
B,5,5,"They also note dinners, visits, phone calls, neighbours, and friendly chats, which kept you socially connected",PREMISE,12,5,"ADU 1: You showed steady care and connection throughout the week, Kim
ADU 2: You biked to the store and brought home groceries, and you smiled at a neighbour
ADU 3: You paused several times to call your mother from the porch swing
ADU 4: Your activity records list cycling, gym visits, podcast time, and short walks around the block
ADU 5 [TARGET]: They also note dinners, visits, phone calls, neighbours, and friendly chats, which kept you socially connected
ADU 6: You played with grandchildren, and you had daily dinners that brought routine
ADU 7: The dinners and visits felt most important and fulfilling, showing care and reminding you of shared history
ADU 8: The gym was less fun, but it still helped your energy levels
ADU 9: Given those records, which are generally reliable though not perfect, it is plausible you did something important and meaningful
ADU 10: This shows your week held connection, care, and steady effort, and it helped you feel steady
ADU 11: That matters; you did something important, Kim
ADU 12: Take pride in these small caring choices you make daily.",PREMISE,TRUE
B,5,6,"You played with grandchildren, and you had daily dinners that brought routine",PREMISE,12,6,"ADU 1: You showed steady care and connection throughout the week, Kim
ADU 2: You biked to the store and brought home groceries, and you smiled at a neighbour
ADU 3: You paused several times to call your mother from the porch swing
ADU 4: Your activity records list cycling, gym visits, podcast time, and short walks around the block
ADU 5: They also note dinners, visits, phone calls, neighbours, and friendly chats, which kept you socially connected
ADU 6 [TARGET]: You played with grandchildren, and you had daily dinners that brought routine
ADU 7: The dinners and visits felt most important and fulfilling, showing care and reminding you of shared history
ADU 8: The gym was less fun, but it still helped your energy levels
ADU 9: Given those records, which are generally reliable though not perfect, it is plausible you did something important and meaningful
ADU 10: This shows your week held connection, care, and steady effort, and it helped you feel steady
ADU 11: That matters; you did something important, Kim
ADU 12: Take pride in these small caring choices you make daily.",PREMISE,TRUE
B,5,7,"The dinners and visits felt most important and fulfilling, showing care and reminding you of shared history",PREMISE,12,7,"ADU 1: You showed steady care and connection throughout the week, Kim
ADU 2: You biked to the store and brought home groceries, and you smiled at a neighbour
ADU 3: You paused several times to call your mother from the porch swing
ADU 4: Your activity records list cycling, gym visits, podcast time, and short walks around the block
ADU 5: They also note dinners, visits, phone calls, neighbours, and friendly chats, which kept you socially connected
ADU 6: You played with grandchildren, and you had daily dinners that brought routine
ADU 7 [TARGET]: The dinners and visits felt most important and fulfilling, showing care and reminding you of shared history
ADU 8: The gym was less fun, but it still helped your energy levels
ADU 9: Given those records, which are generally reliable though not perfect, it is plausible you did something important and meaningful
ADU 10: This shows your week held connection, care, and steady effort, and it helped you feel steady
ADU 11: That matters; you did something important, Kim
ADU 12: Take pride in these small caring choices you make daily.",CLAIM,FALSE
B,5,8,"The gym was less fun, but it still helped your energy levels",PREMISE,12,8,"ADU 1: You showed steady care and connection throughout the week, Kim
ADU 2: You biked to the store and brought home groceries, and you smiled at a neighbour
ADU 3: You paused several times to call your mother from the porch swing
ADU 4: Your activity records list cycling, gym visits, podcast time, and short walks around the block
ADU 5: They also note dinners, visits, phone calls, neighbours, and friendly chats, which kept you socially connected
ADU 6: You played with grandchildren, and you had daily dinners that brought routine
ADU 7: The dinners and visits felt most important and fulfilling, showing care and reminding you of shared history
ADU 8 [TARGET]: The gym was less fun, but it still helped your energy levels
ADU 9: Given those records, which are generally reliable though not perfect, it is plausible you did something important and meaningful
ADU 10: This shows your week held connection, care, and steady effort, and it helped you feel steady
ADU 11: That matters; you did something important, Kim
ADU 12: Take pride in these small caring choices you make daily.",CLAIM,FALSE
B,5,9,"Given those records, which are generally reliable though not perfect, it is plausible you did something important and meaningful",CLAIM,12,9,"ADU 1: You showed steady care and connection throughout the week, Kim
ADU 2: You biked to the store and brought home groceries, and you smiled at a neighbour
ADU 3: You paused several times to call your mother from the porch swing
ADU 4: Your activity records list cycling, gym visits, podcast time, and short walks around the block
ADU 5: They also note dinners, visits, phone calls, neighbours, and friendly chats, which kept you socially connected
ADU 6: You played with grandchildren, and you had daily dinners that brought routine
ADU 7: The dinners and visits felt most important and fulfilling, showing care and reminding you of shared history
ADU 8: The gym was less fun, but it still helped your energy levels
ADU 9 [TARGET]: Given those records, which are generally reliable though not perfect, it is plausible you did something important and meaningful
ADU 10: This shows your week held connection, care, and steady effort, and it helped you feel steady
ADU 11: That matters; you did something important, Kim
ADU 12: Take pride in these small caring choices you make daily.",CLAIM,TRUE
B,5,10,"This shows your week held connection, care, and steady effort, and it helped you feel steady",CLAIM,12,10,"ADU 1: You showed steady care and connection throughout the week, Kim
ADU 2: You biked to the store and brought home groceries, and you smiled at a neighbour
ADU 3: You paused several times to call your mother from the porch swing
ADU 4: Your activity records list cycling, gym visits, podcast time, and short walks around the block
ADU 5: They also note dinners, visits, phone calls, neighbours, and friendly chats, which kept you socially connected
ADU 6: You played with grandchildren, and you had daily dinners that brought routine
ADU 7: The dinners and visits felt most important and fulfilling, showing care and reminding you of shared history
ADU 8: The gym was less fun, but it still helped your energy levels
ADU 9: Given those records, which are generally reliable though not perfect, it is plausible you did something important and meaningful
ADU 10 [TARGET]: This shows your week held connection, care, and steady effort, and it helped you feel steady
ADU 11: That matters; you did something important, Kim
ADU 12: Take pride in these small caring choices you make daily.",CLAIM,TRUE
B,5,11,"That matters; you did something important, Kim",CLAIM,12,11,"ADU 1: You showed steady care and connection throughout the week, Kim
ADU 2: You biked to the store and brought home groceries, and you smiled at a neighbour
ADU 3: You paused several times to call your mother from the porch swing
ADU 4: Your activity records list cycling, gym visits, podcast time, and short walks around the block
ADU 5: They also note dinners, visits, phone calls, neighbours, and friendly chats, which kept you socially connected
ADU 6: You played with grandchildren, and you had daily dinners that brought routine
ADU 7: The dinners and visits felt most important and fulfilling, showing care and reminding you of shared history
ADU 8: The gym was less fun, but it still helped your energy levels
ADU 9: Given those records, which are generally reliable though not perfect, it is plausible you did something important and meaningful
ADU 10: This shows your week held connection, care, and steady effort, and it helped you feel steady
ADU 11 [TARGET]: That matters; you did something important, Kim
ADU 12: Take pride in these small caring choices you make daily.",CLAIM,TRUE
B,5,12,Take pride in these small caring choices you make daily.,CLAIM,12,12,"ADU 1: You showed steady care and connection throughout the week, Kim
ADU 2: You biked to the store and brought home groceries, and you smiled at a neighbour
ADU 3: You paused several times to call your mother from the porch swing
ADU 4: Your activity records list cycling, gym visits, podcast time, and short walks around the block
ADU 5: They also note dinners, visits, phone calls, neighbours, and friendly chats, which kept you socially connected
ADU 6: You played with grandchildren, and you had daily dinners that brought routine
ADU 7: The dinners and visits felt most important and fulfilling, showing care and reminding you of shared history
ADU 8: The gym was less fun, but it still helped your energy levels
ADU 9: Given those records, which are generally reliable though not perfect, it is plausible you did something important and meaningful
ADU 10: This shows your week held connection, care, and steady effort, and it helped you feel steady
ADU 11: That matters; you did something important, Kim
ADU 12 [TARGET]: Take pride in these small caring choices you make daily.",CLAIM,TRUE
B,6,1,You kept showing up for people and for yourself this week,PREMISE,13,1,"ADU 1 [TARGET]: You kept showing up for people and for yourself this week
ADU 2: On a morning ride to the store, you greeted neighbours
ADU 3: You listened to a podcast while you shopped, which kept your mind gently engaged
ADU 4: Your activity logs record cycling, gym visits, and podcast listening several times
ADU 5: They also show daily dinners with your partner and visits to your mother in person
ADU 6: You talked with your mother on the phone and met neighbours a few times, checking in kindly
ADU 7: You played with your grandchildren; that interaction was meaningful though it occurred only every other week
ADU 8: Gym sessions felt less fun, yet they supported your strength and daily routine
ADU 9: Overall, the logs are in a good position to know and match your routine
ADU 10: Taken together, these moments show care, connection, and steady presence
ADU 11: There is no similar record contradicting this account
ADU 12: You did something important this week; that matters
ADU 13: Well done.",CLAIM,FALSE
B,6,2,"On a morning ride to the store, you greeted neighbours",PREMISE,13,2,"ADU 1: You kept showing up for people and for yourself this week
ADU 2 [TARGET]: On a morning ride to the store, you greeted neighbours
ADU 3: You listened to a podcast while you shopped, which kept your mind gently engaged
ADU 4: Your activity logs record cycling, gym visits, and podcast listening several times
ADU 5: They also show daily dinners with your partner and visits to your mother in person
ADU 6: You talked with your mother on the phone and met neighbours a few times, checking in kindly
ADU 7: You played with your grandchildren; that interaction was meaningful though it occurred only every other week
ADU 8: Gym sessions felt less fun, yet they supported your strength and daily routine
ADU 9: Overall, the logs are in a good position to know and match your routine
ADU 10: Taken together, these moments show care, connection, and steady presence
ADU 11: There is no similar record contradicting this account
ADU 12: You did something important this week; that matters
ADU 13: Well done.",NONE,FALSE
B,6,3,"You listened to a podcast while you shopped, which kept your mind gently engaged",PREMISE,13,3,"ADU 1: You kept showing up for people and for yourself this week
ADU 2: On a morning ride to the store, you greeted neighbours
ADU 3 [TARGET]: You listened to a podcast while you shopped, which kept your mind gently engaged
ADU 4: Your activity logs record cycling, gym visits, and podcast listening several times
ADU 5: They also show daily dinners with your partner and visits to your mother in person
ADU 6: You talked with your mother on the phone and met neighbours a few times, checking in kindly
ADU 7: You played with your grandchildren; that interaction was meaningful though it occurred only every other week
ADU 8: Gym sessions felt less fun, yet they supported your strength and daily routine
ADU 9: Overall, the logs are in a good position to know and match your routine
ADU 10: Taken together, these moments show care, connection, and steady presence
ADU 11: There is no similar record contradicting this account
ADU 12: You did something important this week; that matters
ADU 13: Well done.",PREMISE,TRUE
B,6,4,"Your activity logs record cycling, gym visits, and podcast listening several times",PREMISE,13,4,"ADU 1: You kept showing up for people and for yourself this week
ADU 2: On a morning ride to the store, you greeted neighbours
ADU 3: You listened to a podcast while you shopped, which kept your mind gently engaged
ADU 4 [TARGET]: Your activity logs record cycling, gym visits, and podcast listening several times
ADU 5: They also show daily dinners with your partner and visits to your mother in person
ADU 6: You talked with your mother on the phone and met neighbours a few times, checking in kindly
ADU 7: You played with your grandchildren; that interaction was meaningful though it occurred only every other week
ADU 8: Gym sessions felt less fun, yet they supported your strength and daily routine
ADU 9: Overall, the logs are in a good position to know and match your routine
ADU 10: Taken together, these moments show care, connection, and steady presence
ADU 11: There is no similar record contradicting this account
ADU 12: You did something important this week; that matters
ADU 13: Well done.",PREMISE,TRUE
B,6,5,They also show daily dinners with your partner and visits to your mother in person,PREMISE,13,5,"ADU 1: You kept showing up for people and for yourself this week
ADU 2: On a morning ride to the store, you greeted neighbours
ADU 3: You listened to a podcast while you shopped, which kept your mind gently engaged
ADU 4: Your activity logs record cycling, gym visits, and podcast listening several times
ADU 5 [TARGET]: They also show daily dinners with your partner and visits to your mother in person
ADU 6: You talked with your mother on the phone and met neighbours a few times, checking in kindly
ADU 7: You played with your grandchildren; that interaction was meaningful though it occurred only every other week
ADU 8: Gym sessions felt less fun, yet they supported your strength and daily routine
ADU 9: Overall, the logs are in a good position to know and match your routine
ADU 10: Taken together, these moments show care, connection, and steady presence
ADU 11: There is no similar record contradicting this account
ADU 12: You did something important this week; that matters
ADU 13: Well done.",PREMISE,TRUE
B,6,6,"You talked with your mother on the phone and met neighbours a few times, checking in kindly",PREMISE,13,6,"ADU 1: You kept showing up for people and for yourself this week
ADU 2: On a morning ride to the store, you greeted neighbours
ADU 3: You listened to a podcast while you shopped, which kept your mind gently engaged
ADU 4: Your activity logs record cycling, gym visits, and podcast listening several times
ADU 5: They also show daily dinners with your partner and visits to your mother in person
ADU 6 [TARGET]: You talked with your mother on the phone and met neighbours a few times, checking in kindly
ADU 7: You played with your grandchildren; that interaction was meaningful though it occurred only every other week
ADU 8: Gym sessions felt less fun, yet they supported your strength and daily routine
ADU 9: Overall, the logs are in a good position to know and match your routine
ADU 10: Taken together, these moments show care, connection, and steady presence
ADU 11: There is no similar record contradicting this account
ADU 12: You did something important this week; that matters
ADU 13: Well done.",PREMISE,TRUE
B,6,7,You played with your grandchildren; that interaction was meaningful though it occurred only every other week,PREMISE,13,7,"ADU 1: You kept showing up for people and for yourself this week
ADU 2: On a morning ride to the store, you greeted neighbours
ADU 3: You listened to a podcast while you shopped, which kept your mind gently engaged
ADU 4: Your activity logs record cycling, gym visits, and podcast listening several times
ADU 5: They also show daily dinners with your partner and visits to your mother in person
ADU 6: You talked with your mother on the phone and met neighbours a few times, checking in kindly
ADU 7 [TARGET]: You played with your grandchildren; that interaction was meaningful though it occurred only every other week
ADU 8: Gym sessions felt less fun, yet they supported your strength and daily routine
ADU 9: Overall, the logs are in a good position to know and match your routine
ADU 10: Taken together, these moments show care, connection, and steady presence
ADU 11: There is no similar record contradicting this account
ADU 12: You did something important this week; that matters
ADU 13: Well done.",PREMISE,TRUE
B,6,8,"Gym sessions felt less fun, yet they supported your strength and daily routine",PREMISE,13,8,"ADU 1: You kept showing up for people and for yourself this week
ADU 2: On a morning ride to the store, you greeted neighbours
ADU 3: You listened to a podcast while you shopped, which kept your mind gently engaged
ADU 4: Your activity logs record cycling, gym visits, and podcast listening several times
ADU 5: They also show daily dinners with your partner and visits to your mother in person
ADU 6: You talked with your mother on the phone and met neighbours a few times, checking in kindly
ADU 7: You played with your grandchildren; that interaction was meaningful though it occurred only every other week
ADU 8 [TARGET]: Gym sessions felt less fun, yet they supported your strength and daily routine
ADU 9: Overall, the logs are in a good position to know and match your routine
ADU 10: Taken together, these moments show care, connection, and steady presence
ADU 11: There is no similar record contradicting this account
ADU 12: You did something important this week; that matters
ADU 13: Well done.",PREMISE,TRUE
B,6,9,"Overall, the logs are in a good position to know and match your routine",PREMISE,13,9,"ADU 1: You kept showing up for people and for yourself this week
ADU 2: On a morning ride to the store, you greeted neighbours
ADU 3: You listened to a podcast while you shopped, which kept your mind gently engaged
ADU 4: Your activity logs record cycling, gym visits, and podcast listening several times
ADU 5: They also show daily dinners with your partner and visits to your mother in person
ADU 6: You talked with your mother on the phone and met neighbours a few times, checking in kindly
ADU 7: You played with your grandchildren; that interaction was meaningful though it occurred only every other week
ADU 8: Gym sessions felt less fun, yet they supported your strength and daily routine
ADU 9 [TARGET]: Overall, the logs are in a good position to know and match your routine
ADU 10: Taken together, these moments show care, connection, and steady presence
ADU 11: There is no similar record contradicting this account
ADU 12: You did something important this week; that matters
ADU 13: Well done.",CLAIM,FALSE
B,6,10,"Taken together, these moments show care, connection, and steady presence",CLAIM,13,10,"ADU 1: You kept showing up for people and for yourself this week
ADU 2: On a morning ride to the store, you greeted neighbours
ADU 3: You listened to a podcast while you shopped, which kept your mind gently engaged
ADU 4: Your activity logs record cycling, gym visits, and podcast listening several times
ADU 5: They also show daily dinners with your partner and visits to your mother in person
ADU 6: You talked with your mother on the phone and met neighbours a few times, checking in kindly
ADU 7: You played with your grandchildren; that interaction was meaningful though it occurred only every other week
ADU 8: Gym sessions felt less fun, yet they supported your strength and daily routine
ADU 9: Overall, the logs are in a good position to know and match your routine
ADU 10 [TARGET]: Taken together, these moments show care, connection, and steady presence
ADU 11: There is no similar record contradicting this account
ADU 12: You did something important this week; that matters
ADU 13: Well done.",CLAIM,TRUE
B,6,11,There is no similar record contradicting this account,PREMISE,13,11,"ADU 1: You kept showing up for people and for yourself this week
ADU 2: On a morning ride to the store, you greeted neighbours
ADU 3: You listened to a podcast while you shopped, which kept your mind gently engaged
ADU 4: Your activity logs record cycling, gym visits, and podcast listening several times
ADU 5: They also show daily dinners with your partner and visits to your mother in person
ADU 6: You talked with your mother on the phone and met neighbours a few times, checking in kindly
ADU 7: You played with your grandchildren; that interaction was meaningful though it occurred only every other week
ADU 8: Gym sessions felt less fun, yet they supported your strength and daily routine
ADU 9: Overall, the logs are in a good position to know and match your routine
ADU 10: Taken together, these moments show care, connection, and steady presence
ADU 11 [TARGET]: There is no similar record contradicting this account
ADU 12: You did something important this week; that matters
ADU 13: Well done.",PREMISE,TRUE
B,6,12,You did something important this week; that matters,CLAIM,13,12,"ADU 1: You kept showing up for people and for yourself this week
ADU 2: On a morning ride to the store, you greeted neighbours
ADU 3: You listened to a podcast while you shopped, which kept your mind gently engaged
ADU 4: Your activity logs record cycling, gym visits, and podcast listening several times
ADU 5: They also show daily dinners with your partner and visits to your mother in person
ADU 6: You talked with your mother on the phone and met neighbours a few times, checking in kindly
ADU 7: You played with your grandchildren; that interaction was meaningful though it occurred only every other week
ADU 8: Gym sessions felt less fun, yet they supported your strength and daily routine
ADU 9: Overall, the logs are in a good position to know and match your routine
ADU 10: Taken together, these moments show care, connection, and steady presence
ADU 11: There is no similar record contradicting this account
ADU 12 [TARGET]: You did something important this week; that matters
ADU 13: Well done.",CLAIM,TRUE
B,6,13,Well done.,NONE,13,13,"ADU 1: You kept showing up for people and for yourself this week
ADU 2: On a morning ride to the store, you greeted neighbours
ADU 3: You listened to a podcast while you shopped, which kept your mind gently engaged
ADU 4: Your activity logs record cycling, gym visits, and podcast listening several times
ADU 5: They also show daily dinners with your partner and visits to your mother in person
ADU 6: You talked with your mother on the phone and met neighbours a few times, checking in kindly
ADU 7: You played with your grandchildren; that interaction was meaningful though it occurred only every other week
ADU 8: Gym sessions felt less fun, yet they supported your strength and daily routine
ADU 9: Overall, the logs are in a good position to know and match your routine
ADU 10: Taken together, these moments show care, connection, and steady presence
ADU 11: There is no similar record contradicting this account
ADU 12: You did something important this week; that matters
ADU 13 [TARGET]: Well done.",CLAIM,FALSE
B,7,1,"Well done this week, Kim",NONE,12,1,"ADU 1 [TARGET]: Well done this week, Kim
ADU 2: You rode your bike to the store and came home smiling
ADU 3: You also listened to podcasts while you cycled and later had a quiet gym session
ADU 4: You went to the gym once, even if it felt less fun
ADU 5: Having dinner with your partner every night showed steady commitment and companionship
ADU 6: Calls and visits with your mother strengthened your family ties and gave comfort
ADU 7: Cycling, podcasts, and meeting neighbours a few times weekly kept you socially and mentally engaged
ADU 8: Playing with grandchildren, though less frequent, brought you great joy and reminded you why connection matters
ADU 9: These activities help, but they are not the only way to live your values
ADU 10: This pattern shows your actions often matched your stated values over the week
ADU 11: There may be small tensions with time and energy, but overall you acted with care and kindness
ADU 12: Keep noticing these moments, Kim; they quietly shape your days and matter more than you may think.",CLAIM,FALSE
B,7,2,You rode your bike to the store and came home smiling,PREMISE,12,2,"ADU 1: Well done this week, Kim
ADU 2 [TARGET]: You rode your bike to the store and came home smiling
ADU 3: You also listened to podcasts while you cycled and later had a quiet gym session
ADU 4: You went to the gym once, even if it felt less fun
ADU 5: Having dinner with your partner every night showed steady commitment and companionship
ADU 6: Calls and visits with your mother strengthened your family ties and gave comfort
ADU 7: Cycling, podcasts, and meeting neighbours a few times weekly kept you socially and mentally engaged
ADU 8: Playing with grandchildren, though less frequent, brought you great joy and reminded you why connection matters
ADU 9: These activities help, but they are not the only way to live your values
ADU 10: This pattern shows your actions often matched your stated values over the week
ADU 11: There may be small tensions with time and energy, but overall you acted with care and kindness
ADU 12: Keep noticing these moments, Kim; they quietly shape your days and matter more than you may think.",NONE,FALSE
B,7,3,You also listened to podcasts while you cycled and later had a quiet gym session,PREMISE,12,3,"ADU 1: Well done this week, Kim
ADU 2: You rode your bike to the store and came home smiling
ADU 3 [TARGET]: You also listened to podcasts while you cycled and later had a quiet gym session
ADU 4: You went to the gym once, even if it felt less fun
ADU 5: Having dinner with your partner every night showed steady commitment and companionship
ADU 6: Calls and visits with your mother strengthened your family ties and gave comfort
ADU 7: Cycling, podcasts, and meeting neighbours a few times weekly kept you socially and mentally engaged
ADU 8: Playing with grandchildren, though less frequent, brought you great joy and reminded you why connection matters
ADU 9: These activities help, but they are not the only way to live your values
ADU 10: This pattern shows your actions often matched your stated values over the week
ADU 11: There may be small tensions with time and energy, but overall you acted with care and kindness
ADU 12: Keep noticing these moments, Kim; they quietly shape your days and matter more than you may think.",NONE,FALSE
B,7,4,"You went to the gym once, even if it felt less fun",PREMISE,12,4,"ADU 1: Well done this week, Kim
ADU 2: You rode your bike to the store and came home smiling
ADU 3: You also listened to podcasts while you cycled and later had a quiet gym session
ADU 4 [TARGET]: You went to the gym once, even if it felt less fun
ADU 5: Having dinner with your partner every night showed steady commitment and companionship
ADU 6: Calls and visits with your mother strengthened your family ties and gave comfort
ADU 7: Cycling, podcasts, and meeting neighbours a few times weekly kept you socially and mentally engaged
ADU 8: Playing with grandchildren, though less frequent, brought you great joy and reminded you why connection matters
ADU 9: These activities help, but they are not the only way to live your values
ADU 10: This pattern shows your actions often matched your stated values over the week
ADU 11: There may be small tensions with time and energy, but overall you acted with care and kindness
ADU 12: Keep noticing these moments, Kim; they quietly shape your days and matter more than you may think.",NONE,FALSE
B,7,5,Having dinner with your partner every night showed steady commitment and companionship,PREMISE,12,5,"ADU 1: Well done this week, Kim
ADU 2: You rode your bike to the store and came home smiling
ADU 3: You also listened to podcasts while you cycled and later had a quiet gym session
ADU 4: You went to the gym once, even if it felt less fun
ADU 5 [TARGET]: Having dinner with your partner every night showed steady commitment and companionship
ADU 6: Calls and visits with your mother strengthened your family ties and gave comfort
ADU 7: Cycling, podcasts, and meeting neighbours a few times weekly kept you socially and mentally engaged
ADU 8: Playing with grandchildren, though less frequent, brought you great joy and reminded you why connection matters
ADU 9: These activities help, but they are not the only way to live your values
ADU 10: This pattern shows your actions often matched your stated values over the week
ADU 11: There may be small tensions with time and energy, but overall you acted with care and kindness
ADU 12: Keep noticing these moments, Kim; they quietly shape your days and matter more than you may think.",CLAIM,FALSE
B,7,6,Calls and visits with your mother strengthened your family ties and gave comfort,PREMISE,12,6,"ADU 1: Well done this week, Kim
ADU 2: You rode your bike to the store and came home smiling
ADU 3: You also listened to podcasts while you cycled and later had a quiet gym session
ADU 4: You went to the gym once, even if it felt less fun
ADU 5: Having dinner with your partner every night showed steady commitment and companionship
ADU 6 [TARGET]: Calls and visits with your mother strengthened your family ties and gave comfort
ADU 7: Cycling, podcasts, and meeting neighbours a few times weekly kept you socially and mentally engaged
ADU 8: Playing with grandchildren, though less frequent, brought you great joy and reminded you why connection matters
ADU 9: These activities help, but they are not the only way to live your values
ADU 10: This pattern shows your actions often matched your stated values over the week
ADU 11: There may be small tensions with time and energy, but overall you acted with care and kindness
ADU 12: Keep noticing these moments, Kim; they quietly shape your days and matter more than you may think.",PREMISE,TRUE
B,7,7,"Cycling, podcasts, and meeting neighbours a few times weekly kept you socially and mentally engaged",PREMISE,12,7,"ADU 1: Well done this week, Kim
ADU 2: You rode your bike to the store and came home smiling
ADU 3: You also listened to podcasts while you cycled and later had a quiet gym session
ADU 4: You went to the gym once, even if it felt less fun
ADU 5: Having dinner with your partner every night showed steady commitment and companionship
ADU 6: Calls and visits with your mother strengthened your family ties and gave comfort
ADU 7 [TARGET]: Cycling, podcasts, and meeting neighbours a few times weekly kept you socially and mentally engaged
ADU 8: Playing with grandchildren, though less frequent, brought you great joy and reminded you why connection matters
ADU 9: These activities help, but they are not the only way to live your values
ADU 10: This pattern shows your actions often matched your stated values over the week
ADU 11: There may be small tensions with time and energy, but overall you acted with care and kindness
ADU 12: Keep noticing these moments, Kim; they quietly shape your days and matter more than you may think.",PREMISE,TRUE
B,7,8,"Playing with grandchildren, though less frequent, brought you great joy and reminded you why connection matters",PREMISE,12,8,"ADU 1: Well done this week, Kim
ADU 2: You rode your bike to the store and came home smiling
ADU 3: You also listened to podcasts while you cycled and later had a quiet gym session
ADU 4: You went to the gym once, even if it felt less fun
ADU 5: Having dinner with your partner every night showed steady commitment and companionship
ADU 6: Calls and visits with your mother strengthened your family ties and gave comfort
ADU 7: Cycling, podcasts, and meeting neighbours a few times weekly kept you socially and mentally engaged
ADU 8 [TARGET]: Playing with grandchildren, though less frequent, brought you great joy and reminded you why connection matters
ADU 9: These activities help, but they are not the only way to live your values
ADU 10: This pattern shows your actions often matched your stated values over the week
ADU 11: There may be small tensions with time and energy, but overall you acted with care and kindness
ADU 12: Keep noticing these moments, Kim; they quietly shape your days and matter more than you may think.",CLAIM,FALSE
B,7,9,"These activities help, but they are not the only way to live your values",PREMISE,12,9,"ADU 1: Well done this week, Kim
ADU 2: You rode your bike to the store and came home smiling
ADU 3: You also listened to podcasts while you cycled and later had a quiet gym session
ADU 4: You went to the gym once, even if it felt less fun
ADU 5: Having dinner with your partner every night showed steady commitment and companionship
ADU 6: Calls and visits with your mother strengthened your family ties and gave comfort
ADU 7: Cycling, podcasts, and meeting neighbours a few times weekly kept you socially and mentally engaged
ADU 8: Playing with grandchildren, though less frequent, brought you great joy and reminded you why connection matters
ADU 9 [TARGET]: These activities help, but they are not the only way to live your values
ADU 10: This pattern shows your actions often matched your stated values over the week
ADU 11: There may be small tensions with time and energy, but overall you acted with care and kindness
ADU 12: Keep noticing these moments, Kim; they quietly shape your days and matter more than you may think.",CLAIM,FALSE
B,7,10,This pattern shows your actions often matched your stated values over the week,CLAIM,12,10,"ADU 1: Well done this week, Kim
ADU 2: You rode your bike to the store and came home smiling
ADU 3: You also listened to podcasts while you cycled and later had a quiet gym session
ADU 4: You went to the gym once, even if it felt less fun
ADU 5: Having dinner with your partner every night showed steady commitment and companionship
ADU 6: Calls and visits with your mother strengthened your family ties and gave comfort
ADU 7: Cycling, podcasts, and meeting neighbours a few times weekly kept you socially and mentally engaged
ADU 8: Playing with grandchildren, though less frequent, brought you great joy and reminded you why connection matters
ADU 9: These activities help, but they are not the only way to live your values
ADU 10 [TARGET]: This pattern shows your actions often matched your stated values over the week
ADU 11: There may be small tensions with time and energy, but overall you acted with care and kindness
ADU 12: Keep noticing these moments, Kim; they quietly shape your days and matter more than you may think.",CLAIM,TRUE
B,7,11,"There may be small tensions with time and energy, but overall you acted with care and kindness",CLAIM,12,11,"ADU 1: Well done this week, Kim
ADU 2: You rode your bike to the store and came home smiling
ADU 3: You also listened to podcasts while you cycled and later had a quiet gym session
ADU 4: You went to the gym once, even if it felt less fun
ADU 5: Having dinner with your partner every night showed steady commitment and companionship
ADU 6: Calls and visits with your mother strengthened your family ties and gave comfort
ADU 7: Cycling, podcasts, and meeting neighbours a few times weekly kept you socially and mentally engaged
ADU 8: Playing with grandchildren, though less frequent, brought you great joy and reminded you why connection matters
ADU 9: These activities help, but they are not the only way to live your values
ADU 10: This pattern shows your actions often matched your stated values over the week
ADU 11 [TARGET]: There may be small tensions with time and energy, but overall you acted with care and kindness
ADU 12: Keep noticing these moments, Kim; they quietly shape your days and matter more than you may think.",CLAIM,TRUE
B,7,12,"Keep noticing these moments, Kim; they quietly shape your days and matter more than you may think.",CLAIM,12,12,"ADU 1: Well done this week, Kim
ADU 2: You rode your bike to the store and came home smiling
ADU 3: You also listened to podcasts while you cycled and later had a quiet gym session
ADU 4: You went to the gym once, even if it felt less fun
ADU 5: Having dinner with your partner every night showed steady commitment and companionship
ADU 6: Calls and visits with your mother strengthened your family ties and gave comfort
ADU 7: Cycling, podcasts, and meeting neighbours a few times weekly kept you socially and mentally engaged
ADU 8: Playing with grandchildren, though less frequent, brought you great joy and reminded you why connection matters
ADU 9: These activities help, but they are not the only way to live your values
ADU 10: This pattern shows your actions often matched your stated values over the week
ADU 11: There may be small tensions with time and energy, but overall you acted with care and kindness
ADU 12 [TARGET]: Keep noticing these moments, Kim; they quietly shape your days and matter more than you may think.",CLAIM,TRUE
B,8,1,"You did well this past week, Kim, staying present for the people and goals you value, and your steady choices mattered",NONE,10,1,"ADU 1 [TARGET]: You did well this past week, Kim, staying present for the people and goals you value, and your steady choices mattered
ADU 2: You locked your bike after a quick store run and then listened to a short podcast while you rested
ADU 3: You cycled to the store, went to the gym once, and kept moving most days
ADU 4: You listened to podcasts during quiet moments and used them to learn and reflect
ADU 5: You had dinner with your partner every evening, which strengthened daily connection and comfort
ADU 6: You visited your mother, and you phoned her on other days to show steady care
ADU 7: You met neighbours and you played with grandchildren, confirming that family and community stay central
ADU 8: Exercise felt less fun, but it still supported health goals and matched deeper values, even if no single action suffices
ADU 9: Taken together, these actions align clearly with the values you named
ADU 10: That shows steady care for health and relationships; you can be proud, Kim.",CLAIM,FALSE
B,8,2,You locked your bike after a quick store run and then listened to a short podcast while you rested,PREMISE,10,2,"ADU 1: You did well this past week, Kim, staying present for the people and goals you value, and your steady choices mattered
ADU 2 [TARGET]: You locked your bike after a quick store run and then listened to a short podcast while you rested
ADU 3: You cycled to the store, went to the gym once, and kept moving most days
ADU 4: You listened to podcasts during quiet moments and used them to learn and reflect
ADU 5: You had dinner with your partner every evening, which strengthened daily connection and comfort
ADU 6: You visited your mother, and you phoned her on other days to show steady care
ADU 7: You met neighbours and you played with grandchildren, confirming that family and community stay central
ADU 8: Exercise felt less fun, but it still supported health goals and matched deeper values, even if no single action suffices
ADU 9: Taken together, these actions align clearly with the values you named
ADU 10: That shows steady care for health and relationships; you can be proud, Kim.",NONE,FALSE
B,8,3,"You cycled to the store, went to the gym once, and kept moving most days",PREMISE,10,3,"ADU 1: You did well this past week, Kim, staying present for the people and goals you value, and your steady choices mattered
ADU 2: You locked your bike after a quick store run and then listened to a short podcast while you rested
ADU 3 [TARGET]: You cycled to the store, went to the gym once, and kept moving most days
ADU 4: You listened to podcasts during quiet moments and used them to learn and reflect
ADU 5: You had dinner with your partner every evening, which strengthened daily connection and comfort
ADU 6: You visited your mother, and you phoned her on other days to show steady care
ADU 7: You met neighbours and you played with grandchildren, confirming that family and community stay central
ADU 8: Exercise felt less fun, but it still supported health goals and matched deeper values, even if no single action suffices
ADU 9: Taken together, these actions align clearly with the values you named
ADU 10: That shows steady care for health and relationships; you can be proud, Kim.",PREMISE,TRUE
B,8,4,You listened to podcasts during quiet moments and used them to learn and reflect,PREMISE,10,4,"ADU 1: You did well this past week, Kim, staying present for the people and goals you value, and your steady choices mattered
ADU 2: You locked your bike after a quick store run and then listened to a short podcast while you rested
ADU 3: You cycled to the store, went to the gym once, and kept moving most days
ADU 4 [TARGET]: You listened to podcasts during quiet moments and used them to learn and reflect
ADU 5: You had dinner with your partner every evening, which strengthened daily connection and comfort
ADU 6: You visited your mother, and you phoned her on other days to show steady care
ADU 7: You met neighbours and you played with grandchildren, confirming that family and community stay central
ADU 8: Exercise felt less fun, but it still supported health goals and matched deeper values, even if no single action suffices
ADU 9: Taken together, these actions align clearly with the values you named
ADU 10: That shows steady care for health and relationships; you can be proud, Kim.",NONE,FALSE
B,8,5,"You had dinner with your partner every evening, which strengthened daily connection and comfort",PREMISE,10,5,"ADU 1: You did well this past week, Kim, staying present for the people and goals you value, and your steady choices mattered
ADU 2: You locked your bike after a quick store run and then listened to a short podcast while you rested
ADU 3: You cycled to the store, went to the gym once, and kept moving most days
ADU 4: You listened to podcasts during quiet moments and used them to learn and reflect
ADU 5 [TARGET]: You had dinner with your partner every evening, which strengthened daily connection and comfort
ADU 6: You visited your mother, and you phoned her on other days to show steady care
ADU 7: You met neighbours and you played with grandchildren, confirming that family and community stay central
ADU 8: Exercise felt less fun, but it still supported health goals and matched deeper values, even if no single action suffices
ADU 9: Taken together, these actions align clearly with the values you named
ADU 10: That shows steady care for health and relationships; you can be proud, Kim.",CLAIM,FALSE
B,8,6,"You visited your mother, and you phoned her on other days to show steady care",PREMISE,10,6,"ADU 1: You did well this past week, Kim, staying present for the people and goals you value, and your steady choices mattered
ADU 2: You locked your bike after a quick store run and then listened to a short podcast while you rested
ADU 3: You cycled to the store, went to the gym once, and kept moving most days
ADU 4: You listened to podcasts during quiet moments and used them to learn and reflect
ADU 5: You had dinner with your partner every evening, which strengthened daily connection and comfort
ADU 6 [TARGET]: You visited your mother, and you phoned her on other days to show steady care
ADU 7: You met neighbours and you played with grandchildren, confirming that family and community stay central
ADU 8: Exercise felt less fun, but it still supported health goals and matched deeper values, even if no single action suffices
ADU 9: Taken together, these actions align clearly with the values you named
ADU 10: That shows steady care for health and relationships; you can be proud, Kim.",PREMISE,TRUE
B,8,7,"You met neighbours and you played with grandchildren, confirming that family and community stay central",PREMISE,10,7,"ADU 1: You did well this past week, Kim, staying present for the people and goals you value, and your steady choices mattered
ADU 2: You locked your bike after a quick store run and then listened to a short podcast while you rested
ADU 3: You cycled to the store, went to the gym once, and kept moving most days
ADU 4: You listened to podcasts during quiet moments and used them to learn and reflect
ADU 5: You had dinner with your partner every evening, which strengthened daily connection and comfort
ADU 6: You visited your mother, and you phoned her on other days to show steady care
ADU 7 [TARGET]: You met neighbours and you played with grandchildren, confirming that family and community stay central
ADU 8: Exercise felt less fun, but it still supported health goals and matched deeper values, even if no single action suffices
ADU 9: Taken together, these actions align clearly with the values you named
ADU 10: That shows steady care for health and relationships; you can be proud, Kim.",CLAIM,FALSE
B,8,8,"Exercise felt less fun, but it still supported health goals and matched deeper values, even if no single action suffices",NONE,10,8,"ADU 1: You did well this past week, Kim, staying present for the people and goals you value, and your steady choices mattered
ADU 2: You locked your bike after a quick store run and then listened to a short podcast while you rested
ADU 3: You cycled to the store, went to the gym once, and kept moving most days
ADU 4: You listened to podcasts during quiet moments and used them to learn and reflect
ADU 5: You had dinner with your partner every evening, which strengthened daily connection and comfort
ADU 6: You visited your mother, and you phoned her on other days to show steady care
ADU 7: You met neighbours and you played with grandchildren, confirming that family and community stay central
ADU 8 [TARGET]: Exercise felt less fun, but it still supported health goals and matched deeper values, even if no single action suffices
ADU 9: Taken together, these actions align clearly with the values you named
ADU 10: That shows steady care for health and relationships; you can be proud, Kim.",PREMISE,FALSE
B,8,9,"Taken together, these actions align clearly with the values you named",CLAIM,10,9,"ADU 1: You did well this past week, Kim, staying present for the people and goals you value, and your steady choices mattered
ADU 2: You locked your bike after a quick store run and then listened to a short podcast while you rested
ADU 3: You cycled to the store, went to the gym once, and kept moving most days
ADU 4: You listened to podcasts during quiet moments and used them to learn and reflect
ADU 5: You had dinner with your partner every evening, which strengthened daily connection and comfort
ADU 6: You visited your mother, and you phoned her on other days to show steady care
ADU 7: You met neighbours and you played with grandchildren, confirming that family and community stay central
ADU 8: Exercise felt less fun, but it still supported health goals and matched deeper values, even if no single action suffices
ADU 9 [TARGET]: Taken together, these actions align clearly with the values you named
ADU 10: That shows steady care for health and relationships; you can be proud, Kim.",PREMISE,FALSE
B,8,10,"That shows steady care for health and relationships; you can be proud, Kim.",NONE,10,10,"ADU 1: You did well this past week, Kim, staying present for the people and goals you value, and your steady choices mattered
ADU 2: You locked your bike after a quick store run and then listened to a short podcast while you rested
ADU 3: You cycled to the store, went to the gym once, and kept moving most days
ADU 4: You listened to podcasts during quiet moments and used them to learn and reflect
ADU 5: You had dinner with your partner every evening, which strengthened daily connection and comfort
ADU 6: You visited your mother, and you phoned her on other days to show steady care
ADU 7: You met neighbours and you played with grandchildren, confirming that family and community stay central
ADU 8: Exercise felt less fun, but it still supported health goals and matched deeper values, even if no single action suffices
ADU 9: Taken together, these actions align clearly with the values you named
ADU 10 [TARGET]: That shows steady care for health and relationships; you can be proud, Kim.",CLAIM,FALSE
C,1,1,"You have kept steady, gentle habits, and that shows real self-care indeed",NONE,17,1,"ADU 1 [TARGET]: You have kept steady, gentle habits, and that shows real self-care indeed
ADU 2: You stretch by the window and read for a little while each evening
ADU 3: You enjoy a warm cup of tea while turning pages slowly
ADU 4: Do short exercise three times next week
ADU 5: It boosts energy and endurance
ADU 6: Add gentle stretching before and after
ADU 7: It reduces stiffness and eases muscles
ADU 8: Arrange one video call with your sister midweek
ADU 9: Connection lifts your mood
ADU 10: Read a novel or listen to music each night
ADU 11: Quiet time calms you
ADU 12: Try one art study circle session
ADU 13: Creativity can often lift spirits and focus
ADU 14: Keep activities small and safe
ADU 15: Steady progress matters for wellbeing and joy
ADU 16: Try Monday, Wednesday, and Friday for brief exercise and a short morning stretching routine
ADU 17: Call your sister midweek, visit one art circle, and read twenty relaxed minutes nightly at an easy pace.",CLAIM,FALSE
C,1,2,You stretch by the window and read for a little while each evening,PREMISE,17,2,"ADU 1: You have kept steady, gentle habits, and that shows real self-care indeed
ADU 2 [TARGET]: You stretch by the window and read for a little while each evening
ADU 3: You enjoy a warm cup of tea while turning pages slowly
ADU 4: Do short exercise three times next week
ADU 5: It boosts energy and endurance
ADU 6: Add gentle stretching before and after
ADU 7: It reduces stiffness and eases muscles
ADU 8: Arrange one video call with your sister midweek
ADU 9: Connection lifts your mood
ADU 10: Read a novel or listen to music each night
ADU 11: Quiet time calms you
ADU 12: Try one art study circle session
ADU 13: Creativity can often lift spirits and focus
ADU 14: Keep activities small and safe
ADU 15: Steady progress matters for wellbeing and joy
ADU 16: Try Monday, Wednesday, and Friday for brief exercise and a short morning stretching routine
ADU 17: Call your sister midweek, visit one art circle, and read twenty relaxed minutes nightly at an easy pace.",NONE,FALSE
C,1,3,You enjoy a warm cup of tea while turning pages slowly,PREMISE,17,3,"ADU 1: You have kept steady, gentle habits, and that shows real self-care indeed
ADU 2: You stretch by the window and read for a little while each evening
ADU 3 [TARGET]: You enjoy a warm cup of tea while turning pages slowly
ADU 4: Do short exercise three times next week
ADU 5: It boosts energy and endurance
ADU 6: Add gentle stretching before and after
ADU 7: It reduces stiffness and eases muscles
ADU 8: Arrange one video call with your sister midweek
ADU 9: Connection lifts your mood
ADU 10: Read a novel or listen to music each night
ADU 11: Quiet time calms you
ADU 12: Try one art study circle session
ADU 13: Creativity can often lift spirits and focus
ADU 14: Keep activities small and safe
ADU 15: Steady progress matters for wellbeing and joy
ADU 16: Try Monday, Wednesday, and Friday for brief exercise and a short morning stretching routine
ADU 17: Call your sister midweek, visit one art circle, and read twenty relaxed minutes nightly at an easy pace.",NONE,FALSE
C,1,4,Do short exercise three times next week,CLAIM,17,4,"ADU 1: You have kept steady, gentle habits, and that shows real self-care indeed
ADU 2: You stretch by the window and read for a little while each evening
ADU 3: You enjoy a warm cup of tea while turning pages slowly
ADU 4 [TARGET]: Do short exercise three times next week
ADU 5: It boosts energy and endurance
ADU 6: Add gentle stretching before and after
ADU 7: It reduces stiffness and eases muscles
ADU 8: Arrange one video call with your sister midweek
ADU 9: Connection lifts your mood
ADU 10: Read a novel or listen to music each night
ADU 11: Quiet time calms you
ADU 12: Try one art study circle session
ADU 13: Creativity can often lift spirits and focus
ADU 14: Keep activities small and safe
ADU 15: Steady progress matters for wellbeing and joy
ADU 16: Try Monday, Wednesday, and Friday for brief exercise and a short morning stretching routine
ADU 17: Call your sister midweek, visit one art circle, and read twenty relaxed minutes nightly at an easy pace.",CLAIM,TRUE
C,1,5,It boosts energy and endurance,PREMISE,17,5,"ADU 1: You have kept steady, gentle habits, and that shows real self-care indeed
ADU 2: You stretch by the window and read for a little while each evening
ADU 3: You enjoy a warm cup of tea while turning pages slowly
ADU 4: Do short exercise three times next week
ADU 5 [TARGET]: It boosts energy and endurance
ADU 6: Add gentle stretching before and after
ADU 7: It reduces stiffness and eases muscles
ADU 8: Arrange one video call with your sister midweek
ADU 9: Connection lifts your mood
ADU 10: Read a novel or listen to music each night
ADU 11: Quiet time calms you
ADU 12: Try one art study circle session
ADU 13: Creativity can often lift spirits and focus
ADU 14: Keep activities small and safe
ADU 15: Steady progress matters for wellbeing and joy
ADU 16: Try Monday, Wednesday, and Friday for brief exercise and a short morning stretching routine
ADU 17: Call your sister midweek, visit one art circle, and read twenty relaxed minutes nightly at an easy pace.",PREMISE,TRUE
C,1,6,Add gentle stretching before and after,CLAIM,17,6,"ADU 1: You have kept steady, gentle habits, and that shows real self-care indeed
ADU 2: You stretch by the window and read for a little while each evening
ADU 3: You enjoy a warm cup of tea while turning pages slowly
ADU 4: Do short exercise three times next week
ADU 5: It boosts energy and endurance
ADU 6 [TARGET]: Add gentle stretching before and after
ADU 7: It reduces stiffness and eases muscles
ADU 8: Arrange one video call with your sister midweek
ADU 9: Connection lifts your mood
ADU 10: Read a novel or listen to music each night
ADU 11: Quiet time calms you
ADU 12: Try one art study circle session
ADU 13: Creativity can often lift spirits and focus
ADU 14: Keep activities small and safe
ADU 15: Steady progress matters for wellbeing and joy
ADU 16: Try Monday, Wednesday, and Friday for brief exercise and a short morning stretching routine
ADU 17: Call your sister midweek, visit one art circle, and read twenty relaxed minutes nightly at an easy pace.",CLAIM,TRUE
C,1,7,It reduces stiffness and eases muscles,PREMISE,17,7,"ADU 1: You have kept steady, gentle habits, and that shows real self-care indeed
ADU 2: You stretch by the window and read for a little while each evening
ADU 3: You enjoy a warm cup of tea while turning pages slowly
ADU 4: Do short exercise three times next week
ADU 5: It boosts energy and endurance
ADU 6: Add gentle stretching before and after
ADU 7 [TARGET]: It reduces stiffness and eases muscles
ADU 8: Arrange one video call with your sister midweek
ADU 9: Connection lifts your mood
ADU 10: Read a novel or listen to music each night
ADU 11: Quiet time calms you
ADU 12: Try one art study circle session
ADU 13: Creativity can often lift spirits and focus
ADU 14: Keep activities small and safe
ADU 15: Steady progress matters for wellbeing and joy
ADU 16: Try Monday, Wednesday, and Friday for brief exercise and a short morning stretching routine
ADU 17: Call your sister midweek, visit one art circle, and read twenty relaxed minutes nightly at an easy pace.",PREMISE,TRUE
C,1,8,Arrange one video call with your sister midweek,CLAIM,17,8,"ADU 1: You have kept steady, gentle habits, and that shows real self-care indeed
ADU 2: You stretch by the window and read for a little while each evening
ADU 3: You enjoy a warm cup of tea while turning pages slowly
ADU 4: Do short exercise three times next week
ADU 5: It boosts energy and endurance
ADU 6: Add gentle stretching before and after
ADU 7: It reduces stiffness and eases muscles
ADU 8 [TARGET]: Arrange one video call with your sister midweek
ADU 9: Connection lifts your mood
ADU 10: Read a novel or listen to music each night
ADU 11: Quiet time calms you
ADU 12: Try one art study circle session
ADU 13: Creativity can often lift spirits and focus
ADU 14: Keep activities small and safe
ADU 15: Steady progress matters for wellbeing and joy
ADU 16: Try Monday, Wednesday, and Friday for brief exercise and a short morning stretching routine
ADU 17: Call your sister midweek, visit one art circle, and read twenty relaxed minutes nightly at an easy pace.",CLAIM,TRUE
C,1,9,Connection lifts your mood,PREMISE,17,9,"ADU 1: You have kept steady, gentle habits, and that shows real self-care indeed
ADU 2: You stretch by the window and read for a little while each evening
ADU 3: You enjoy a warm cup of tea while turning pages slowly
ADU 4: Do short exercise three times next week
ADU 5: It boosts energy and endurance
ADU 6: Add gentle stretching before and after
ADU 7: It reduces stiffness and eases muscles
ADU 8: Arrange one video call with your sister midweek
ADU 9 [TARGET]: Connection lifts your mood
ADU 10: Read a novel or listen to music each night
ADU 11: Quiet time calms you
ADU 12: Try one art study circle session
ADU 13: Creativity can often lift spirits and focus
ADU 14: Keep activities small and safe
ADU 15: Steady progress matters for wellbeing and joy
ADU 16: Try Monday, Wednesday, and Friday for brief exercise and a short morning stretching routine
ADU 17: Call your sister midweek, visit one art circle, and read twenty relaxed minutes nightly at an easy pace.",PREMISE,TRUE
C,1,10,Read a novel or listen to music each night,CLAIM,17,10,"ADU 1: You have kept steady, gentle habits, and that shows real self-care indeed
ADU 2: You stretch by the window and read for a little while each evening
ADU 3: You enjoy a warm cup of tea while turning pages slowly
ADU 4: Do short exercise three times next week
ADU 5: It boosts energy and endurance
ADU 6: Add gentle stretching before and after
ADU 7: It reduces stiffness and eases muscles
ADU 8: Arrange one video call with your sister midweek
ADU 9: Connection lifts your mood
ADU 10 [TARGET]: Read a novel or listen to music each night
ADU 11: Quiet time calms you
ADU 12: Try one art study circle session
ADU 13: Creativity can often lift spirits and focus
ADU 14: Keep activities small and safe
ADU 15: Steady progress matters for wellbeing and joy
ADU 16: Try Monday, Wednesday, and Friday for brief exercise and a short morning stretching routine
ADU 17: Call your sister midweek, visit one art circle, and read twenty relaxed minutes nightly at an easy pace.",CLAIM,TRUE
C,1,11,Quiet time calms you,PREMISE,17,11,"ADU 1: You have kept steady, gentle habits, and that shows real self-care indeed
ADU 2: You stretch by the window and read for a little while each evening
ADU 3: You enjoy a warm cup of tea while turning pages slowly
ADU 4: Do short exercise three times next week
ADU 5: It boosts energy and endurance
ADU 6: Add gentle stretching before and after
ADU 7: It reduces stiffness and eases muscles
ADU 8: Arrange one video call with your sister midweek
ADU 9: Connection lifts your mood
ADU 10: Read a novel or listen to music each night
ADU 11 [TARGET]: Quiet time calms you
ADU 12: Try one art study circle session
ADU 13: Creativity can often lift spirits and focus
ADU 14: Keep activities small and safe
ADU 15: Steady progress matters for wellbeing and joy
ADU 16: Try Monday, Wednesday, and Friday for brief exercise and a short morning stretching routine
ADU 17: Call your sister midweek, visit one art circle, and read twenty relaxed minutes nightly at an easy pace.",PREMISE,TRUE
C,1,12,Try one art study circle session,CLAIM,17,12,"ADU 1: You have kept steady, gentle habits, and that shows real self-care indeed
ADU 2: You stretch by the window and read for a little while each evening
ADU 3: You enjoy a warm cup of tea while turning pages slowly
ADU 4: Do short exercise three times next week
ADU 5: It boosts energy and endurance
ADU 6: Add gentle stretching before and after
ADU 7: It reduces stiffness and eases muscles
ADU 8: Arrange one video call with your sister midweek
ADU 9: Connection lifts your mood
ADU 10: Read a novel or listen to music each night
ADU 11: Quiet time calms you
ADU 12 [TARGET]: Try one art study circle session
ADU 13: Creativity can often lift spirits and focus
ADU 14: Keep activities small and safe
ADU 15: Steady progress matters for wellbeing and joy
ADU 16: Try Monday, Wednesday, and Friday for brief exercise and a short morning stretching routine
ADU 17: Call your sister midweek, visit one art circle, and read twenty relaxed minutes nightly at an easy pace.",CLAIM,TRUE
C,1,13,Creativity can often lift spirits and focus,PREMISE,17,13,"ADU 1: You have kept steady, gentle habits, and that shows real self-care indeed
ADU 2: You stretch by the window and read for a little while each evening
ADU 3: You enjoy a warm cup of tea while turning pages slowly
ADU 4: Do short exercise three times next week
ADU 5: It boosts energy and endurance
ADU 6: Add gentle stretching before and after
ADU 7: It reduces stiffness and eases muscles
ADU 8: Arrange one video call with your sister midweek
ADU 9: Connection lifts your mood
ADU 10: Read a novel or listen to music each night
ADU 11: Quiet time calms you
ADU 12: Try one art study circle session
ADU 13 [TARGET]: Creativity can often lift spirits and focus
ADU 14: Keep activities small and safe
ADU 15: Steady progress matters for wellbeing and joy
ADU 16: Try Monday, Wednesday, and Friday for brief exercise and a short morning stretching routine
ADU 17: Call your sister midweek, visit one art circle, and read twenty relaxed minutes nightly at an easy pace.",PREMISE,TRUE
C,1,14,Keep activities small and safe,CLAIM,17,14,"ADU 1: You have kept steady, gentle habits, and that shows real self-care indeed
ADU 2: You stretch by the window and read for a little while each evening
ADU 3: You enjoy a warm cup of tea while turning pages slowly
ADU 4: Do short exercise three times next week
ADU 5: It boosts energy and endurance
ADU 6: Add gentle stretching before and after
ADU 7: It reduces stiffness and eases muscles
ADU 8: Arrange one video call with your sister midweek
ADU 9: Connection lifts your mood
ADU 10: Read a novel or listen to music each night
ADU 11: Quiet time calms you
ADU 12: Try one art study circle session
ADU 13: Creativity can often lift spirits and focus
ADU 14 [TARGET]: Keep activities small and safe
ADU 15: Steady progress matters for wellbeing and joy
ADU 16: Try Monday, Wednesday, and Friday for brief exercise and a short morning stretching routine
ADU 17: Call your sister midweek, visit one art circle, and read twenty relaxed minutes nightly at an easy pace.",CLAIM,TRUE
C,1,15,Steady progress matters for wellbeing and joy,PREMISE,17,15,"ADU 1: You have kept steady, gentle habits, and that shows real self-care indeed
ADU 2: You stretch by the window and read for a little while each evening
ADU 3: You enjoy a warm cup of tea while turning pages slowly
ADU 4: Do short exercise three times next week
ADU 5: It boosts energy and endurance
ADU 6: Add gentle stretching before and after
ADU 7: It reduces stiffness and eases muscles
ADU 8: Arrange one video call with your sister midweek
ADU 9: Connection lifts your mood
ADU 10: Read a novel or listen to music each night
ADU 11: Quiet time calms you
ADU 12: Try one art study circle session
ADU 13: Creativity can often lift spirits and focus
ADU 14: Keep activities small and safe
ADU 15 [TARGET]: Steady progress matters for wellbeing and joy
ADU 16: Try Monday, Wednesday, and Friday for brief exercise and a short morning stretching routine
ADU 17: Call your sister midweek, visit one art circle, and read twenty relaxed minutes nightly at an easy pace.",CLAIM,FALSE
C,1,16,"Try Monday, Wednesday, and Friday for brief exercise and a short morning stretching routine",CLAIM,17,16,"ADU 1: You have kept steady, gentle habits, and that shows real self-care indeed
ADU 2: You stretch by the window and read for a little while each evening
ADU 3: You enjoy a warm cup of tea while turning pages slowly
ADU 4: Do short exercise three times next week
ADU 5: It boosts energy and endurance
ADU 6: Add gentle stretching before and after
ADU 7: It reduces stiffness and eases muscles
ADU 8: Arrange one video call with your sister midweek
ADU 9: Connection lifts your mood
ADU 10: Read a novel or listen to music each night
ADU 11: Quiet time calms you
ADU 12: Try one art study circle session
ADU 13: Creativity can often lift spirits and focus
ADU 14: Keep activities small and safe
ADU 15: Steady progress matters for wellbeing and joy
ADU 16 [TARGET]: Try Monday, Wednesday, and Friday for brief exercise and a short morning stretching routine
ADU 17: Call your sister midweek, visit one art circle, and read twenty relaxed minutes nightly at an easy pace.",CLAIM,TRUE
C,1,17,"Call your sister midweek, visit one art circle, and read twenty relaxed minutes nightly at an easy pace.",CLAIM,17,17,"ADU 1: You have kept steady, gentle habits, and that shows real self-care indeed
ADU 2: You stretch by the window and read for a little while each evening
ADU 3: You enjoy a warm cup of tea while turning pages slowly
ADU 4: Do short exercise three times next week
ADU 5: It boosts energy and endurance
ADU 6: Add gentle stretching before and after
ADU 7: It reduces stiffness and eases muscles
ADU 8: Arrange one video call with your sister midweek
ADU 9: Connection lifts your mood
ADU 10: Read a novel or listen to music each night
ADU 11: Quiet time calms you
ADU 12: Try one art study circle session
ADU 13: Creativity can often lift spirits and focus
ADU 14: Keep activities small and safe
ADU 15: Steady progress matters for wellbeing and joy
ADU 16: Try Monday, Wednesday, and Friday for brief exercise and a short morning stretching routine
ADU 17 [TARGET]: Call your sister midweek, visit one art circle, and read twenty relaxed minutes nightly at an easy pace.",CLAIM,TRUE
C,2,1,You have tended to your routines with patience and care this week,NONE,14,1,"ADU 1 [TARGET]: You have tended to your routines with patience and care this week
ADU 2: This morning you brewed tea, smiled, and laced your walking shoes
ADU 3: You noticed the light on your table and felt calm
ADU 4: Next week, choose brief, safe activities that steadily lift your mood and energy
ADU 5: Do the exercise program three times
ADU 6: Movement improves energy, balance, and confidence
ADU 7: Keep daily stretching
ADU 8: It eases stiffness, reduces pain, and helps you move easier
ADU 9: Schedule a video call with your sister
ADU 10: Connection brings comfort, perspective, and happiness
ADU 11: Read a short novel chapter or play music between tasks to relax and savor small pleasures
ADU 12: Check that these activities truly match your values, avoid conflicts, and consider easier alternatives
ADU 13: Plan three brief exercise sessions, daily five-minute stretches, one sister call, short reading times, and music breaks
ADU 14: Consider joining the art study circle once if it feels comfortable, safe, and rewarding.",NONE,TRUE
C,2,2,"This morning you brewed tea, smiled, and laced your walking shoes",PREMISE,14,2,"ADU 1: You have tended to your routines with patience and care this week
ADU 2 [TARGET]: This morning you brewed tea, smiled, and laced your walking shoes
ADU 3: You noticed the light on your table and felt calm
ADU 4: Next week, choose brief, safe activities that steadily lift your mood and energy
ADU 5: Do the exercise program three times
ADU 6: Movement improves energy, balance, and confidence
ADU 7: Keep daily stretching
ADU 8: It eases stiffness, reduces pain, and helps you move easier
ADU 9: Schedule a video call with your sister
ADU 10: Connection brings comfort, perspective, and happiness
ADU 11: Read a short novel chapter or play music between tasks to relax and savor small pleasures
ADU 12: Check that these activities truly match your values, avoid conflicts, and consider easier alternatives
ADU 13: Plan three brief exercise sessions, daily five-minute stretches, one sister call, short reading times, and music breaks
ADU 14: Consider joining the art study circle once if it feels comfortable, safe, and rewarding.",NONE,FALSE
C,2,3,You noticed the light on your table and felt calm,PREMISE,14,3,"ADU 1: You have tended to your routines with patience and care this week
ADU 2: This morning you brewed tea, smiled, and laced your walking shoes
ADU 3 [TARGET]: You noticed the light on your table and felt calm
ADU 4: Next week, choose brief, safe activities that steadily lift your mood and energy
ADU 5: Do the exercise program three times
ADU 6: Movement improves energy, balance, and confidence
ADU 7: Keep daily stretching
ADU 8: It eases stiffness, reduces pain, and helps you move easier
ADU 9: Schedule a video call with your sister
ADU 10: Connection brings comfort, perspective, and happiness
ADU 11: Read a short novel chapter or play music between tasks to relax and savor small pleasures
ADU 12: Check that these activities truly match your values, avoid conflicts, and consider easier alternatives
ADU 13: Plan three brief exercise sessions, daily five-minute stretches, one sister call, short reading times, and music breaks
ADU 14: Consider joining the art study circle once if it feels comfortable, safe, and rewarding.",NONE,FALSE
C,2,4,"Next week, choose brief, safe activities that steadily lift your mood and energy",CLAIM,14,4,"ADU 1: You have tended to your routines with patience and care this week
ADU 2: This morning you brewed tea, smiled, and laced your walking shoes
ADU 3: You noticed the light on your table and felt calm
ADU 4 [TARGET]: Next week, choose brief, safe activities that steadily lift your mood and energy
ADU 5: Do the exercise program three times
ADU 6: Movement improves energy, balance, and confidence
ADU 7: Keep daily stretching
ADU 8: It eases stiffness, reduces pain, and helps you move easier
ADU 9: Schedule a video call with your sister
ADU 10: Connection brings comfort, perspective, and happiness
ADU 11: Read a short novel chapter or play music between tasks to relax and savor small pleasures
ADU 12: Check that these activities truly match your values, avoid conflicts, and consider easier alternatives
ADU 13: Plan three brief exercise sessions, daily five-minute stretches, one sister call, short reading times, and music breaks
ADU 14: Consider joining the art study circle once if it feels comfortable, safe, and rewarding.",CLAIM,TRUE
C,2,5,Do the exercise program three times,CLAIM,14,5,"ADU 1: You have tended to your routines with patience and care this week
ADU 2: This morning you brewed tea, smiled, and laced your walking shoes
ADU 3: You noticed the light on your table and felt calm
ADU 4: Next week, choose brief, safe activities that steadily lift your mood and energy
ADU 5 [TARGET]: Do the exercise program three times
ADU 6: Movement improves energy, balance, and confidence
ADU 7: Keep daily stretching
ADU 8: It eases stiffness, reduces pain, and helps you move easier
ADU 9: Schedule a video call with your sister
ADU 10: Connection brings comfort, perspective, and happiness
ADU 11: Read a short novel chapter or play music between tasks to relax and savor small pleasures
ADU 12: Check that these activities truly match your values, avoid conflicts, and consider easier alternatives
ADU 13: Plan three brief exercise sessions, daily five-minute stretches, one sister call, short reading times, and music breaks
ADU 14: Consider joining the art study circle once if it feels comfortable, safe, and rewarding.",CLAIM,TRUE
C,2,6,"Movement improves energy, balance, and confidence",PREMISE,14,6,"ADU 1: You have tended to your routines with patience and care this week
ADU 2: This morning you brewed tea, smiled, and laced your walking shoes
ADU 3: You noticed the light on your table and felt calm
ADU 4: Next week, choose brief, safe activities that steadily lift your mood and energy
ADU 5: Do the exercise program three times
ADU 6 [TARGET]: Movement improves energy, balance, and confidence
ADU 7: Keep daily stretching
ADU 8: It eases stiffness, reduces pain, and helps you move easier
ADU 9: Schedule a video call with your sister
ADU 10: Connection brings comfort, perspective, and happiness
ADU 11: Read a short novel chapter or play music between tasks to relax and savor small pleasures
ADU 12: Check that these activities truly match your values, avoid conflicts, and consider easier alternatives
ADU 13: Plan three brief exercise sessions, daily five-minute stretches, one sister call, short reading times, and music breaks
ADU 14: Consider joining the art study circle once if it feels comfortable, safe, and rewarding.",PREMISE,TRUE
C,2,7,Keep daily stretching,CLAIM,14,7,"ADU 1: You have tended to your routines with patience and care this week
ADU 2: This morning you brewed tea, smiled, and laced your walking shoes
ADU 3: You noticed the light on your table and felt calm
ADU 4: Next week, choose brief, safe activities that steadily lift your mood and energy
ADU 5: Do the exercise program three times
ADU 6: Movement improves energy, balance, and confidence
ADU 7 [TARGET]: Keep daily stretching
ADU 8: It eases stiffness, reduces pain, and helps you move easier
ADU 9: Schedule a video call with your sister
ADU 10: Connection brings comfort, perspective, and happiness
ADU 11: Read a short novel chapter or play music between tasks to relax and savor small pleasures
ADU 12: Check that these activities truly match your values, avoid conflicts, and consider easier alternatives
ADU 13: Plan three brief exercise sessions, daily five-minute stretches, one sister call, short reading times, and music breaks
ADU 14: Consider joining the art study circle once if it feels comfortable, safe, and rewarding.",CLAIM,TRUE
C,2,8,"It eases stiffness, reduces pain, and helps you move easier",PREMISE,14,8,"ADU 1: You have tended to your routines with patience and care this week
ADU 2: This morning you brewed tea, smiled, and laced your walking shoes
ADU 3: You noticed the light on your table and felt calm
ADU 4: Next week, choose brief, safe activities that steadily lift your mood and energy
ADU 5: Do the exercise program three times
ADU 6: Movement improves energy, balance, and confidence
ADU 7: Keep daily stretching
ADU 8 [TARGET]: It eases stiffness, reduces pain, and helps you move easier
ADU 9: Schedule a video call with your sister
ADU 10: Connection brings comfort, perspective, and happiness
ADU 11: Read a short novel chapter or play music between tasks to relax and savor small pleasures
ADU 12: Check that these activities truly match your values, avoid conflicts, and consider easier alternatives
ADU 13: Plan three brief exercise sessions, daily five-minute stretches, one sister call, short reading times, and music breaks
ADU 14: Consider joining the art study circle once if it feels comfortable, safe, and rewarding.",PREMISE,TRUE
C,2,9,Schedule a video call with your sister,CLAIM,14,9,"ADU 1: You have tended to your routines with patience and care this week
ADU 2: This morning you brewed tea, smiled, and laced your walking shoes
ADU 3: You noticed the light on your table and felt calm
ADU 4: Next week, choose brief, safe activities that steadily lift your mood and energy
ADU 5: Do the exercise program three times
ADU 6: Movement improves energy, balance, and confidence
ADU 7: Keep daily stretching
ADU 8: It eases stiffness, reduces pain, and helps you move easier
ADU 9 [TARGET]: Schedule a video call with your sister
ADU 10: Connection brings comfort, perspective, and happiness
ADU 11: Read a short novel chapter or play music between tasks to relax and savor small pleasures
ADU 12: Check that these activities truly match your values, avoid conflicts, and consider easier alternatives
ADU 13: Plan three brief exercise sessions, daily five-minute stretches, one sister call, short reading times, and music breaks
ADU 14: Consider joining the art study circle once if it feels comfortable, safe, and rewarding.",CLAIM,TRUE
C,2,10,"Connection brings comfort, perspective, and happiness",PREMISE,14,10,"ADU 1: You have tended to your routines with patience and care this week
ADU 2: This morning you brewed tea, smiled, and laced your walking shoes
ADU 3: You noticed the light on your table and felt calm
ADU 4: Next week, choose brief, safe activities that steadily lift your mood and energy
ADU 5: Do the exercise program three times
ADU 6: Movement improves energy, balance, and confidence
ADU 7: Keep daily stretching
ADU 8: It eases stiffness, reduces pain, and helps you move easier
ADU 9: Schedule a video call with your sister
ADU 10 [TARGET]: Connection brings comfort, perspective, and happiness
ADU 11: Read a short novel chapter or play music between tasks to relax and savor small pleasures
ADU 12: Check that these activities truly match your values, avoid conflicts, and consider easier alternatives
ADU 13: Plan three brief exercise sessions, daily five-minute stretches, one sister call, short reading times, and music breaks
ADU 14: Consider joining the art study circle once if it feels comfortable, safe, and rewarding.",PREMISE,TRUE
C,2,11,Read a short novel chapter or play music between tasks to relax and savor small pleasures,CLAIM,14,11,"ADU 1: You have tended to your routines with patience and care this week
ADU 2: This morning you brewed tea, smiled, and laced your walking shoes
ADU 3: You noticed the light on your table and felt calm
ADU 4: Next week, choose brief, safe activities that steadily lift your mood and energy
ADU 5: Do the exercise program three times
ADU 6: Movement improves energy, balance, and confidence
ADU 7: Keep daily stretching
ADU 8: It eases stiffness, reduces pain, and helps you move easier
ADU 9: Schedule a video call with your sister
ADU 10: Connection brings comfort, perspective, and happiness
ADU 11 [TARGET]: Read a short novel chapter or play music between tasks to relax and savor small pleasures
ADU 12: Check that these activities truly match your values, avoid conflicts, and consider easier alternatives
ADU 13: Plan three brief exercise sessions, daily five-minute stretches, one sister call, short reading times, and music breaks
ADU 14: Consider joining the art study circle once if it feels comfortable, safe, and rewarding.",CLAIM,TRUE
C,2,12,"Check that these activities truly match your values, avoid conflicts, and consider easier alternatives",CLAIM,14,12,"ADU 1: You have tended to your routines with patience and care this week
ADU 2: This morning you brewed tea, smiled, and laced your walking shoes
ADU 3: You noticed the light on your table and felt calm
ADU 4: Next week, choose brief, safe activities that steadily lift your mood and energy
ADU 5: Do the exercise program three times
ADU 6: Movement improves energy, balance, and confidence
ADU 7: Keep daily stretching
ADU 8: It eases stiffness, reduces pain, and helps you move easier
ADU 9: Schedule a video call with your sister
ADU 10: Connection brings comfort, perspective, and happiness
ADU 11: Read a short novel chapter or play music between tasks to relax and savor small pleasures
ADU 12 [TARGET]: Check that these activities truly match your values, avoid conflicts, and consider easier alternatives
ADU 13: Plan three brief exercise sessions, daily five-minute stretches, one sister call, short reading times, and music breaks
ADU 14: Consider joining the art study circle once if it feels comfortable, safe, and rewarding.",CLAIM,TRUE
C,2,13,"Plan three brief exercise sessions, daily five-minute stretches, one sister call, short reading times, and music breaks",CLAIM,14,13,"ADU 1: You have tended to your routines with patience and care this week
ADU 2: This morning you brewed tea, smiled, and laced your walking shoes
ADU 3: You noticed the light on your table and felt calm
ADU 4: Next week, choose brief, safe activities that steadily lift your mood and energy
ADU 5: Do the exercise program three times
ADU 6: Movement improves energy, balance, and confidence
ADU 7: Keep daily stretching
ADU 8: It eases stiffness, reduces pain, and helps you move easier
ADU 9: Schedule a video call with your sister
ADU 10: Connection brings comfort, perspective, and happiness
ADU 11: Read a short novel chapter or play music between tasks to relax and savor small pleasures
ADU 12: Check that these activities truly match your values, avoid conflicts, and consider easier alternatives
ADU 13 [TARGET]: Plan three brief exercise sessions, daily five-minute stretches, one sister call, short reading times, and music breaks
ADU 14: Consider joining the art study circle once if it feels comfortable, safe, and rewarding.",CLAIM,TRUE
C,2,14,"Consider joining the art study circle once if it feels comfortable, safe, and rewarding.",CLAIM,14,14,"ADU 1: You have tended to your routines with patience and care this week
ADU 2: This morning you brewed tea, smiled, and laced your walking shoes
ADU 3: You noticed the light on your table and felt calm
ADU 4: Next week, choose brief, safe activities that steadily lift your mood and energy
ADU 5: Do the exercise program three times
ADU 6: Movement improves energy, balance, and confidence
ADU 7: Keep daily stretching
ADU 8: It eases stiffness, reduces pain, and helps you move easier
ADU 9: Schedule a video call with your sister
ADU 10: Connection brings comfort, perspective, and happiness
ADU 11: Read a short novel chapter or play music between tasks to relax and savor small pleasures
ADU 12: Check that these activities truly match your values, avoid conflicts, and consider easier alternatives
ADU 13: Plan three brief exercise sessions, daily five-minute stretches, one sister call, short reading times, and music breaks
ADU 14 [TARGET]: Consider joining the art study circle once if it feels comfortable, safe, and rewarding.",CLAIM,TRUE
C,3,1,"You did well keeping many healthy habits this week, Kim, well done",NONE,15,1,"ADU 1 [TARGET]: You did well keeping many healthy habits this week, Kim, well done
ADU 2: You often close your book and stretch by the window each morning
ADU 3: Your steady efforts show in small daily routines, and you notice small gains
ADU 4: For next week, adopt a lighter routine with more spacing and rest
ADU 5: Keep reading novels daily
ADU 6: It brings you joy and calm always
ADU 7: Play music every other day
ADU 8: It lifts mood without tiring you
ADU 9: Place exercise, stretching, video calls, and art on alternate days at home
ADU 10: Add one quiet recovery block each week
ADU 11: Spacing protects energy regularly and reduces stress
ADU 12: This may help but might not be fully sufficient
ADU 13: Watch for loneliness and low energy
ADU 14: Plan three active days, two light days, and one quiet recovery day
ADU 15: Adjust as you feel and keep gentle boundaries with commitments that help, and ask for help when something feels too much.",CLAIM,FALSE
C,3,2,You often close your book and stretch by the window each morning,PREMISE,15,2,"ADU 1: You did well keeping many healthy habits this week, Kim, well done
ADU 2 [TARGET]: You often close your book and stretch by the window each morning
ADU 3: Your steady efforts show in small daily routines, and you notice small gains
ADU 4: For next week, adopt a lighter routine with more spacing and rest
ADU 5: Keep reading novels daily
ADU 6: It brings you joy and calm always
ADU 7: Play music every other day
ADU 8: It lifts mood without tiring you
ADU 9: Place exercise, stretching, video calls, and art on alternate days at home
ADU 10: Add one quiet recovery block each week
ADU 11: Spacing protects energy regularly and reduces stress
ADU 12: This may help but might not be fully sufficient
ADU 13: Watch for loneliness and low energy
ADU 14: Plan three active days, two light days, and one quiet recovery day
ADU 15: Adjust as you feel and keep gentle boundaries with commitments that help, and ask for help when something feels too much.",NONE,FALSE
C,3,3,"Your steady efforts show in small daily routines, and you notice small gains",PREMISE,15,3,"ADU 1: You did well keeping many healthy habits this week, Kim, well done
ADU 2: You often close your book and stretch by the window each morning
ADU 3 [TARGET]: Your steady efforts show in small daily routines, and you notice small gains
ADU 4: For next week, adopt a lighter routine with more spacing and rest
ADU 5: Keep reading novels daily
ADU 6: It brings you joy and calm always
ADU 7: Play music every other day
ADU 8: It lifts mood without tiring you
ADU 9: Place exercise, stretching, video calls, and art on alternate days at home
ADU 10: Add one quiet recovery block each week
ADU 11: Spacing protects energy regularly and reduces stress
ADU 12: This may help but might not be fully sufficient
ADU 13: Watch for loneliness and low energy
ADU 14: Plan three active days, two light days, and one quiet recovery day
ADU 15: Adjust as you feel and keep gentle boundaries with commitments that help, and ask for help when something feels too much.",CLAIM,FALSE
C,3,4,"For next week, adopt a lighter routine with more spacing and rest",CLAIM,15,4,"ADU 1: You did well keeping many healthy habits this week, Kim, well done
ADU 2: You often close your book and stretch by the window each morning
ADU 3: Your steady efforts show in small daily routines, and you notice small gains
ADU 4 [TARGET]: For next week, adopt a lighter routine with more spacing and rest
ADU 5: Keep reading novels daily
ADU 6: It brings you joy and calm always
ADU 7: Play music every other day
ADU 8: It lifts mood without tiring you
ADU 9: Place exercise, stretching, video calls, and art on alternate days at home
ADU 10: Add one quiet recovery block each week
ADU 11: Spacing protects energy regularly and reduces stress
ADU 12: This may help but might not be fully sufficient
ADU 13: Watch for loneliness and low energy
ADU 14: Plan three active days, two light days, and one quiet recovery day
ADU 15: Adjust as you feel and keep gentle boundaries with commitments that help, and ask for help when something feels too much.",CLAIM,TRUE
C,3,5,Keep reading novels daily,CLAIM,15,5,"ADU 1: You did well keeping many healthy habits this week, Kim, well done
ADU 2: You often close your book and stretch by the window each morning
ADU 3: Your steady efforts show in small daily routines, and you notice small gains
ADU 4: For next week, adopt a lighter routine with more spacing and rest
ADU 5 [TARGET]: Keep reading novels daily
ADU 6: It brings you joy and calm always
ADU 7: Play music every other day
ADU 8: It lifts mood without tiring you
ADU 9: Place exercise, stretching, video calls, and art on alternate days at home
ADU 10: Add one quiet recovery block each week
ADU 11: Spacing protects energy regularly and reduces stress
ADU 12: This may help but might not be fully sufficient
ADU 13: Watch for loneliness and low energy
ADU 14: Plan three active days, two light days, and one quiet recovery day
ADU 15: Adjust as you feel and keep gentle boundaries with commitments that help, and ask for help when something feels too much.",CLAIM,TRUE
C,3,6,It brings you joy and calm always,PREMISE,15,6,"ADU 1: You did well keeping many healthy habits this week, Kim, well done
ADU 2: You often close your book and stretch by the window each morning
ADU 3: Your steady efforts show in small daily routines, and you notice small gains
ADU 4: For next week, adopt a lighter routine with more spacing and rest
ADU 5: Keep reading novels daily
ADU 6 [TARGET]: It brings you joy and calm always
ADU 7: Play music every other day
ADU 8: It lifts mood without tiring you
ADU 9: Place exercise, stretching, video calls, and art on alternate days at home
ADU 10: Add one quiet recovery block each week
ADU 11: Spacing protects energy regularly and reduces stress
ADU 12: This may help but might not be fully sufficient
ADU 13: Watch for loneliness and low energy
ADU 14: Plan three active days, two light days, and one quiet recovery day
ADU 15: Adjust as you feel and keep gentle boundaries with commitments that help, and ask for help when something feels too much.",PREMISE,TRUE
C,3,7,Play music every other day,CLAIM,15,7,"ADU 1: You did well keeping many healthy habits this week, Kim, well done
ADU 2: You often close your book and stretch by the window each morning
ADU 3: Your steady efforts show in small daily routines, and you notice small gains
ADU 4: For next week, adopt a lighter routine with more spacing and rest
ADU 5: Keep reading novels daily
ADU 6: It brings you joy and calm always
ADU 7 [TARGET]: Play music every other day
ADU 8: It lifts mood without tiring you
ADU 9: Place exercise, stretching, video calls, and art on alternate days at home
ADU 10: Add one quiet recovery block each week
ADU 11: Spacing protects energy regularly and reduces stress
ADU 12: This may help but might not be fully sufficient
ADU 13: Watch for loneliness and low energy
ADU 14: Plan three active days, two light days, and one quiet recovery day
ADU 15: Adjust as you feel and keep gentle boundaries with commitments that help, and ask for help when something feels too much.",CLAIM,TRUE
C,3,8,It lifts mood without tiring you,PREMISE,15,8,"ADU 1: You did well keeping many healthy habits this week, Kim, well done
ADU 2: You often close your book and stretch by the window each morning
ADU 3: Your steady efforts show in small daily routines, and you notice small gains
ADU 4: For next week, adopt a lighter routine with more spacing and rest
ADU 5: Keep reading novels daily
ADU 6: It brings you joy and calm always
ADU 7: Play music every other day
ADU 8 [TARGET]: It lifts mood without tiring you
ADU 9: Place exercise, stretching, video calls, and art on alternate days at home
ADU 10: Add one quiet recovery block each week
ADU 11: Spacing protects energy regularly and reduces stress
ADU 12: This may help but might not be fully sufficient
ADU 13: Watch for loneliness and low energy
ADU 14: Plan three active days, two light days, and one quiet recovery day
ADU 15: Adjust as you feel and keep gentle boundaries with commitments that help, and ask for help when something feels too much.",PREMISE,TRUE
C,3,9,"Place exercise, stretching, video calls, and art on alternate days at home",CLAIM,15,9,"ADU 1: You did well keeping many healthy habits this week, Kim, well done
ADU 2: You often close your book and stretch by the window each morning
ADU 3: Your steady efforts show in small daily routines, and you notice small gains
ADU 4: For next week, adopt a lighter routine with more spacing and rest
ADU 5: Keep reading novels daily
ADU 6: It brings you joy and calm always
ADU 7: Play music every other day
ADU 8: It lifts mood without tiring you
ADU 9 [TARGET]: Place exercise, stretching, video calls, and art on alternate days at home
ADU 10: Add one quiet recovery block each week
ADU 11: Spacing protects energy regularly and reduces stress
ADU 12: This may help but might not be fully sufficient
ADU 13: Watch for loneliness and low energy
ADU 14: Plan three active days, two light days, and one quiet recovery day
ADU 15: Adjust as you feel and keep gentle boundaries with commitments that help, and ask for help when something feels too much.",CLAIM,TRUE
C,3,10,Add one quiet recovery block each week,CLAIM,15,10,"ADU 1: You did well keeping many healthy habits this week, Kim, well done
ADU 2: You often close your book and stretch by the window each morning
ADU 3: Your steady efforts show in small daily routines, and you notice small gains
ADU 4: For next week, adopt a lighter routine with more spacing and rest
ADU 5: Keep reading novels daily
ADU 6: It brings you joy and calm always
ADU 7: Play music every other day
ADU 8: It lifts mood without tiring you
ADU 9: Place exercise, stretching, video calls, and art on alternate days at home
ADU 10 [TARGET]: Add one quiet recovery block each week
ADU 11: Spacing protects energy regularly and reduces stress
ADU 12: This may help but might not be fully sufficient
ADU 13: Watch for loneliness and low energy
ADU 14: Plan three active days, two light days, and one quiet recovery day
ADU 15: Adjust as you feel and keep gentle boundaries with commitments that help, and ask for help when something feels too much.",CLAIM,TRUE
C,3,11,Spacing protects energy regularly and reduces stress,PREMISE,15,11,"ADU 1: You did well keeping many healthy habits this week, Kim, well done
ADU 2: You often close your book and stretch by the window each morning
ADU 3: Your steady efforts show in small daily routines, and you notice small gains
ADU 4: For next week, adopt a lighter routine with more spacing and rest
ADU 5: Keep reading novels daily
ADU 6: It brings you joy and calm always
ADU 7: Play music every other day
ADU 8: It lifts mood without tiring you
ADU 9: Place exercise, stretching, video calls, and art on alternate days at home
ADU 10: Add one quiet recovery block each week
ADU 11 [TARGET]: Spacing protects energy regularly and reduces stress
ADU 12: This may help but might not be fully sufficient
ADU 13: Watch for loneliness and low energy
ADU 14: Plan three active days, two light days, and one quiet recovery day
ADU 15: Adjust as you feel and keep gentle boundaries with commitments that help, and ask for help when something feels too much.",PREMISE,TRUE
C,3,12,This may help but might not be fully sufficient,NONE,15,12,"ADU 1: You did well keeping many healthy habits this week, Kim, well done
ADU 2: You often close your book and stretch by the window each morning
ADU 3: Your steady efforts show in small daily routines, and you notice small gains
ADU 4: For next week, adopt a lighter routine with more spacing and rest
ADU 5: Keep reading novels daily
ADU 6: It brings you joy and calm always
ADU 7: Play music every other day
ADU 8: It lifts mood without tiring you
ADU 9: Place exercise, stretching, video calls, and art on alternate days at home
ADU 10: Add one quiet recovery block each week
ADU 11: Spacing protects energy regularly and reduces stress
ADU 12 [TARGET]: This may help but might not be fully sufficient
ADU 13: Watch for loneliness and low energy
ADU 14: Plan three active days, two light days, and one quiet recovery day
ADU 15: Adjust as you feel and keep gentle boundaries with commitments that help, and ask for help when something feels too much.",CLAIM,FALSE
C,3,13,Watch for loneliness and low energy,CLAIM,15,13,"ADU 1: You did well keeping many healthy habits this week, Kim, well done
ADU 2: You often close your book and stretch by the window each morning
ADU 3: Your steady efforts show in small daily routines, and you notice small gains
ADU 4: For next week, adopt a lighter routine with more spacing and rest
ADU 5: Keep reading novels daily
ADU 6: It brings you joy and calm always
ADU 7: Play music every other day
ADU 8: It lifts mood without tiring you
ADU 9: Place exercise, stretching, video calls, and art on alternate days at home
ADU 10: Add one quiet recovery block each week
ADU 11: Spacing protects energy regularly and reduces stress
ADU 12: This may help but might not be fully sufficient
ADU 13 [TARGET]: Watch for loneliness and low energy
ADU 14: Plan three active days, two light days, and one quiet recovery day
ADU 15: Adjust as you feel and keep gentle boundaries with commitments that help, and ask for help when something feels too much.",CLAIM,TRUE
C,3,14,"Plan three active days, two light days, and one quiet recovery day",CLAIM,15,14,"ADU 1: You did well keeping many healthy habits this week, Kim, well done
ADU 2: You often close your book and stretch by the window each morning
ADU 3: Your steady efforts show in small daily routines, and you notice small gains
ADU 4: For next week, adopt a lighter routine with more spacing and rest
ADU 5: Keep reading novels daily
ADU 6: It brings you joy and calm always
ADU 7: Play music every other day
ADU 8: It lifts mood without tiring you
ADU 9: Place exercise, stretching, video calls, and art on alternate days at home
ADU 10: Add one quiet recovery block each week
ADU 11: Spacing protects energy regularly and reduces stress
ADU 12: This may help but might not be fully sufficient
ADU 13: Watch for loneliness and low energy
ADU 14 [TARGET]: Plan three active days, two light days, and one quiet recovery day
ADU 15: Adjust as you feel and keep gentle boundaries with commitments that help, and ask for help when something feels too much.",CLAIM,TRUE
C,3,15,"Adjust as you feel and keep gentle boundaries with commitments that help, and ask for help when something feels too much.",CLAIM,15,15,"ADU 1: You did well keeping many healthy habits this week, Kim, well done
ADU 2: You often close your book and stretch by the window each morning
ADU 3: Your steady efforts show in small daily routines, and you notice small gains
ADU 4: For next week, adopt a lighter routine with more spacing and rest
ADU 5: Keep reading novels daily
ADU 6: It brings you joy and calm always
ADU 7: Play music every other day
ADU 8: It lifts mood without tiring you
ADU 9: Place exercise, stretching, video calls, and art on alternate days at home
ADU 10: Add one quiet recovery block each week
ADU 11: Spacing protects energy regularly and reduces stress
ADU 12: This may help but might not be fully sufficient
ADU 13: Watch for loneliness and low energy
ADU 14: Plan three active days, two light days, and one quiet recovery day
ADU 15 [TARGET]: Adjust as you feel and keep gentle boundaries with commitments that help, and ask for help when something feels too much.",CLAIM,TRUE
C,4,1,"You kept many routines this week, and that shows steady care",NONE,14,1,"ADU 1 [TARGET]: You kept many routines this week, and that shows steady care
ADU 2: I picture you reading a novel softly in the chair
ADU 3: You also made video calls and attended the art study circle
ADU 4: Next week, aim for alternate days for core activities and rest
ADU 5: Keep reading novels every day
ADU 6: It calms you and grounds emotion
ADU 7: Listen to music on other days
ADU 8: It lifts mood, reduces stress, and helps sleep
ADU 9: Include light exercise and stretching twice weekly
ADU 10: Movement maintains strength and balance, but keep intensity low
ADU 11: Spacing effort protects energy and reduces stress, so this pattern supports recovery
ADU 12: Still, check whether alternate days are sufficient when you feel unusually tired, and watch for soreness or fatigue before adding more
ADU 13: Plan three active days, three lighter days, and one full quiet recovery day
ADU 14: Adjust pacing, skip activities when needed, and call your sister when lonely or low for support.",CLAIM,FALSE
C,4,2,I picture you reading a novel softly in the chair,NONE,14,2,"ADU 1: You kept many routines this week, and that shows steady care
ADU 2 [TARGET]: I picture you reading a novel softly in the chair
ADU 3: You also made video calls and attended the art study circle
ADU 4: Next week, aim for alternate days for core activities and rest
ADU 5: Keep reading novels every day
ADU 6: It calms you and grounds emotion
ADU 7: Listen to music on other days
ADU 8: It lifts mood, reduces stress, and helps sleep
ADU 9: Include light exercise and stretching twice weekly
ADU 10: Movement maintains strength and balance, but keep intensity low
ADU 11: Spacing effort protects energy and reduces stress, so this pattern supports recovery
ADU 12: Still, check whether alternate days are sufficient when you feel unusually tired, and watch for soreness or fatigue before adding more
ADU 13: Plan three active days, three lighter days, and one full quiet recovery day
ADU 14: Adjust pacing, skip activities when needed, and call your sister when lonely or low for support.",NONE,TRUE
C,4,3,You also made video calls and attended the art study circle,NONE,14,3,"ADU 1: You kept many routines this week, and that shows steady care
ADU 2: I picture you reading a novel softly in the chair
ADU 3 [TARGET]: You also made video calls and attended the art study circle
ADU 4: Next week, aim for alternate days for core activities and rest
ADU 5: Keep reading novels every day
ADU 6: It calms you and grounds emotion
ADU 7: Listen to music on other days
ADU 8: It lifts mood, reduces stress, and helps sleep
ADU 9: Include light exercise and stretching twice weekly
ADU 10: Movement maintains strength and balance, but keep intensity low
ADU 11: Spacing effort protects energy and reduces stress, so this pattern supports recovery
ADU 12: Still, check whether alternate days are sufficient when you feel unusually tired, and watch for soreness or fatigue before adding more
ADU 13: Plan three active days, three lighter days, and one full quiet recovery day
ADU 14: Adjust pacing, skip activities when needed, and call your sister when lonely or low for support.",NONE,TRUE
C,4,4,"Next week, aim for alternate days for core activities and rest",CLAIM,14,4,"ADU 1: You kept many routines this week, and that shows steady care
ADU 2: I picture you reading a novel softly in the chair
ADU 3: You also made video calls and attended the art study circle
ADU 4 [TARGET]: Next week, aim for alternate days for core activities and rest
ADU 5: Keep reading novels every day
ADU 6: It calms you and grounds emotion
ADU 7: Listen to music on other days
ADU 8: It lifts mood, reduces stress, and helps sleep
ADU 9: Include light exercise and stretching twice weekly
ADU 10: Movement maintains strength and balance, but keep intensity low
ADU 11: Spacing effort protects energy and reduces stress, so this pattern supports recovery
ADU 12: Still, check whether alternate days are sufficient when you feel unusually tired, and watch for soreness or fatigue before adding more
ADU 13: Plan three active days, three lighter days, and one full quiet recovery day
ADU 14: Adjust pacing, skip activities when needed, and call your sister when lonely or low for support.",CLAIM,TRUE
C,4,5,Keep reading novels every day,CLAIM,14,5,"ADU 1: You kept many routines this week, and that shows steady care
ADU 2: I picture you reading a novel softly in the chair
ADU 3: You also made video calls and attended the art study circle
ADU 4: Next week, aim for alternate days for core activities and rest
ADU 5 [TARGET]: Keep reading novels every day
ADU 6: It calms you and grounds emotion
ADU 7: Listen to music on other days
ADU 8: It lifts mood, reduces stress, and helps sleep
ADU 9: Include light exercise and stretching twice weekly
ADU 10: Movement maintains strength and balance, but keep intensity low
ADU 11: Spacing effort protects energy and reduces stress, so this pattern supports recovery
ADU 12: Still, check whether alternate days are sufficient when you feel unusually tired, and watch for soreness or fatigue before adding more
ADU 13: Plan three active days, three lighter days, and one full quiet recovery day
ADU 14: Adjust pacing, skip activities when needed, and call your sister when lonely or low for support.",CLAIM,TRUE
C,4,6,It calms you and grounds emotion,PREMISE,14,6,"ADU 1: You kept many routines this week, and that shows steady care
ADU 2: I picture you reading a novel softly in the chair
ADU 3: You also made video calls and attended the art study circle
ADU 4: Next week, aim for alternate days for core activities and rest
ADU 5: Keep reading novels every day
ADU 6 [TARGET]: It calms you and grounds emotion
ADU 7: Listen to music on other days
ADU 8: It lifts mood, reduces stress, and helps sleep
ADU 9: Include light exercise and stretching twice weekly
ADU 10: Movement maintains strength and balance, but keep intensity low
ADU 11: Spacing effort protects energy and reduces stress, so this pattern supports recovery
ADU 12: Still, check whether alternate days are sufficient when you feel unusually tired, and watch for soreness or fatigue before adding more
ADU 13: Plan three active days, three lighter days, and one full quiet recovery day
ADU 14: Adjust pacing, skip activities when needed, and call your sister when lonely or low for support.",PREMISE,TRUE
C,4,7,Listen to music on other days,CLAIM,14,7,"ADU 1: You kept many routines this week, and that shows steady care
ADU 2: I picture you reading a novel softly in the chair
ADU 3: You also made video calls and attended the art study circle
ADU 4: Next week, aim for alternate days for core activities and rest
ADU 5: Keep reading novels every day
ADU 6: It calms you and grounds emotion
ADU 7 [TARGET]: Listen to music on other days
ADU 8: It lifts mood, reduces stress, and helps sleep
ADU 9: Include light exercise and stretching twice weekly
ADU 10: Movement maintains strength and balance, but keep intensity low
ADU 11: Spacing effort protects energy and reduces stress, so this pattern supports recovery
ADU 12: Still, check whether alternate days are sufficient when you feel unusually tired, and watch for soreness or fatigue before adding more
ADU 13: Plan three active days, three lighter days, and one full quiet recovery day
ADU 14: Adjust pacing, skip activities when needed, and call your sister when lonely or low for support.",CLAIM,TRUE
C,4,8,"It lifts mood, reduces stress, and helps sleep",PREMISE,14,8,"ADU 1: You kept many routines this week, and that shows steady care
ADU 2: I picture you reading a novel softly in the chair
ADU 3: You also made video calls and attended the art study circle
ADU 4: Next week, aim for alternate days for core activities and rest
ADU 5: Keep reading novels every day
ADU 6: It calms you and grounds emotion
ADU 7: Listen to music on other days
ADU 8 [TARGET]: It lifts mood, reduces stress, and helps sleep
ADU 9: Include light exercise and stretching twice weekly
ADU 10: Movement maintains strength and balance, but keep intensity low
ADU 11: Spacing effort protects energy and reduces stress, so this pattern supports recovery
ADU 12: Still, check whether alternate days are sufficient when you feel unusually tired, and watch for soreness or fatigue before adding more
ADU 13: Plan three active days, three lighter days, and one full quiet recovery day
ADU 14: Adjust pacing, skip activities when needed, and call your sister when lonely or low for support.",PREMISE,TRUE
C,4,9,Include light exercise and stretching twice weekly,CLAIM,14,9,"ADU 1: You kept many routines this week, and that shows steady care
ADU 2: I picture you reading a novel softly in the chair
ADU 3: You also made video calls and attended the art study circle
ADU 4: Next week, aim for alternate days for core activities and rest
ADU 5: Keep reading novels every day
ADU 6: It calms you and grounds emotion
ADU 7: Listen to music on other days
ADU 8: It lifts mood, reduces stress, and helps sleep
ADU 9 [TARGET]: Include light exercise and stretching twice weekly
ADU 10: Movement maintains strength and balance, but keep intensity low
ADU 11: Spacing effort protects energy and reduces stress, so this pattern supports recovery
ADU 12: Still, check whether alternate days are sufficient when you feel unusually tired, and watch for soreness or fatigue before adding more
ADU 13: Plan three active days, three lighter days, and one full quiet recovery day
ADU 14: Adjust pacing, skip activities when needed, and call your sister when lonely or low for support.",CLAIM,TRUE
C,4,10,"Movement maintains strength and balance, but keep intensity low",PREMISE,14,10,"ADU 1: You kept many routines this week, and that shows steady care
ADU 2: I picture you reading a novel softly in the chair
ADU 3: You also made video calls and attended the art study circle
ADU 4: Next week, aim for alternate days for core activities and rest
ADU 5: Keep reading novels every day
ADU 6: It calms you and grounds emotion
ADU 7: Listen to music on other days
ADU 8: It lifts mood, reduces stress, and helps sleep
ADU 9: Include light exercise and stretching twice weekly
ADU 10 [TARGET]: Movement maintains strength and balance, but keep intensity low
ADU 11: Spacing effort protects energy and reduces stress, so this pattern supports recovery
ADU 12: Still, check whether alternate days are sufficient when you feel unusually tired, and watch for soreness or fatigue before adding more
ADU 13: Plan three active days, three lighter days, and one full quiet recovery day
ADU 14: Adjust pacing, skip activities when needed, and call your sister when lonely or low for support.",CLAIM,FALSE
C,4,11,"Spacing effort protects energy and reduces stress, so this pattern supports recovery",PREMISE,14,11,"ADU 1: You kept many routines this week, and that shows steady care
ADU 2: I picture you reading a novel softly in the chair
ADU 3: You also made video calls and attended the art study circle
ADU 4: Next week, aim for alternate days for core activities and rest
ADU 5: Keep reading novels every day
ADU 6: It calms you and grounds emotion
ADU 7: Listen to music on other days
ADU 8: It lifts mood, reduces stress, and helps sleep
ADU 9: Include light exercise and stretching twice weekly
ADU 10: Movement maintains strength and balance, but keep intensity low
ADU 11 [TARGET]: Spacing effort protects energy and reduces stress, so this pattern supports recovery
ADU 12: Still, check whether alternate days are sufficient when you feel unusually tired, and watch for soreness or fatigue before adding more
ADU 13: Plan three active days, three lighter days, and one full quiet recovery day
ADU 14: Adjust pacing, skip activities when needed, and call your sister when lonely or low for support.",CLAIM,FALSE
C,4,12,"Still, check whether alternate days are sufficient when you feel unusually tired, and watch for soreness or fatigue before adding more",CLAIM,14,12,"ADU 1: You kept many routines this week, and that shows steady care
ADU 2: I picture you reading a novel softly in the chair
ADU 3: You also made video calls and attended the art study circle
ADU 4: Next week, aim for alternate days for core activities and rest
ADU 5: Keep reading novels every day
ADU 6: It calms you and grounds emotion
ADU 7: Listen to music on other days
ADU 8: It lifts mood, reduces stress, and helps sleep
ADU 9: Include light exercise and stretching twice weekly
ADU 10: Movement maintains strength and balance, but keep intensity low
ADU 11: Spacing effort protects energy and reduces stress, so this pattern supports recovery
ADU 12 [TARGET]: Still, check whether alternate days are sufficient when you feel unusually tired, and watch for soreness or fatigue before adding more
ADU 13: Plan three active days, three lighter days, and one full quiet recovery day
ADU 14: Adjust pacing, skip activities when needed, and call your sister when lonely or low for support.",CLAIM,TRUE
C,4,13,"Plan three active days, three lighter days, and one full quiet recovery day",CLAIM,14,13,"ADU 1: You kept many routines this week, and that shows steady care
ADU 2: I picture you reading a novel softly in the chair
ADU 3: You also made video calls and attended the art study circle
ADU 4: Next week, aim for alternate days for core activities and rest
ADU 5: Keep reading novels every day
ADU 6: It calms you and grounds emotion
ADU 7: Listen to music on other days
ADU 8: It lifts mood, reduces stress, and helps sleep
ADU 9: Include light exercise and stretching twice weekly
ADU 10: Movement maintains strength and balance, but keep intensity low
ADU 11: Spacing effort protects energy and reduces stress, so this pattern supports recovery
ADU 12: Still, check whether alternate days are sufficient when you feel unusually tired, and watch for soreness or fatigue before adding more
ADU 13 [TARGET]: Plan three active days, three lighter days, and one full quiet recovery day
ADU 14: Adjust pacing, skip activities when needed, and call your sister when lonely or low for support.",CLAIM,TRUE
C,4,14,"Adjust pacing, skip activities when needed, and call your sister when lonely or low for support.",CLAIM,14,14,"ADU 1: You kept many routines this week, and that shows steady care
ADU 2: I picture you reading a novel softly in the chair
ADU 3: You also made video calls and attended the art study circle
ADU 4: Next week, aim for alternate days for core activities and rest
ADU 5: Keep reading novels every day
ADU 6: It calms you and grounds emotion
ADU 7: Listen to music on other days
ADU 8: It lifts mood, reduces stress, and helps sleep
ADU 9: Include light exercise and stretching twice weekly
ADU 10: Movement maintains strength and balance, but keep intensity low
ADU 11: Spacing effort protects energy and reduces stress, so this pattern supports recovery
ADU 12: Still, check whether alternate days are sufficient when you feel unusually tired, and watch for soreness or fatigue before adding more
ADU 13: Plan three active days, three lighter days, and one full quiet recovery day
ADU 14 [TARGET]: Adjust pacing, skip activities when needed, and call your sister when lonely or low for support.",CLAIM,TRUE
C,5,1,"You showed steady care for yourself this week, and that truly matters to your well being",NONE,12,1,"ADU 1 [TARGET]: You showed steady care for yourself this week, and that truly matters to your well being
ADU 2: You sat by the window, sipping tea after your exercise routine, watching light change
ADU 3: You made time for small comforts, books, and quiet connection with others
ADU 4: Daily reading brought comfort and steady mental stimulation every morning, as you read novels most days
ADU 5: Your exercise program and regular stretching, done a few times per week, helped your balance and energy
ADU 6: Video calls with your sister and the art study circle felt meaningful, and they happened a few times
ADU 7: Listening to music, which you rated slightly lower, still lifted mood every other day
ADU 8: Together these activities showed care, curiosity, creativity, gentle resilience, and small daily victories
ADU 9: Taken together, your records make it plausible you did something important in ways that mattered to you
ADU 10: This pattern suggests you experienced meaningful moments and steady progress
ADU 11: It is reasonable to conclude that last week mattered to you
ADU 12: Be gentle with yourself and appreciate what you achieved quietly.",CLAIM,FALSE
C,5,2,"You sat by the window, sipping tea after your exercise routine, watching light change",PREMISE,12,2,"ADU 1: You showed steady care for yourself this week, and that truly matters to your well being
ADU 2 [TARGET]: You sat by the window, sipping tea after your exercise routine, watching light change
ADU 3: You made time for small comforts, books, and quiet connection with others
ADU 4: Daily reading brought comfort and steady mental stimulation every morning, as you read novels most days
ADU 5: Your exercise program and regular stretching, done a few times per week, helped your balance and energy
ADU 6: Video calls with your sister and the art study circle felt meaningful, and they happened a few times
ADU 7: Listening to music, which you rated slightly lower, still lifted mood every other day
ADU 8: Together these activities showed care, curiosity, creativity, gentle resilience, and small daily victories
ADU 9: Taken together, your records make it plausible you did something important in ways that mattered to you
ADU 10: This pattern suggests you experienced meaningful moments and steady progress
ADU 11: It is reasonable to conclude that last week mattered to you
ADU 12: Be gentle with yourself and appreciate what you achieved quietly.",NONE,FALSE
C,5,3,"You made time for small comforts, books, and quiet connection with others",PREMISE,12,3,"ADU 1: You showed steady care for yourself this week, and that truly matters to your well being
ADU 2: You sat by the window, sipping tea after your exercise routine, watching light change
ADU 3 [TARGET]: You made time for small comforts, books, and quiet connection with others
ADU 4: Daily reading brought comfort and steady mental stimulation every morning, as you read novels most days
ADU 5: Your exercise program and regular stretching, done a few times per week, helped your balance and energy
ADU 6: Video calls with your sister and the art study circle felt meaningful, and they happened a few times
ADU 7: Listening to music, which you rated slightly lower, still lifted mood every other day
ADU 8: Together these activities showed care, curiosity, creativity, gentle resilience, and small daily victories
ADU 9: Taken together, your records make it plausible you did something important in ways that mattered to you
ADU 10: This pattern suggests you experienced meaningful moments and steady progress
ADU 11: It is reasonable to conclude that last week mattered to you
ADU 12: Be gentle with yourself and appreciate what you achieved quietly.",PREMISE,TRUE
C,5,4,"Daily reading brought comfort and steady mental stimulation every morning, as you read novels most days",PREMISE,12,4,"ADU 1: You showed steady care for yourself this week, and that truly matters to your well being
ADU 2: You sat by the window, sipping tea after your exercise routine, watching light change
ADU 3: You made time for small comforts, books, and quiet connection with others
ADU 4 [TARGET]: Daily reading brought comfort and steady mental stimulation every morning, as you read novels most days
ADU 5: Your exercise program and regular stretching, done a few times per week, helped your balance and energy
ADU 6: Video calls with your sister and the art study circle felt meaningful, and they happened a few times
ADU 7: Listening to music, which you rated slightly lower, still lifted mood every other day
ADU 8: Together these activities showed care, curiosity, creativity, gentle resilience, and small daily victories
ADU 9: Taken together, your records make it plausible you did something important in ways that mattered to you
ADU 10: This pattern suggests you experienced meaningful moments and steady progress
ADU 11: It is reasonable to conclude that last week mattered to you
ADU 12: Be gentle with yourself and appreciate what you achieved quietly.",PREMISE,TRUE
C,5,5,"Your exercise program and regular stretching, done a few times per week, helped your balance and energy",PREMISE,12,5,"ADU 1: You showed steady care for yourself this week, and that truly matters to your well being
ADU 2: You sat by the window, sipping tea after your exercise routine, watching light change
ADU 3: You made time for small comforts, books, and quiet connection with others
ADU 4: Daily reading brought comfort and steady mental stimulation every morning, as you read novels most days
ADU 5 [TARGET]: Your exercise program and regular stretching, done a few times per week, helped your balance and energy
ADU 6: Video calls with your sister and the art study circle felt meaningful, and they happened a few times
ADU 7: Listening to music, which you rated slightly lower, still lifted mood every other day
ADU 8: Together these activities showed care, curiosity, creativity, gentle resilience, and small daily victories
ADU 9: Taken together, your records make it plausible you did something important in ways that mattered to you
ADU 10: This pattern suggests you experienced meaningful moments and steady progress
ADU 11: It is reasonable to conclude that last week mattered to you
ADU 12: Be gentle with yourself and appreciate what you achieved quietly.",PREMISE,TRUE
C,5,6,"Video calls with your sister and the art study circle felt meaningful, and they happened a few times",PREMISE,12,6,"ADU 1: You showed steady care for yourself this week, and that truly matters to your well being
ADU 2: You sat by the window, sipping tea after your exercise routine, watching light change
ADU 3: You made time for small comforts, books, and quiet connection with others
ADU 4: Daily reading brought comfort and steady mental stimulation every morning, as you read novels most days
ADU 5: Your exercise program and regular stretching, done a few times per week, helped your balance and energy
ADU 6 [TARGET]: Video calls with your sister and the art study circle felt meaningful, and they happened a few times
ADU 7: Listening to music, which you rated slightly lower, still lifted mood every other day
ADU 8: Together these activities showed care, curiosity, creativity, gentle resilience, and small daily victories
ADU 9: Taken together, your records make it plausible you did something important in ways that mattered to you
ADU 10: This pattern suggests you experienced meaningful moments and steady progress
ADU 11: It is reasonable to conclude that last week mattered to you
ADU 12: Be gentle with yourself and appreciate what you achieved quietly.",PREMISE,TRUE
C,5,7,"Listening to music, which you rated slightly lower, still lifted mood every other day",PREMISE,12,7,"ADU 1: You showed steady care for yourself this week, and that truly matters to your well being
ADU 2: You sat by the window, sipping tea after your exercise routine, watching light change
ADU 3: You made time for small comforts, books, and quiet connection with others
ADU 4: Daily reading brought comfort and steady mental stimulation every morning, as you read novels most days
ADU 5: Your exercise program and regular stretching, done a few times per week, helped your balance and energy
ADU 6: Video calls with your sister and the art study circle felt meaningful, and they happened a few times
ADU 7 [TARGET]: Listening to music, which you rated slightly lower, still lifted mood every other day
ADU 8: Together these activities showed care, curiosity, creativity, gentle resilience, and small daily victories
ADU 9: Taken together, your records make it plausible you did something important in ways that mattered to you
ADU 10: This pattern suggests you experienced meaningful moments and steady progress
ADU 11: It is reasonable to conclude that last week mattered to you
ADU 12: Be gentle with yourself and appreciate what you achieved quietly.",PREMISE,TRUE
C,5,8,"Together these activities showed care, curiosity, creativity, gentle resilience, and small daily victories",PREMISE,12,8,"ADU 1: You showed steady care for yourself this week, and that truly matters to your well being
ADU 2: You sat by the window, sipping tea after your exercise routine, watching light change
ADU 3: You made time for small comforts, books, and quiet connection with others
ADU 4: Daily reading brought comfort and steady mental stimulation every morning, as you read novels most days
ADU 5: Your exercise program and regular stretching, done a few times per week, helped your balance and energy
ADU 6: Video calls with your sister and the art study circle felt meaningful, and they happened a few times
ADU 7: Listening to music, which you rated slightly lower, still lifted mood every other day
ADU 8 [TARGET]: Together these activities showed care, curiosity, creativity, gentle resilience, and small daily victories
ADU 9: Taken together, your records make it plausible you did something important in ways that mattered to you
ADU 10: This pattern suggests you experienced meaningful moments and steady progress
ADU 11: It is reasonable to conclude that last week mattered to you
ADU 12: Be gentle with yourself and appreciate what you achieved quietly.",CLAIM,FALSE
C,5,9,"Taken together, your records make it plausible you did something important in ways that mattered to you",CLAIM,12,9,"ADU 1: You showed steady care for yourself this week, and that truly matters to your well being
ADU 2: You sat by the window, sipping tea after your exercise routine, watching light change
ADU 3: You made time for small comforts, books, and quiet connection with others
ADU 4: Daily reading brought comfort and steady mental stimulation every morning, as you read novels most days
ADU 5: Your exercise program and regular stretching, done a few times per week, helped your balance and energy
ADU 6: Video calls with your sister and the art study circle felt meaningful, and they happened a few times
ADU 7: Listening to music, which you rated slightly lower, still lifted mood every other day
ADU 8: Together these activities showed care, curiosity, creativity, gentle resilience, and small daily victories
ADU 9 [TARGET]: Taken together, your records make it plausible you did something important in ways that mattered to you
ADU 10: This pattern suggests you experienced meaningful moments and steady progress
ADU 11: It is reasonable to conclude that last week mattered to you
ADU 12: Be gentle with yourself and appreciate what you achieved quietly.",CLAIM,TRUE
C,5,10,This pattern suggests you experienced meaningful moments and steady progress,CLAIM,12,10,"ADU 1: You showed steady care for yourself this week, and that truly matters to your well being
ADU 2: You sat by the window, sipping tea after your exercise routine, watching light change
ADU 3: You made time for small comforts, books, and quiet connection with others
ADU 4: Daily reading brought comfort and steady mental stimulation every morning, as you read novels most days
ADU 5: Your exercise program and regular stretching, done a few times per week, helped your balance and energy
ADU 6: Video calls with your sister and the art study circle felt meaningful, and they happened a few times
ADU 7: Listening to music, which you rated slightly lower, still lifted mood every other day
ADU 8: Together these activities showed care, curiosity, creativity, gentle resilience, and small daily victories
ADU 9: Taken together, your records make it plausible you did something important in ways that mattered to you
ADU 10 [TARGET]: This pattern suggests you experienced meaningful moments and steady progress
ADU 11: It is reasonable to conclude that last week mattered to you
ADU 12: Be gentle with yourself and appreciate what you achieved quietly.",CLAIM,TRUE
C,5,11,It is reasonable to conclude that last week mattered to you,CLAIM,12,11,"ADU 1: You showed steady care for yourself this week, and that truly matters to your well being
ADU 2: You sat by the window, sipping tea after your exercise routine, watching light change
ADU 3: You made time for small comforts, books, and quiet connection with others
ADU 4: Daily reading brought comfort and steady mental stimulation every morning, as you read novels most days
ADU 5: Your exercise program and regular stretching, done a few times per week, helped your balance and energy
ADU 6: Video calls with your sister and the art study circle felt meaningful, and they happened a few times
ADU 7: Listening to music, which you rated slightly lower, still lifted mood every other day
ADU 8: Together these activities showed care, curiosity, creativity, gentle resilience, and small daily victories
ADU 9: Taken together, your records make it plausible you did something important in ways that mattered to you
ADU 10: This pattern suggests you experienced meaningful moments and steady progress
ADU 11 [TARGET]: It is reasonable to conclude that last week mattered to you
ADU 12: Be gentle with yourself and appreciate what you achieved quietly.",CLAIM,TRUE
C,5,12,Be gentle with yourself and appreciate what you achieved quietly.,CLAIM,12,12,"ADU 1: You showed steady care for yourself this week, and that truly matters to your well being
ADU 2: You sat by the window, sipping tea after your exercise routine, watching light change
ADU 3: You made time for small comforts, books, and quiet connection with others
ADU 4: Daily reading brought comfort and steady mental stimulation every morning, as you read novels most days
ADU 5: Your exercise program and regular stretching, done a few times per week, helped your balance and energy
ADU 6: Video calls with your sister and the art study circle felt meaningful, and they happened a few times
ADU 7: Listening to music, which you rated slightly lower, still lifted mood every other day
ADU 8: Together these activities showed care, curiosity, creativity, gentle resilience, and small daily victories
ADU 9: Taken together, your records make it plausible you did something important in ways that mattered to you
ADU 10: This pattern suggests you experienced meaningful moments and steady progress
ADU 11: It is reasonable to conclude that last week mattered to you
ADU 12 [TARGET]: Be gentle with yourself and appreciate what you achieved quietly.",CLAIM,TRUE
C,6,1,"Well done, Kim",NONE,11,1,"ADU 1 [TARGET]: Well done, Kim
ADU 2: You kept steady care and followed familiar routines through your week
ADU 3: After stretching, you sat by the window with a cup of tea and noticed the afternoon light
ADU 4: Your activity records show repeated habits across the week
ADU 5: You completed exercise sessions and gentle stretching several times this week
ADU 6: You read novels every day, which provided comfort, pleasure, and mental challenge
ADU 7: You listened to music often; familiar songs lifted your mood and helped focus
ADU 8: You joined an art study circle and shared observations while practicing new techniques
ADU 9: You also had a warm video call with your sister, and the records look consistent, so it is plausible you did something important last week
ADU 10: This pattern shows your days contained meaningful care, steady learning, and real social connection that supported your wellbeing and sense of purpose
ADU 11: Recognize this as important work you did last week, even in quiet ways.",NONE,TRUE
C,6,2,You kept steady care and followed familiar routines through your week,NONE,11,2,"ADU 1: Well done, Kim
ADU 2 [TARGET]: You kept steady care and followed familiar routines through your week
ADU 3: After stretching, you sat by the window with a cup of tea and noticed the afternoon light
ADU 4: Your activity records show repeated habits across the week
ADU 5: You completed exercise sessions and gentle stretching several times this week
ADU 6: You read novels every day, which provided comfort, pleasure, and mental challenge
ADU 7: You listened to music often; familiar songs lifted your mood and helped focus
ADU 8: You joined an art study circle and shared observations while practicing new techniques
ADU 9: You also had a warm video call with your sister, and the records look consistent, so it is plausible you did something important last week
ADU 10: This pattern shows your days contained meaningful care, steady learning, and real social connection that supported your wellbeing and sense of purpose
ADU 11: Recognize this as important work you did last week, even in quiet ways.",CLAIM,FALSE
C,6,3,"After stretching, you sat by the window with a cup of tea and noticed the afternoon light",PREMISE,11,3,"ADU 1: Well done, Kim
ADU 2: You kept steady care and followed familiar routines through your week
ADU 3 [TARGET]: After stretching, you sat by the window with a cup of tea and noticed the afternoon light
ADU 4: Your activity records show repeated habits across the week
ADU 5: You completed exercise sessions and gentle stretching several times this week
ADU 6: You read novels every day, which provided comfort, pleasure, and mental challenge
ADU 7: You listened to music often; familiar songs lifted your mood and helped focus
ADU 8: You joined an art study circle and shared observations while practicing new techniques
ADU 9: You also had a warm video call with your sister, and the records look consistent, so it is plausible you did something important last week
ADU 10: This pattern shows your days contained meaningful care, steady learning, and real social connection that supported your wellbeing and sense of purpose
ADU 11: Recognize this as important work you did last week, even in quiet ways.",NONE,FALSE
C,6,4,Your activity records show repeated habits across the week,PREMISE,11,4,"ADU 1: Well done, Kim
ADU 2: You kept steady care and followed familiar routines through your week
ADU 3: After stretching, you sat by the window with a cup of tea and noticed the afternoon light
ADU 4 [TARGET]: Your activity records show repeated habits across the week
ADU 5: You completed exercise sessions and gentle stretching several times this week
ADU 6: You read novels every day, which provided comfort, pleasure, and mental challenge
ADU 7: You listened to music often; familiar songs lifted your mood and helped focus
ADU 8: You joined an art study circle and shared observations while practicing new techniques
ADU 9: You also had a warm video call with your sister, and the records look consistent, so it is plausible you did something important last week
ADU 10: This pattern shows your days contained meaningful care, steady learning, and real social connection that supported your wellbeing and sense of purpose
ADU 11: Recognize this as important work you did last week, even in quiet ways.",PREMISE,TRUE
C,6,5,You completed exercise sessions and gentle stretching several times this week,PREMISE,11,5,"ADU 1: Well done, Kim
ADU 2: You kept steady care and followed familiar routines through your week
ADU 3: After stretching, you sat by the window with a cup of tea and noticed the afternoon light
ADU 4: Your activity records show repeated habits across the week
ADU 5 [TARGET]: You completed exercise sessions and gentle stretching several times this week
ADU 6: You read novels every day, which provided comfort, pleasure, and mental challenge
ADU 7: You listened to music often; familiar songs lifted your mood and helped focus
ADU 8: You joined an art study circle and shared observations while practicing new techniques
ADU 9: You also had a warm video call with your sister, and the records look consistent, so it is plausible you did something important last week
ADU 10: This pattern shows your days contained meaningful care, steady learning, and real social connection that supported your wellbeing and sense of purpose
ADU 11: Recognize this as important work you did last week, even in quiet ways.",PREMISE,TRUE
C,6,6,"You read novels every day, which provided comfort, pleasure, and mental challenge",PREMISE,11,6,"ADU 1: Well done, Kim
ADU 2: You kept steady care and followed familiar routines through your week
ADU 3: After stretching, you sat by the window with a cup of tea and noticed the afternoon light
ADU 4: Your activity records show repeated habits across the week
ADU 5: You completed exercise sessions and gentle stretching several times this week
ADU 6 [TARGET]: You read novels every day, which provided comfort, pleasure, and mental challenge
ADU 7: You listened to music often; familiar songs lifted your mood and helped focus
ADU 8: You joined an art study circle and shared observations while practicing new techniques
ADU 9: You also had a warm video call with your sister, and the records look consistent, so it is plausible you did something important last week
ADU 10: This pattern shows your days contained meaningful care, steady learning, and real social connection that supported your wellbeing and sense of purpose
ADU 11: Recognize this as important work you did last week, even in quiet ways.",PREMISE,TRUE
C,6,7,You listened to music often; familiar songs lifted your mood and helped focus,PREMISE,11,7,"ADU 1: Well done, Kim
ADU 2: You kept steady care and followed familiar routines through your week
ADU 3: After stretching, you sat by the window with a cup of tea and noticed the afternoon light
ADU 4: Your activity records show repeated habits across the week
ADU 5: You completed exercise sessions and gentle stretching several times this week
ADU 6: You read novels every day, which provided comfort, pleasure, and mental challenge
ADU 7 [TARGET]: You listened to music often; familiar songs lifted your mood and helped focus
ADU 8: You joined an art study circle and shared observations while practicing new techniques
ADU 9: You also had a warm video call with your sister, and the records look consistent, so it is plausible you did something important last week
ADU 10: This pattern shows your days contained meaningful care, steady learning, and real social connection that supported your wellbeing and sense of purpose
ADU 11: Recognize this as important work you did last week, even in quiet ways.",PREMISE,TRUE
C,6,8,You joined an art study circle and shared observations while practicing new techniques,PREMISE,11,8,"ADU 1: Well done, Kim
ADU 2: You kept steady care and followed familiar routines through your week
ADU 3: After stretching, you sat by the window with a cup of tea and noticed the afternoon light
ADU 4: Your activity records show repeated habits across the week
ADU 5: You completed exercise sessions and gentle stretching several times this week
ADU 6: You read novels every day, which provided comfort, pleasure, and mental challenge
ADU 7: You listened to music often; familiar songs lifted your mood and helped focus
ADU 8 [TARGET]: You joined an art study circle and shared observations while practicing new techniques
ADU 9: You also had a warm video call with your sister, and the records look consistent, so it is plausible you did something important last week
ADU 10: This pattern shows your days contained meaningful care, steady learning, and real social connection that supported your wellbeing and sense of purpose
ADU 11: Recognize this as important work you did last week, even in quiet ways.",NONE,FALSE
C,6,9,"You also had a warm video call with your sister, and the records look consistent, so it is plausible you did something important last week",CLAIM,11,9,"ADU 1: Well done, Kim
ADU 2: You kept steady care and followed familiar routines through your week
ADU 3: After stretching, you sat by the window with a cup of tea and noticed the afternoon light
ADU 4: Your activity records show repeated habits across the week
ADU 5: You completed exercise sessions and gentle stretching several times this week
ADU 6: You read novels every day, which provided comfort, pleasure, and mental challenge
ADU 7: You listened to music often; familiar songs lifted your mood and helped focus
ADU 8: You joined an art study circle and shared observations while practicing new techniques
ADU 9 [TARGET]: You also had a warm video call with your sister, and the records look consistent, so it is plausible you did something important last week
ADU 10: This pattern shows your days contained meaningful care, steady learning, and real social connection that supported your wellbeing and sense of purpose
ADU 11: Recognize this as important work you did last week, even in quiet ways.",CLAIM,TRUE
C,6,10,"This pattern shows your days contained meaningful care, steady learning, and real social connection that supported your wellbeing and sense of purpose",CLAIM,11,10,"ADU 1: Well done, Kim
ADU 2: You kept steady care and followed familiar routines through your week
ADU 3: After stretching, you sat by the window with a cup of tea and noticed the afternoon light
ADU 4: Your activity records show repeated habits across the week
ADU 5: You completed exercise sessions and gentle stretching several times this week
ADU 6: You read novels every day, which provided comfort, pleasure, and mental challenge
ADU 7: You listened to music often; familiar songs lifted your mood and helped focus
ADU 8: You joined an art study circle and shared observations while practicing new techniques
ADU 9: You also had a warm video call with your sister, and the records look consistent, so it is plausible you did something important last week
ADU 10 [TARGET]: This pattern shows your days contained meaningful care, steady learning, and real social connection that supported your wellbeing and sense of purpose
ADU 11: Recognize this as important work you did last week, even in quiet ways.",CLAIM,TRUE
C,6,11,"Recognize this as important work you did last week, even in quiet ways.",CLAIM,11,11,"ADU 1: Well done, Kim
ADU 2: You kept steady care and followed familiar routines through your week
ADU 3: After stretching, you sat by the window with a cup of tea and noticed the afternoon light
ADU 4: Your activity records show repeated habits across the week
ADU 5: You completed exercise sessions and gentle stretching several times this week
ADU 6: You read novels every day, which provided comfort, pleasure, and mental challenge
ADU 7: You listened to music often; familiar songs lifted your mood and helped focus
ADU 8: You joined an art study circle and shared observations while practicing new techniques
ADU 9: You also had a warm video call with your sister, and the records look consistent, so it is plausible you did something important last week
ADU 10: This pattern shows your days contained meaningful care, steady learning, and real social connection that supported your wellbeing and sense of purpose
ADU 11 [TARGET]: Recognize this as important work you did last week, even in quiet ways.",CLAIM,TRUE
C,7,1,You greeted the morning with a short stretching routine,PREMISE,11,1,"ADU 1 [TARGET]: You greeted the morning with a short stretching routine
ADU 2: You also sat with a novel and a cup of tea
ADU 3: That steady care shows in small, consistent choices every day
ADU 4: You kept to your exercise program several times this week and noticed more stamina
ADU 5: You read novels every day, and the stories brought calm and perspective
ADU 6: Music came on every other day and helped shifts in your mood
ADU 7: Calls with your sister and attending the art study circle built warmth and connection
ADU 8: These actions reflect your values of health, lifelong learning, creativity, and belonging, and they confirm your priorities
ADU 9: They promote your goals, though they are not the only steps and sometimes compete with needed rest
ADU 10: This week shows you acted in line with your values and priorities
ADU 11: That alignment brings steady comfort, proof of thoughtful daily choices and resilience and helps you face harder days with calm.",NONE,FALSE
C,7,2,You also sat with a novel and a cup of tea,PREMISE,11,2,"ADU 1: You greeted the morning with a short stretching routine
ADU 2 [TARGET]: You also sat with a novel and a cup of tea
ADU 3: That steady care shows in small, consistent choices every day
ADU 4: You kept to your exercise program several times this week and noticed more stamina
ADU 5: You read novels every day, and the stories brought calm and perspective
ADU 6: Music came on every other day and helped shifts in your mood
ADU 7: Calls with your sister and attending the art study circle built warmth and connection
ADU 8: These actions reflect your values of health, lifelong learning, creativity, and belonging, and they confirm your priorities
ADU 9: They promote your goals, though they are not the only steps and sometimes compete with needed rest
ADU 10: This week shows you acted in line with your values and priorities
ADU 11: That alignment brings steady comfort, proof of thoughtful daily choices and resilience and helps you face harder days with calm.",NONE,FALSE
C,7,3,"That steady care shows in small, consistent choices every day",NONE,11,3,"ADU 1: You greeted the morning with a short stretching routine
ADU 2: You also sat with a novel and a cup of tea
ADU 3 [TARGET]: That steady care shows in small, consistent choices every day
ADU 4: You kept to your exercise program several times this week and noticed more stamina
ADU 5: You read novels every day, and the stories brought calm and perspective
ADU 6: Music came on every other day and helped shifts in your mood
ADU 7: Calls with your sister and attending the art study circle built warmth and connection
ADU 8: These actions reflect your values of health, lifelong learning, creativity, and belonging, and they confirm your priorities
ADU 9: They promote your goals, though they are not the only steps and sometimes compete with needed rest
ADU 10: This week shows you acted in line with your values and priorities
ADU 11: That alignment brings steady comfort, proof of thoughtful daily choices and resilience and helps you face harder days with calm.",CLAIM,FALSE
C,7,4,You kept to your exercise program several times this week and noticed more stamina,PREMISE,11,4,"ADU 1: You greeted the morning with a short stretching routine
ADU 2: You also sat with a novel and a cup of tea
ADU 3: That steady care shows in small, consistent choices every day
ADU 4 [TARGET]: You kept to your exercise program several times this week and noticed more stamina
ADU 5: You read novels every day, and the stories brought calm and perspective
ADU 6: Music came on every other day and helped shifts in your mood
ADU 7: Calls with your sister and attending the art study circle built warmth and connection
ADU 8: These actions reflect your values of health, lifelong learning, creativity, and belonging, and they confirm your priorities
ADU 9: They promote your goals, though they are not the only steps and sometimes compete with needed rest
ADU 10: This week shows you acted in line with your values and priorities
ADU 11: That alignment brings steady comfort, proof of thoughtful daily choices and resilience and helps you face harder days with calm.",PREMISE,TRUE
C,7,5,"You read novels every day, and the stories brought calm and perspective",PREMISE,11,5,"ADU 1: You greeted the morning with a short stretching routine
ADU 2: You also sat with a novel and a cup of tea
ADU 3: That steady care shows in small, consistent choices every day
ADU 4: You kept to your exercise program several times this week and noticed more stamina
ADU 5 [TARGET]: You read novels every day, and the stories brought calm and perspective
ADU 6: Music came on every other day and helped shifts in your mood
ADU 7: Calls with your sister and attending the art study circle built warmth and connection
ADU 8: These actions reflect your values of health, lifelong learning, creativity, and belonging, and they confirm your priorities
ADU 9: They promote your goals, though they are not the only steps and sometimes compete with needed rest
ADU 10: This week shows you acted in line with your values and priorities
ADU 11: That alignment brings steady comfort, proof of thoughtful daily choices and resilience and helps you face harder days with calm.",PREMISE,TRUE
C,7,6,Music came on every other day and helped shifts in your mood,PREMISE,11,6,"ADU 1: You greeted the morning with a short stretching routine
ADU 2: You also sat with a novel and a cup of tea
ADU 3: That steady care shows in small, consistent choices every day
ADU 4: You kept to your exercise program several times this week and noticed more stamina
ADU 5: You read novels every day, and the stories brought calm and perspective
ADU 6 [TARGET]: Music came on every other day and helped shifts in your mood
ADU 7: Calls with your sister and attending the art study circle built warmth and connection
ADU 8: These actions reflect your values of health, lifelong learning, creativity, and belonging, and they confirm your priorities
ADU 9: They promote your goals, though they are not the only steps and sometimes compete with needed rest
ADU 10: This week shows you acted in line with your values and priorities
ADU 11: That alignment brings steady comfort, proof of thoughtful daily choices and resilience and helps you face harder days with calm.",NONE,FALSE
C,7,7,Calls with your sister and attending the art study circle built warmth and connection,PREMISE,11,7,"ADU 1: You greeted the morning with a short stretching routine
ADU 2: You also sat with a novel and a cup of tea
ADU 3: That steady care shows in small, consistent choices every day
ADU 4: You kept to your exercise program several times this week and noticed more stamina
ADU 5: You read novels every day, and the stories brought calm and perspective
ADU 6: Music came on every other day and helped shifts in your mood
ADU 7 [TARGET]: Calls with your sister and attending the art study circle built warmth and connection
ADU 8: These actions reflect your values of health, lifelong learning, creativity, and belonging, and they confirm your priorities
ADU 9: They promote your goals, though they are not the only steps and sometimes compete with needed rest
ADU 10: This week shows you acted in line with your values and priorities
ADU 11: That alignment brings steady comfort, proof of thoughtful daily choices and resilience and helps you face harder days with calm.",PREMISE,TRUE
C,7,8,"These actions reflect your values of health, lifelong learning, creativity, and belonging, and they confirm your priorities",PREMISE,11,8,"ADU 1: You greeted the morning with a short stretching routine
ADU 2: You also sat with a novel and a cup of tea
ADU 3: That steady care shows in small, consistent choices every day
ADU 4: You kept to your exercise program several times this week and noticed more stamina
ADU 5: You read novels every day, and the stories brought calm and perspective
ADU 6: Music came on every other day and helped shifts in your mood
ADU 7: Calls with your sister and attending the art study circle built warmth and connection
ADU 8 [TARGET]: These actions reflect your values of health, lifelong learning, creativity, and belonging, and they confirm your priorities
ADU 9: They promote your goals, though they are not the only steps and sometimes compete with needed rest
ADU 10: This week shows you acted in line with your values and priorities
ADU 11: That alignment brings steady comfort, proof of thoughtful daily choices and resilience and helps you face harder days with calm.",CLAIM,FALSE
C,7,9,"They promote your goals, though they are not the only steps and sometimes compete with needed rest",PREMISE,11,9,"ADU 1: You greeted the morning with a short stretching routine
ADU 2: You also sat with a novel and a cup of tea
ADU 3: That steady care shows in small, consistent choices every day
ADU 4: You kept to your exercise program several times this week and noticed more stamina
ADU 5: You read novels every day, and the stories brought calm and perspective
ADU 6: Music came on every other day and helped shifts in your mood
ADU 7: Calls with your sister and attending the art study circle built warmth and connection
ADU 8: These actions reflect your values of health, lifelong learning, creativity, and belonging, and they confirm your priorities
ADU 9 [TARGET]: They promote your goals, though they are not the only steps and sometimes compete with needed rest
ADU 10: This week shows you acted in line with your values and priorities
ADU 11: That alignment brings steady comfort, proof of thoughtful daily choices and resilience and helps you face harder days with calm.",CLAIM,FALSE
C,7,10,This week shows you acted in line with your values and priorities,CLAIM,11,10,"ADU 1: You greeted the morning with a short stretching routine
ADU 2: You also sat with a novel and a cup of tea
ADU 3: That steady care shows in small, consistent choices every day
ADU 4: You kept to your exercise program several times this week and noticed more stamina
ADU 5: You read novels every day, and the stories brought calm and perspective
ADU 6: Music came on every other day and helped shifts in your mood
ADU 7: Calls with your sister and attending the art study circle built warmth and connection
ADU 8: These actions reflect your values of health, lifelong learning, creativity, and belonging, and they confirm your priorities
ADU 9: They promote your goals, though they are not the only steps and sometimes compete with needed rest
ADU 10 [TARGET]: This week shows you acted in line with your values and priorities
ADU 11: That alignment brings steady comfort, proof of thoughtful daily choices and resilience and helps you face harder days with calm.",CLAIM,TRUE
C,7,11,"That alignment brings steady comfort, proof of thoughtful daily choices and resilience and helps you face harder days with calm.",CLAIM,11,11,"ADU 1: You greeted the morning with a short stretching routine
ADU 2: You also sat with a novel and a cup of tea
ADU 3: That steady care shows in small, consistent choices every day
ADU 4: You kept to your exercise program several times this week and noticed more stamina
ADU 5: You read novels every day, and the stories brought calm and perspective
ADU 6: Music came on every other day and helped shifts in your mood
ADU 7: Calls with your sister and attending the art study circle built warmth and connection
ADU 8: These actions reflect your values of health, lifelong learning, creativity, and belonging, and they confirm your priorities
ADU 9: They promote your goals, though they are not the only steps and sometimes compete with needed rest
ADU 10: This week shows you acted in line with your values and priorities
ADU 11 [TARGET]: That alignment brings steady comfort, proof of thoughtful daily choices and resilience and helps you face harder days with calm.",CLAIM,TRUE
C,8,1,"You did well this week, Kim",NONE,11,1,"ADU 1 [TARGET]: You did well this week, Kim
ADU 2: You sat by the window reading after a gentle morning stretch
ADU 3: You chose several small, steady actions that matched your values
ADU 4: You followed your exercise program and did regular stretching several times
ADU 5: You read novels daily, which you rated very important and very fun, and this kept your curiosity alive
ADU 6: You listened to music every other day; you rated it slightly lower, yet it lifted your mood
ADU 7: You video called your sister and joined the art study circle twice, sharing ideas and warmth
ADU 8: Overall, these activities feel genuine, align with your values, and helped your goals this month
ADU 9: They generally have no clear conflicts with other important values, though some goals might need added focus or different supports
ADU 10: This shows your week aligned well with your stated motives and priorities
ADU 11: Keep noticing what feels meaningful and gentle to you each day now.",CLAIM,FALSE
C,8,2,You sat by the window reading after a gentle morning stretch,PREMISE,11,2,"ADU 1: You did well this week, Kim
ADU 2 [TARGET]: You sat by the window reading after a gentle morning stretch
ADU 3: You chose several small, steady actions that matched your values
ADU 4: You followed your exercise program and did regular stretching several times
ADU 5: You read novels daily, which you rated very important and very fun, and this kept your curiosity alive
ADU 6: You listened to music every other day; you rated it slightly lower, yet it lifted your mood
ADU 7: You video called your sister and joined the art study circle twice, sharing ideas and warmth
ADU 8: Overall, these activities feel genuine, align with your values, and helped your goals this month
ADU 9: They generally have no clear conflicts with other important values, though some goals might need added focus or different supports
ADU 10: This shows your week aligned well with your stated motives and priorities
ADU 11: Keep noticing what feels meaningful and gentle to you each day now.",NONE,FALSE
C,8,3,"You chose several small, steady actions that matched your values",PREMISE,11,3,"ADU 1: You did well this week, Kim
ADU 2: You sat by the window reading after a gentle morning stretch
ADU 3 [TARGET]: You chose several small, steady actions that matched your values
ADU 4: You followed your exercise program and did regular stretching several times
ADU 5: You read novels daily, which you rated very important and very fun, and this kept your curiosity alive
ADU 6: You listened to music every other day; you rated it slightly lower, yet it lifted your mood
ADU 7: You video called your sister and joined the art study circle twice, sharing ideas and warmth
ADU 8: Overall, these activities feel genuine, align with your values, and helped your goals this month
ADU 9: They generally have no clear conflicts with other important values, though some goals might need added focus or different supports
ADU 10: This shows your week aligned well with your stated motives and priorities
ADU 11: Keep noticing what feels meaningful and gentle to you each day now.",CLAIM,FALSE
C,8,4,You followed your exercise program and did regular stretching several times,PREMISE,11,4,"ADU 1: You did well this week, Kim
ADU 2: You sat by the window reading after a gentle morning stretch
ADU 3: You chose several small, steady actions that matched your values
ADU 4 [TARGET]: You followed your exercise program and did regular stretching several times
ADU 5: You read novels daily, which you rated very important and very fun, and this kept your curiosity alive
ADU 6: You listened to music every other day; you rated it slightly lower, yet it lifted your mood
ADU 7: You video called your sister and joined the art study circle twice, sharing ideas and warmth
ADU 8: Overall, these activities feel genuine, align with your values, and helped your goals this month
ADU 9: They generally have no clear conflicts with other important values, though some goals might need added focus or different supports
ADU 10: This shows your week aligned well with your stated motives and priorities
ADU 11: Keep noticing what feels meaningful and gentle to you each day now.",PREMISE,TRUE
C,8,5,"You read novels daily, which you rated very important and very fun, and this kept your curiosity alive",PREMISE,11,5,"ADU 1: You did well this week, Kim
ADU 2: You sat by the window reading after a gentle morning stretch
ADU 3: You chose several small, steady actions that matched your values
ADU 4: You followed your exercise program and did regular stretching several times
ADU 5 [TARGET]: You read novels daily, which you rated very important and very fun, and this kept your curiosity alive
ADU 6: You listened to music every other day; you rated it slightly lower, yet it lifted your mood
ADU 7: You video called your sister and joined the art study circle twice, sharing ideas and warmth
ADU 8: Overall, these activities feel genuine, align with your values, and helped your goals this month
ADU 9: They generally have no clear conflicts with other important values, though some goals might need added focus or different supports
ADU 10: This shows your week aligned well with your stated motives and priorities
ADU 11: Keep noticing what feels meaningful and gentle to you each day now.",PREMISE,TRUE
C,8,6,"You listened to music every other day; you rated it slightly lower, yet it lifted your mood",PREMISE,11,6,"ADU 1: You did well this week, Kim
ADU 2: You sat by the window reading after a gentle morning stretch
ADU 3: You chose several small, steady actions that matched your values
ADU 4: You followed your exercise program and did regular stretching several times
ADU 5: You read novels daily, which you rated very important and very fun, and this kept your curiosity alive
ADU 6 [TARGET]: You listened to music every other day; you rated it slightly lower, yet it lifted your mood
ADU 7: You video called your sister and joined the art study circle twice, sharing ideas and warmth
ADU 8: Overall, these activities feel genuine, align with your values, and helped your goals this month
ADU 9: They generally have no clear conflicts with other important values, though some goals might need added focus or different supports
ADU 10: This shows your week aligned well with your stated motives and priorities
ADU 11: Keep noticing what feels meaningful and gentle to you each day now.",PREMISE,TRUE
C,8,7,"You video called your sister and joined the art study circle twice, sharing ideas and warmth",PREMISE,11,7,"ADU 1: You did well this week, Kim
ADU 2: You sat by the window reading after a gentle morning stretch
ADU 3: You chose several small, steady actions that matched your values
ADU 4: You followed your exercise program and did regular stretching several times
ADU 5: You read novels daily, which you rated very important and very fun, and this kept your curiosity alive
ADU 6: You listened to music every other day; you rated it slightly lower, yet it lifted your mood
ADU 7 [TARGET]: You video called your sister and joined the art study circle twice, sharing ideas and warmth
ADU 8: Overall, these activities feel genuine, align with your values, and helped your goals this month
ADU 9: They generally have no clear conflicts with other important values, though some goals might need added focus or different supports
ADU 10: This shows your week aligned well with your stated motives and priorities
ADU 11: Keep noticing what feels meaningful and gentle to you each day now.",PREMISE,TRUE
C,8,8,"Overall, these activities feel genuine, align with your values, and helped your goals this month",PREMISE,11,8,"ADU 1: You did well this week, Kim
ADU 2: You sat by the window reading after a gentle morning stretch
ADU 3: You chose several small, steady actions that matched your values
ADU 4: You followed your exercise program and did regular stretching several times
ADU 5: You read novels daily, which you rated very important and very fun, and this kept your curiosity alive
ADU 6: You listened to music every other day; you rated it slightly lower, yet it lifted your mood
ADU 7: You video called your sister and joined the art study circle twice, sharing ideas and warmth
ADU 8 [TARGET]: Overall, these activities feel genuine, align with your values, and helped your goals this month
ADU 9: They generally have no clear conflicts with other important values, though some goals might need added focus or different supports
ADU 10: This shows your week aligned well with your stated motives and priorities
ADU 11: Keep noticing what feels meaningful and gentle to you each day now.",CLAIM,FALSE
C,8,9,"They generally have no clear conflicts with other important values, though some goals might need added focus or different supports",PREMISE,11,9,"ADU 1: You did well this week, Kim
ADU 2: You sat by the window reading after a gentle morning stretch
ADU 3: You chose several small, steady actions that matched your values
ADU 4: You followed your exercise program and did regular stretching several times
ADU 5: You read novels daily, which you rated very important and very fun, and this kept your curiosity alive
ADU 6: You listened to music every other day; you rated it slightly lower, yet it lifted your mood
ADU 7: You video called your sister and joined the art study circle twice, sharing ideas and warmth
ADU 8: Overall, these activities feel genuine, align with your values, and helped your goals this month
ADU 9 [TARGET]: They generally have no clear conflicts with other important values, though some goals might need added focus or different supports
ADU 10: This shows your week aligned well with your stated motives and priorities
ADU 11: Keep noticing what feels meaningful and gentle to you each day now.",CLAIM,FALSE
C,8,10,This shows your week aligned well with your stated motives and priorities,CLAIM,11,10,"ADU 1: You did well this week, Kim
ADU 2: You sat by the window reading after a gentle morning stretch
ADU 3: You chose several small, steady actions that matched your values
ADU 4: You followed your exercise program and did regular stretching several times
ADU 5: You read novels daily, which you rated very important and very fun, and this kept your curiosity alive
ADU 6: You listened to music every other day; you rated it slightly lower, yet it lifted your mood
ADU 7: You video called your sister and joined the art study circle twice, sharing ideas and warmth
ADU 8: Overall, these activities feel genuine, align with your values, and helped your goals this month
ADU 9: They generally have no clear conflicts with other important values, though some goals might need added focus or different supports
ADU 10 [TARGET]: This shows your week aligned well with your stated motives and priorities
ADU 11: Keep noticing what feels meaningful and gentle to you each day now.",CLAIM,TRUE
C,8,11,Keep noticing what feels meaningful and gentle to you each day now.,CLAIM,11,11,"ADU 1: You did well this week, Kim
ADU 2: You sat by the window reading after a gentle morning stretch
ADU 3: You chose several small, steady actions that matched your values
ADU 4: You followed your exercise program and did regular stretching several times
ADU 5: You read novels daily, which you rated very important and very fun, and this kept your curiosity alive
ADU 6: You listened to music every other day; you rated it slightly lower, yet it lifted your mood
ADU 7: You video called your sister and joined the art study circle twice, sharing ideas and warmth
ADU 8: Overall, these activities feel genuine, align with your values, and helped your goals this month
ADU 9: They generally have no clear conflicts with other important values, though some goals might need added focus or different supports
ADU 10: This shows your week aligned well with your stated motives and priorities
ADU 11 [TARGET]: Keep noticing what feels meaningful and gentle to you each day now.",CLAIM,TRUE
D,1,1,You have been steady with your rehab exercises by the kitchen window each morning,NONE,16,1,"ADU 1 [TARGET]: You have been steady with your rehab exercises by the kitchen window each morning
ADU 2: You enjoy short outdoor walks and calm afternoons with a heat pack
ADU 3: That steady care shows kindness and clear effort toward your wellbeing
ADU 4: Next week, plan small, pleasant activities each day to lift mood
ADU 5: Do rehab exercises in the morning
ADU 6: They strengthen you and build confidence
ADU 7: Take short outdoor walks
ADU 8: Fresh air gently raises energy and clarity, then rest with a heat pack
ADU 9: Fresh air gently raises energy and clarity
ADU 10: Rest with a heat pack
ADU 11: Shared meals feel rewarding
ADU 12: Enjoy a sports game or play board and computer games with your partner
ADU 13: Companionship lifts spirit
ADU 14: Aim for one small morning activity and one gentle afternoon activity each day
ADU 15: Keep sessions short, safe, and social when possible, and choose what feels doable
ADU 16: You are making wise choices, Kim, and next week can feel happier and more energizing.",PREMISE,FALSE
D,1,2,You enjoy short outdoor walks and calm afternoons with a heat pack,NONE,16,2,"ADU 1: You have been steady with your rehab exercises by the kitchen window each morning
ADU 2 [TARGET]: You enjoy short outdoor walks and calm afternoons with a heat pack
ADU 3: That steady care shows kindness and clear effort toward your wellbeing
ADU 4: Next week, plan small, pleasant activities each day to lift mood
ADU 5: Do rehab exercises in the morning
ADU 6: They strengthen you and build confidence
ADU 7: Take short outdoor walks
ADU 8: Fresh air gently raises energy and clarity, then rest with a heat pack
ADU 9: Fresh air gently raises energy and clarity
ADU 10: Rest with a heat pack
ADU 11: Shared meals feel rewarding
ADU 12: Enjoy a sports game or play board and computer games with your partner
ADU 13: Companionship lifts spirit
ADU 14: Aim for one small morning activity and one gentle afternoon activity each day
ADU 15: Keep sessions short, safe, and social when possible, and choose what feels doable
ADU 16: You are making wise choices, Kim, and next week can feel happier and more energizing.",NONE,TRUE
D,1,3,That steady care shows kindness and clear effort toward your wellbeing,NONE,16,3,"ADU 1: You have been steady with your rehab exercises by the kitchen window each morning
ADU 2: You enjoy short outdoor walks and calm afternoons with a heat pack
ADU 3 [TARGET]: That steady care shows kindness and clear effort toward your wellbeing
ADU 4: Next week, plan small, pleasant activities each day to lift mood
ADU 5: Do rehab exercises in the morning
ADU 6: They strengthen you and build confidence
ADU 7: Take short outdoor walks
ADU 8: Fresh air gently raises energy and clarity, then rest with a heat pack
ADU 9: Fresh air gently raises energy and clarity
ADU 10: Rest with a heat pack
ADU 11: Shared meals feel rewarding
ADU 12: Enjoy a sports game or play board and computer games with your partner
ADU 13: Companionship lifts spirit
ADU 14: Aim for one small morning activity and one gentle afternoon activity each day
ADU 15: Keep sessions short, safe, and social when possible, and choose what feels doable
ADU 16: You are making wise choices, Kim, and next week can feel happier and more energizing.",CLAIM,FALSE
D,1,4,"Next week, plan small, pleasant activities each day to lift mood",CLAIM,16,4,"ADU 1: You have been steady with your rehab exercises by the kitchen window each morning
ADU 2: You enjoy short outdoor walks and calm afternoons with a heat pack
ADU 3: That steady care shows kindness and clear effort toward your wellbeing
ADU 4 [TARGET]: Next week, plan small, pleasant activities each day to lift mood
ADU 5: Do rehab exercises in the morning
ADU 6: They strengthen you and build confidence
ADU 7: Take short outdoor walks
ADU 8: Fresh air gently raises energy and clarity, then rest with a heat pack
ADU 9: Fresh air gently raises energy and clarity
ADU 10: Rest with a heat pack
ADU 11: Shared meals feel rewarding
ADU 12: Enjoy a sports game or play board and computer games with your partner
ADU 13: Companionship lifts spirit
ADU 14: Aim for one small morning activity and one gentle afternoon activity each day
ADU 15: Keep sessions short, safe, and social when possible, and choose what feels doable
ADU 16: You are making wise choices, Kim, and next week can feel happier and more energizing.",CLAIM,TRUE
D,1,5,Do rehab exercises in the morning,CLAIM,16,5,"ADU 1: You have been steady with your rehab exercises by the kitchen window each morning
ADU 2: You enjoy short outdoor walks and calm afternoons with a heat pack
ADU 3: That steady care shows kindness and clear effort toward your wellbeing
ADU 4: Next week, plan small, pleasant activities each day to lift mood
ADU 5 [TARGET]: Do rehab exercises in the morning
ADU 6: They strengthen you and build confidence
ADU 7: Take short outdoor walks
ADU 8: Fresh air gently raises energy and clarity, then rest with a heat pack
ADU 9: Fresh air gently raises energy and clarity
ADU 10: Rest with a heat pack
ADU 11: Shared meals feel rewarding
ADU 12: Enjoy a sports game or play board and computer games with your partner
ADU 13: Companionship lifts spirit
ADU 14: Aim for one small morning activity and one gentle afternoon activity each day
ADU 15: Keep sessions short, safe, and social when possible, and choose what feels doable
ADU 16: You are making wise choices, Kim, and next week can feel happier and more energizing.",CLAIM,TRUE
D,1,6,They strengthen you and build confidence,PREMISE,16,6,"ADU 1: You have been steady with your rehab exercises by the kitchen window each morning
ADU 2: You enjoy short outdoor walks and calm afternoons with a heat pack
ADU 3: That steady care shows kindness and clear effort toward your wellbeing
ADU 4: Next week, plan small, pleasant activities each day to lift mood
ADU 5: Do rehab exercises in the morning
ADU 6 [TARGET]: They strengthen you and build confidence
ADU 7: Take short outdoor walks
ADU 8: Fresh air gently raises energy and clarity, then rest with a heat pack
ADU 9: Fresh air gently raises energy and clarity
ADU 10: Rest with a heat pack
ADU 11: Shared meals feel rewarding
ADU 12: Enjoy a sports game or play board and computer games with your partner
ADU 13: Companionship lifts spirit
ADU 14: Aim for one small morning activity and one gentle afternoon activity each day
ADU 15: Keep sessions short, safe, and social when possible, and choose what feels doable
ADU 16: You are making wise choices, Kim, and next week can feel happier and more energizing.",PREMISE,TRUE
D,1,7,Take short outdoor walks,CLAIM,16,7,"ADU 1: You have been steady with your rehab exercises by the kitchen window each morning
ADU 2: You enjoy short outdoor walks and calm afternoons with a heat pack
ADU 3: That steady care shows kindness and clear effort toward your wellbeing
ADU 4: Next week, plan small, pleasant activities each day to lift mood
ADU 5: Do rehab exercises in the morning
ADU 6: They strengthen you and build confidence
ADU 7 [TARGET]: Take short outdoor walks
ADU 8: Fresh air gently raises energy and clarity, then rest with a heat pack
ADU 9: Fresh air gently raises energy and clarity
ADU 10: Rest with a heat pack
ADU 11: Shared meals feel rewarding
ADU 12: Enjoy a sports game or play board and computer games with your partner
ADU 13: Companionship lifts spirit
ADU 14: Aim for one small morning activity and one gentle afternoon activity each day
ADU 15: Keep sessions short, safe, and social when possible, and choose what feels doable
ADU 16: You are making wise choices, Kim, and next week can feel happier and more energizing.",CLAIM,TRUE
D,1,8,"Fresh air gently raises energy and clarity, then rest with a heat pack",PREMISE,16,8,"ADU 1: You have been steady with your rehab exercises by the kitchen window each morning
ADU 2: You enjoy short outdoor walks and calm afternoons with a heat pack
ADU 3: That steady care shows kindness and clear effort toward your wellbeing
ADU 4: Next week, plan small, pleasant activities each day to lift mood
ADU 5: Do rehab exercises in the morning
ADU 6: They strengthen you and build confidence
ADU 7: Take short outdoor walks
ADU 8 [TARGET]: Fresh air gently raises energy and clarity, then rest with a heat pack
ADU 9: Fresh air gently raises energy and clarity
ADU 10: Rest with a heat pack
ADU 11: Shared meals feel rewarding
ADU 12: Enjoy a sports game or play board and computer games with your partner
ADU 13: Companionship lifts spirit
ADU 14: Aim for one small morning activity and one gentle afternoon activity each day
ADU 15: Keep sessions short, safe, and social when possible, and choose what feels doable
ADU 16: You are making wise choices, Kim, and next week can feel happier and more energizing.",CLAIM,FALSE
D,1,9,Fresh air gently raises energy and clarity,PREMISE,16,9,"ADU 1: You have been steady with your rehab exercises by the kitchen window each morning
ADU 2: You enjoy short outdoor walks and calm afternoons with a heat pack
ADU 3: That steady care shows kindness and clear effort toward your wellbeing
ADU 4: Next week, plan small, pleasant activities each day to lift mood
ADU 5: Do rehab exercises in the morning
ADU 6: They strengthen you and build confidence
ADU 7: Take short outdoor walks
ADU 8: Fresh air gently raises energy and clarity, then rest with a heat pack
ADU 9 [TARGET]: Fresh air gently raises energy and clarity
ADU 10: Rest with a heat pack
ADU 11: Shared meals feel rewarding
ADU 12: Enjoy a sports game or play board and computer games with your partner
ADU 13: Companionship lifts spirit
ADU 14: Aim for one small morning activity and one gentle afternoon activity each day
ADU 15: Keep sessions short, safe, and social when possible, and choose what feels doable
ADU 16: You are making wise choices, Kim, and next week can feel happier and more energizing.",PREMISE,TRUE
D,1,10,Rest with a heat pack,CLAIM,16,10,"ADU 1: You have been steady with your rehab exercises by the kitchen window each morning
ADU 2: You enjoy short outdoor walks and calm afternoons with a heat pack
ADU 3: That steady care shows kindness and clear effort toward your wellbeing
ADU 4: Next week, plan small, pleasant activities each day to lift mood
ADU 5: Do rehab exercises in the morning
ADU 6: They strengthen you and build confidence
ADU 7: Take short outdoor walks
ADU 8: Fresh air gently raises energy and clarity, then rest with a heat pack
ADU 9: Fresh air gently raises energy and clarity
ADU 10 [TARGET]: Rest with a heat pack
ADU 11: Shared meals feel rewarding
ADU 12: Enjoy a sports game or play board and computer games with your partner
ADU 13: Companionship lifts spirit
ADU 14: Aim for one small morning activity and one gentle afternoon activity each day
ADU 15: Keep sessions short, safe, and social when possible, and choose what feels doable
ADU 16: You are making wise choices, Kim, and next week can feel happier and more energizing.",CLAIM,TRUE
D,1,11,Shared meals feel rewarding,PREMISE,16,11,"ADU 1: You have been steady with your rehab exercises by the kitchen window each morning
ADU 2: You enjoy short outdoor walks and calm afternoons with a heat pack
ADU 3: That steady care shows kindness and clear effort toward your wellbeing
ADU 4: Next week, plan small, pleasant activities each day to lift mood
ADU 5: Do rehab exercises in the morning
ADU 6: They strengthen you and build confidence
ADU 7: Take short outdoor walks
ADU 8: Fresh air gently raises energy and clarity, then rest with a heat pack
ADU 9: Fresh air gently raises energy and clarity
ADU 10: Rest with a heat pack
ADU 11 [TARGET]: Shared meals feel rewarding
ADU 12: Enjoy a sports game or play board and computer games with your partner
ADU 13: Companionship lifts spirit
ADU 14: Aim for one small morning activity and one gentle afternoon activity each day
ADU 15: Keep sessions short, safe, and social when possible, and choose what feels doable
ADU 16: You are making wise choices, Kim, and next week can feel happier and more energizing.",CLAIM,FALSE
D,1,12,Enjoy a sports game or play board and computer games with your partner,CLAIM,16,12,"ADU 1: You have been steady with your rehab exercises by the kitchen window each morning
ADU 2: You enjoy short outdoor walks and calm afternoons with a heat pack
ADU 3: That steady care shows kindness and clear effort toward your wellbeing
ADU 4: Next week, plan small, pleasant activities each day to lift mood
ADU 5: Do rehab exercises in the morning
ADU 6: They strengthen you and build confidence
ADU 7: Take short outdoor walks
ADU 8: Fresh air gently raises energy and clarity, then rest with a heat pack
ADU 9: Fresh air gently raises energy and clarity
ADU 10: Rest with a heat pack
ADU 11: Shared meals feel rewarding
ADU 12 [TARGET]: Enjoy a sports game or play board and computer games with your partner
ADU 13: Companionship lifts spirit
ADU 14: Aim for one small morning activity and one gentle afternoon activity each day
ADU 15: Keep sessions short, safe, and social when possible, and choose what feels doable
ADU 16: You are making wise choices, Kim, and next week can feel happier and more energizing.",CLAIM,TRUE
D,1,13,Companionship lifts spirit,PREMISE,16,13,"ADU 1: You have been steady with your rehab exercises by the kitchen window each morning
ADU 2: You enjoy short outdoor walks and calm afternoons with a heat pack
ADU 3: That steady care shows kindness and clear effort toward your wellbeing
ADU 4: Next week, plan small, pleasant activities each day to lift mood
ADU 5: Do rehab exercises in the morning
ADU 6: They strengthen you and build confidence
ADU 7: Take short outdoor walks
ADU 8: Fresh air gently raises energy and clarity, then rest with a heat pack
ADU 9: Fresh air gently raises energy and clarity
ADU 10: Rest with a heat pack
ADU 11: Shared meals feel rewarding
ADU 12: Enjoy a sports game or play board and computer games with your partner
ADU 13 [TARGET]: Companionship lifts spirit
ADU 14: Aim for one small morning activity and one gentle afternoon activity each day
ADU 15: Keep sessions short, safe, and social when possible, and choose what feels doable
ADU 16: You are making wise choices, Kim, and next week can feel happier and more energizing.",PREMISE,TRUE
D,1,14,Aim for one small morning activity and one gentle afternoon activity each day,CLAIM,16,14,"ADU 1: You have been steady with your rehab exercises by the kitchen window each morning
ADU 2: You enjoy short outdoor walks and calm afternoons with a heat pack
ADU 3: That steady care shows kindness and clear effort toward your wellbeing
ADU 4: Next week, plan small, pleasant activities each day to lift mood
ADU 5: Do rehab exercises in the morning
ADU 6: They strengthen you and build confidence
ADU 7: Take short outdoor walks
ADU 8: Fresh air gently raises energy and clarity, then rest with a heat pack
ADU 9: Fresh air gently raises energy and clarity
ADU 10: Rest with a heat pack
ADU 11: Shared meals feel rewarding
ADU 12: Enjoy a sports game or play board and computer games with your partner
ADU 13: Companionship lifts spirit
ADU 14 [TARGET]: Aim for one small morning activity and one gentle afternoon activity each day
ADU 15: Keep sessions short, safe, and social when possible, and choose what feels doable
ADU 16: You are making wise choices, Kim, and next week can feel happier and more energizing.",CLAIM,TRUE
D,1,15,"Keep sessions short, safe, and social when possible, and choose what feels doable",CLAIM,16,15,"ADU 1: You have been steady with your rehab exercises by the kitchen window each morning
ADU 2: You enjoy short outdoor walks and calm afternoons with a heat pack
ADU 3: That steady care shows kindness and clear effort toward your wellbeing
ADU 4: Next week, plan small, pleasant activities each day to lift mood
ADU 5: Do rehab exercises in the morning
ADU 6: They strengthen you and build confidence
ADU 7: Take short outdoor walks
ADU 8: Fresh air gently raises energy and clarity, then rest with a heat pack
ADU 9: Fresh air gently raises energy and clarity
ADU 10: Rest with a heat pack
ADU 11: Shared meals feel rewarding
ADU 12: Enjoy a sports game or play board and computer games with your partner
ADU 13: Companionship lifts spirit
ADU 14: Aim for one small morning activity and one gentle afternoon activity each day
ADU 15 [TARGET]: Keep sessions short, safe, and social when possible, and choose what feels doable
ADU 16: You are making wise choices, Kim, and next week can feel happier and more energizing.",CLAIM,TRUE
D,1,16,"You are making wise choices, Kim, and next week can feel happier and more energizing.",NONE,16,16,"ADU 1: You have been steady with your rehab exercises by the kitchen window each morning
ADU 2: You enjoy short outdoor walks and calm afternoons with a heat pack
ADU 3: That steady care shows kindness and clear effort toward your wellbeing
ADU 4: Next week, plan small, pleasant activities each day to lift mood
ADU 5: Do rehab exercises in the morning
ADU 6: They strengthen you and build confidence
ADU 7: Take short outdoor walks
ADU 8: Fresh air gently raises energy and clarity, then rest with a heat pack
ADU 9: Fresh air gently raises energy and clarity
ADU 10: Rest with a heat pack
ADU 11: Shared meals feel rewarding
ADU 12: Enjoy a sports game or play board and computer games with your partner
ADU 13: Companionship lifts spirit
ADU 14: Aim for one small morning activity and one gentle afternoon activity each day
ADU 15: Keep sessions short, safe, and social when possible, and choose what feels doable
ADU 16 [TARGET]: You are making wise choices, Kim, and next week can feel happier and more energizing.",CLAIM,FALSE
D,2,1,"You have been steady with your rehab work and rest this week, quietly",NONE,14,1,"ADU 1 [TARGET]: You have been steady with your rehab work and rest this week, quietly
ADU 2: This morning you did exercises, then eased into a warm heat pack
ADU 3: You notice small gains and you stay patient and steady and hopeful
ADU 4: Next week, aim for small, regular rehab sessions every other day, gently
ADU 5: Keep short outdoor walks twice daily
ADU 6: Movement lifts mood and energy
ADU 7: Choose one cafe outing or a gentle restaurant lunch
ADU 8: Company matters
ADU 9: Share a board game or computer game night with your partner weekly
ADU 10: Allow extra heat-pack rest if pain or fatigue increases without guilt sometimes
ADU 11: These choices respect your comfort and desire for enjoyment and safety first
ADU 12: Make a very simple, flexible plan for next week, and rest too
ADU 13: Try three brief rehab sessions, daily walks, and a cafe visit weekly
ADU 14: You can do this, and I believe you will feel happier and more energetic soon and safe.",NONE,TRUE
D,2,2,"This morning you did exercises, then eased into a warm heat pack",PREMISE,14,2,"ADU 1: You have been steady with your rehab work and rest this week, quietly
ADU 2 [TARGET]: This morning you did exercises, then eased into a warm heat pack
ADU 3: You notice small gains and you stay patient and steady and hopeful
ADU 4: Next week, aim for small, regular rehab sessions every other day, gently
ADU 5: Keep short outdoor walks twice daily
ADU 6: Movement lifts mood and energy
ADU 7: Choose one cafe outing or a gentle restaurant lunch
ADU 8: Company matters
ADU 9: Share a board game or computer game night with your partner weekly
ADU 10: Allow extra heat-pack rest if pain or fatigue increases without guilt sometimes
ADU 11: These choices respect your comfort and desire for enjoyment and safety first
ADU 12: Make a very simple, flexible plan for next week, and rest too
ADU 13: Try three brief rehab sessions, daily walks, and a cafe visit weekly
ADU 14: You can do this, and I believe you will feel happier and more energetic soon and safe.",NONE,FALSE
D,2,3,You notice small gains and you stay patient and steady and hopeful,NONE,14,3,"ADU 1: You have been steady with your rehab work and rest this week, quietly
ADU 2: This morning you did exercises, then eased into a warm heat pack
ADU 3 [TARGET]: You notice small gains and you stay patient and steady and hopeful
ADU 4: Next week, aim for small, regular rehab sessions every other day, gently
ADU 5: Keep short outdoor walks twice daily
ADU 6: Movement lifts mood and energy
ADU 7: Choose one cafe outing or a gentle restaurant lunch
ADU 8: Company matters
ADU 9: Share a board game or computer game night with your partner weekly
ADU 10: Allow extra heat-pack rest if pain or fatigue increases without guilt sometimes
ADU 11: These choices respect your comfort and desire for enjoyment and safety first
ADU 12: Make a very simple, flexible plan for next week, and rest too
ADU 13: Try three brief rehab sessions, daily walks, and a cafe visit weekly
ADU 14: You can do this, and I believe you will feel happier and more energetic soon and safe.",NONE,TRUE
D,2,4,"Next week, aim for small, regular rehab sessions every other day, gently",CLAIM,14,4,"ADU 1: You have been steady with your rehab work and rest this week, quietly
ADU 2: This morning you did exercises, then eased into a warm heat pack
ADU 3: You notice small gains and you stay patient and steady and hopeful
ADU 4 [TARGET]: Next week, aim for small, regular rehab sessions every other day, gently
ADU 5: Keep short outdoor walks twice daily
ADU 6: Movement lifts mood and energy
ADU 7: Choose one cafe outing or a gentle restaurant lunch
ADU 8: Company matters
ADU 9: Share a board game or computer game night with your partner weekly
ADU 10: Allow extra heat-pack rest if pain or fatigue increases without guilt sometimes
ADU 11: These choices respect your comfort and desire for enjoyment and safety first
ADU 12: Make a very simple, flexible plan for next week, and rest too
ADU 13: Try three brief rehab sessions, daily walks, and a cafe visit weekly
ADU 14: You can do this, and I believe you will feel happier and more energetic soon and safe.",CLAIM,TRUE
D,2,5,Keep short outdoor walks twice daily,CLAIM,14,5,"ADU 1: You have been steady with your rehab work and rest this week, quietly
ADU 2: This morning you did exercises, then eased into a warm heat pack
ADU 3: You notice small gains and you stay patient and steady and hopeful
ADU 4: Next week, aim for small, regular rehab sessions every other day, gently
ADU 5 [TARGET]: Keep short outdoor walks twice daily
ADU 6: Movement lifts mood and energy
ADU 7: Choose one cafe outing or a gentle restaurant lunch
ADU 8: Company matters
ADU 9: Share a board game or computer game night with your partner weekly
ADU 10: Allow extra heat-pack rest if pain or fatigue increases without guilt sometimes
ADU 11: These choices respect your comfort and desire for enjoyment and safety first
ADU 12: Make a very simple, flexible plan for next week, and rest too
ADU 13: Try three brief rehab sessions, daily walks, and a cafe visit weekly
ADU 14: You can do this, and I believe you will feel happier and more energetic soon and safe.",CLAIM,TRUE
D,2,6,Movement lifts mood and energy,PREMISE,14,6,"ADU 1: You have been steady with your rehab work and rest this week, quietly
ADU 2: This morning you did exercises, then eased into a warm heat pack
ADU 3: You notice small gains and you stay patient and steady and hopeful
ADU 4: Next week, aim for small, regular rehab sessions every other day, gently
ADU 5: Keep short outdoor walks twice daily
ADU 6 [TARGET]: Movement lifts mood and energy
ADU 7: Choose one cafe outing or a gentle restaurant lunch
ADU 8: Company matters
ADU 9: Share a board game or computer game night with your partner weekly
ADU 10: Allow extra heat-pack rest if pain or fatigue increases without guilt sometimes
ADU 11: These choices respect your comfort and desire for enjoyment and safety first
ADU 12: Make a very simple, flexible plan for next week, and rest too
ADU 13: Try three brief rehab sessions, daily walks, and a cafe visit weekly
ADU 14: You can do this, and I believe you will feel happier and more energetic soon and safe.",PREMISE,TRUE
D,2,7,Choose one cafe outing or a gentle restaurant lunch,CLAIM,14,7,"ADU 1: You have been steady with your rehab work and rest this week, quietly
ADU 2: This morning you did exercises, then eased into a warm heat pack
ADU 3: You notice small gains and you stay patient and steady and hopeful
ADU 4: Next week, aim for small, regular rehab sessions every other day, gently
ADU 5: Keep short outdoor walks twice daily
ADU 6: Movement lifts mood and energy
ADU 7 [TARGET]: Choose one cafe outing or a gentle restaurant lunch
ADU 8: Company matters
ADU 9: Share a board game or computer game night with your partner weekly
ADU 10: Allow extra heat-pack rest if pain or fatigue increases without guilt sometimes
ADU 11: These choices respect your comfort and desire for enjoyment and safety first
ADU 12: Make a very simple, flexible plan for next week, and rest too
ADU 13: Try three brief rehab sessions, daily walks, and a cafe visit weekly
ADU 14: You can do this, and I believe you will feel happier and more energetic soon and safe.",CLAIM,TRUE
D,2,8,Company matters,PREMISE,14,8,"ADU 1: You have been steady with your rehab work and rest this week, quietly
ADU 2: This morning you did exercises, then eased into a warm heat pack
ADU 3: You notice small gains and you stay patient and steady and hopeful
ADU 4: Next week, aim for small, regular rehab sessions every other day, gently
ADU 5: Keep short outdoor walks twice daily
ADU 6: Movement lifts mood and energy
ADU 7: Choose one cafe outing or a gentle restaurant lunch
ADU 8 [TARGET]: Company matters
ADU 9: Share a board game or computer game night with your partner weekly
ADU 10: Allow extra heat-pack rest if pain or fatigue increases without guilt sometimes
ADU 11: These choices respect your comfort and desire for enjoyment and safety first
ADU 12: Make a very simple, flexible plan for next week, and rest too
ADU 13: Try three brief rehab sessions, daily walks, and a cafe visit weekly
ADU 14: You can do this, and I believe you will feel happier and more energetic soon and safe.",CLAIM,FALSE
D,2,9,Share a board game or computer game night with your partner weekly,CLAIM,14,9,"ADU 1: You have been steady with your rehab work and rest this week, quietly
ADU 2: This morning you did exercises, then eased into a warm heat pack
ADU 3: You notice small gains and you stay patient and steady and hopeful
ADU 4: Next week, aim for small, regular rehab sessions every other day, gently
ADU 5: Keep short outdoor walks twice daily
ADU 6: Movement lifts mood and energy
ADU 7: Choose one cafe outing or a gentle restaurant lunch
ADU 8: Company matters
ADU 9 [TARGET]: Share a board game or computer game night with your partner weekly
ADU 10: Allow extra heat-pack rest if pain or fatigue increases without guilt sometimes
ADU 11: These choices respect your comfort and desire for enjoyment and safety first
ADU 12: Make a very simple, flexible plan for next week, and rest too
ADU 13: Try three brief rehab sessions, daily walks, and a cafe visit weekly
ADU 14: You can do this, and I believe you will feel happier and more energetic soon and safe.",CLAIM,TRUE
D,2,10,Allow extra heat-pack rest if pain or fatigue increases without guilt sometimes,CLAIM,14,10,"ADU 1: You have been steady with your rehab work and rest this week, quietly
ADU 2: This morning you did exercises, then eased into a warm heat pack
ADU 3: You notice small gains and you stay patient and steady and hopeful
ADU 4: Next week, aim for small, regular rehab sessions every other day, gently
ADU 5: Keep short outdoor walks twice daily
ADU 6: Movement lifts mood and energy
ADU 7: Choose one cafe outing or a gentle restaurant lunch
ADU 8: Company matters
ADU 9: Share a board game or computer game night with your partner weekly
ADU 10 [TARGET]: Allow extra heat-pack rest if pain or fatigue increases without guilt sometimes
ADU 11: These choices respect your comfort and desire for enjoyment and safety first
ADU 12: Make a very simple, flexible plan for next week, and rest too
ADU 13: Try three brief rehab sessions, daily walks, and a cafe visit weekly
ADU 14: You can do this, and I believe you will feel happier and more energetic soon and safe.",CLAIM,TRUE
D,2,11,These choices respect your comfort and desire for enjoyment and safety first,PREMISE,14,11,"ADU 1: You have been steady with your rehab work and rest this week, quietly
ADU 2: This morning you did exercises, then eased into a warm heat pack
ADU 3: You notice small gains and you stay patient and steady and hopeful
ADU 4: Next week, aim for small, regular rehab sessions every other day, gently
ADU 5: Keep short outdoor walks twice daily
ADU 6: Movement lifts mood and energy
ADU 7: Choose one cafe outing or a gentle restaurant lunch
ADU 8: Company matters
ADU 9: Share a board game or computer game night with your partner weekly
ADU 10: Allow extra heat-pack rest if pain or fatigue increases without guilt sometimes
ADU 11 [TARGET]: These choices respect your comfort and desire for enjoyment and safety first
ADU 12: Make a very simple, flexible plan for next week, and rest too
ADU 13: Try three brief rehab sessions, daily walks, and a cafe visit weekly
ADU 14: You can do this, and I believe you will feel happier and more energetic soon and safe.",PREMISE,TRUE
D,2,12,"Make a very simple, flexible plan for next week, and rest too",CLAIM,14,12,"ADU 1: You have been steady with your rehab work and rest this week, quietly
ADU 2: This morning you did exercises, then eased into a warm heat pack
ADU 3: You notice small gains and you stay patient and steady and hopeful
ADU 4: Next week, aim for small, regular rehab sessions every other day, gently
ADU 5: Keep short outdoor walks twice daily
ADU 6: Movement lifts mood and energy
ADU 7: Choose one cafe outing or a gentle restaurant lunch
ADU 8: Company matters
ADU 9: Share a board game or computer game night with your partner weekly
ADU 10: Allow extra heat-pack rest if pain or fatigue increases without guilt sometimes
ADU 11: These choices respect your comfort and desire for enjoyment and safety first
ADU 12 [TARGET]: Make a very simple, flexible plan for next week, and rest too
ADU 13: Try three brief rehab sessions, daily walks, and a cafe visit weekly
ADU 14: You can do this, and I believe you will feel happier and more energetic soon and safe.",CLAIM,TRUE
D,2,13,"Try three brief rehab sessions, daily walks, and a cafe visit weekly",CLAIM,14,13,"ADU 1: You have been steady with your rehab work and rest this week, quietly
ADU 2: This morning you did exercises, then eased into a warm heat pack
ADU 3: You notice small gains and you stay patient and steady and hopeful
ADU 4: Next week, aim for small, regular rehab sessions every other day, gently
ADU 5: Keep short outdoor walks twice daily
ADU 6: Movement lifts mood and energy
ADU 7: Choose one cafe outing or a gentle restaurant lunch
ADU 8: Company matters
ADU 9: Share a board game or computer game night with your partner weekly
ADU 10: Allow extra heat-pack rest if pain or fatigue increases without guilt sometimes
ADU 11: These choices respect your comfort and desire for enjoyment and safety first
ADU 12: Make a very simple, flexible plan for next week, and rest too
ADU 13 [TARGET]: Try three brief rehab sessions, daily walks, and a cafe visit weekly
ADU 14: You can do this, and I believe you will feel happier and more energetic soon and safe.",CLAIM,TRUE
D,2,14,"You can do this, and I believe you will feel happier and more energetic soon and safe.",NONE,14,14,"ADU 1: You have been steady with your rehab work and rest this week, quietly
ADU 2: This morning you did exercises, then eased into a warm heat pack
ADU 3: You notice small gains and you stay patient and steady and hopeful
ADU 4: Next week, aim for small, regular rehab sessions every other day, gently
ADU 5: Keep short outdoor walks twice daily
ADU 6: Movement lifts mood and energy
ADU 7: Choose one cafe outing or a gentle restaurant lunch
ADU 8: Company matters
ADU 9: Share a board game or computer game night with your partner weekly
ADU 10: Allow extra heat-pack rest if pain or fatigue increases without guilt sometimes
ADU 11: These choices respect your comfort and desire for enjoyment and safety first
ADU 12: Make a very simple, flexible plan for next week, and rest too
ADU 13: Try three brief rehab sessions, daily walks, and a cafe visit weekly
ADU 14 [TARGET]: You can do this, and I believe you will feel happier and more energetic soon and safe.",NONE,TRUE
D,3,1,"You have kept up with hard days, and that matters a lot",NONE,13,1,"ADU 1 [TARGET]: You have kept up with hard days, and that matters a lot
ADU 2: Yesterday you sat at the kitchen table with your heat pack again
ADU 3: You completed rehab exercises most days this week and kept going well
ADU 4: Next week, try an alternating routine instead of doing everything daily, slowly
ADU 5: Prioritize rehab exercises, even though you rated them less fun
ADU 6: They matter
ADU 7: Make walks, watching sports, cafés, and games alternate days to rest more
ADU 8: Research and rehab advice show spacing helps, though it may not suffice
ADU 9: Doing everything daily can raise fatigue and slow healing over time too
ADU 10: If pain or tiredness stay high, use shorter sessions and more rest and call your clinician
ADU 11: Plan an easy week: alternate activity days and add one quiet block
ADU 12: Shorten rehab sets, keep walks brief, and enjoy one cafe outing together
ADU 13: You are doing well and can also adjust this plan anytime if needed.",CLAIM,FALSE
D,3,2,Yesterday you sat at the kitchen table with your heat pack again,PREMISE,13,2,"ADU 1: You have kept up with hard days, and that matters a lot
ADU 2 [TARGET]: Yesterday you sat at the kitchen table with your heat pack again
ADU 3: You completed rehab exercises most days this week and kept going well
ADU 4: Next week, try an alternating routine instead of doing everything daily, slowly
ADU 5: Prioritize rehab exercises, even though you rated them less fun
ADU 6: They matter
ADU 7: Make walks, watching sports, cafés, and games alternate days to rest more
ADU 8: Research and rehab advice show spacing helps, though it may not suffice
ADU 9: Doing everything daily can raise fatigue and slow healing over time too
ADU 10: If pain or tiredness stay high, use shorter sessions and more rest and call your clinician
ADU 11: Plan an easy week: alternate activity days and add one quiet block
ADU 12: Shorten rehab sets, keep walks brief, and enjoy one cafe outing together
ADU 13: You are doing well and can also adjust this plan anytime if needed.",NONE,FALSE
D,3,3,You completed rehab exercises most days this week and kept going well,PREMISE,13,3,"ADU 1: You have kept up with hard days, and that matters a lot
ADU 2: Yesterday you sat at the kitchen table with your heat pack again
ADU 3 [TARGET]: You completed rehab exercises most days this week and kept going well
ADU 4: Next week, try an alternating routine instead of doing everything daily, slowly
ADU 5: Prioritize rehab exercises, even though you rated them less fun
ADU 6: They matter
ADU 7: Make walks, watching sports, cafés, and games alternate days to rest more
ADU 8: Research and rehab advice show spacing helps, though it may not suffice
ADU 9: Doing everything daily can raise fatigue and slow healing over time too
ADU 10: If pain or tiredness stay high, use shorter sessions and more rest and call your clinician
ADU 11: Plan an easy week: alternate activity days and add one quiet block
ADU 12: Shorten rehab sets, keep walks brief, and enjoy one cafe outing together
ADU 13: You are doing well and can also adjust this plan anytime if needed.",NONE,FALSE
D,3,4,"Next week, try an alternating routine instead of doing everything daily, slowly",CLAIM,13,4,"ADU 1: You have kept up with hard days, and that matters a lot
ADU 2: Yesterday you sat at the kitchen table with your heat pack again
ADU 3: You completed rehab exercises most days this week and kept going well
ADU 4 [TARGET]: Next week, try an alternating routine instead of doing everything daily, slowly
ADU 5: Prioritize rehab exercises, even though you rated them less fun
ADU 6: They matter
ADU 7: Make walks, watching sports, cafés, and games alternate days to rest more
ADU 8: Research and rehab advice show spacing helps, though it may not suffice
ADU 9: Doing everything daily can raise fatigue and slow healing over time too
ADU 10: If pain or tiredness stay high, use shorter sessions and more rest and call your clinician
ADU 11: Plan an easy week: alternate activity days and add one quiet block
ADU 12: Shorten rehab sets, keep walks brief, and enjoy one cafe outing together
ADU 13: You are doing well and can also adjust this plan anytime if needed.",CLAIM,TRUE
D,3,5,"Prioritize rehab exercises, even though you rated them less fun",CLAIM,13,5,"ADU 1: You have kept up with hard days, and that matters a lot
ADU 2: Yesterday you sat at the kitchen table with your heat pack again
ADU 3: You completed rehab exercises most days this week and kept going well
ADU 4: Next week, try an alternating routine instead of doing everything daily, slowly
ADU 5 [TARGET]: Prioritize rehab exercises, even though you rated them less fun
ADU 6: They matter
ADU 7: Make walks, watching sports, cafés, and games alternate days to rest more
ADU 8: Research and rehab advice show spacing helps, though it may not suffice
ADU 9: Doing everything daily can raise fatigue and slow healing over time too
ADU 10: If pain or tiredness stay high, use shorter sessions and more rest and call your clinician
ADU 11: Plan an easy week: alternate activity days and add one quiet block
ADU 12: Shorten rehab sets, keep walks brief, and enjoy one cafe outing together
ADU 13: You are doing well and can also adjust this plan anytime if needed.",CLAIM,TRUE
D,3,6,They matter,PREMISE,13,6,"ADU 1: You have kept up with hard days, and that matters a lot
ADU 2: Yesterday you sat at the kitchen table with your heat pack again
ADU 3: You completed rehab exercises most days this week and kept going well
ADU 4: Next week, try an alternating routine instead of doing everything daily, slowly
ADU 5: Prioritize rehab exercises, even though you rated them less fun
ADU 6 [TARGET]: They matter
ADU 7: Make walks, watching sports, cafés, and games alternate days to rest more
ADU 8: Research and rehab advice show spacing helps, though it may not suffice
ADU 9: Doing everything daily can raise fatigue and slow healing over time too
ADU 10: If pain or tiredness stay high, use shorter sessions and more rest and call your clinician
ADU 11: Plan an easy week: alternate activity days and add one quiet block
ADU 12: Shorten rehab sets, keep walks brief, and enjoy one cafe outing together
ADU 13: You are doing well and can also adjust this plan anytime if needed.",CLAIM,FALSE
D,3,7,"Make walks, watching sports, cafés, and games alternate days to rest more",CLAIM,13,7,"ADU 1: You have kept up with hard days, and that matters a lot
ADU 2: Yesterday you sat at the kitchen table with your heat pack again
ADU 3: You completed rehab exercises most days this week and kept going well
ADU 4: Next week, try an alternating routine instead of doing everything daily, slowly
ADU 5: Prioritize rehab exercises, even though you rated them less fun
ADU 6: They matter
ADU 7 [TARGET]: Make walks, watching sports, cafés, and games alternate days to rest more
ADU 8: Research and rehab advice show spacing helps, though it may not suffice
ADU 9: Doing everything daily can raise fatigue and slow healing over time too
ADU 10: If pain or tiredness stay high, use shorter sessions and more rest and call your clinician
ADU 11: Plan an easy week: alternate activity days and add one quiet block
ADU 12: Shorten rehab sets, keep walks brief, and enjoy one cafe outing together
ADU 13: You are doing well and can also adjust this plan anytime if needed.",CLAIM,TRUE
D,3,8,"Research and rehab advice show spacing helps, though it may not suffice",PREMISE,13,8,"ADU 1: You have kept up with hard days, and that matters a lot
ADU 2: Yesterday you sat at the kitchen table with your heat pack again
ADU 3: You completed rehab exercises most days this week and kept going well
ADU 4: Next week, try an alternating routine instead of doing everything daily, slowly
ADU 5: Prioritize rehab exercises, even though you rated them less fun
ADU 6: They matter
ADU 7: Make walks, watching sports, cafés, and games alternate days to rest more
ADU 8 [TARGET]: Research and rehab advice show spacing helps, though it may not suffice
ADU 9: Doing everything daily can raise fatigue and slow healing over time too
ADU 10: If pain or tiredness stay high, use shorter sessions and more rest and call your clinician
ADU 11: Plan an easy week: alternate activity days and add one quiet block
ADU 12: Shorten rehab sets, keep walks brief, and enjoy one cafe outing together
ADU 13: You are doing well and can also adjust this plan anytime if needed.",PREMISE,TRUE
D,3,9,Doing everything daily can raise fatigue and slow healing over time too,PREMISE,13,9,"ADU 1: You have kept up with hard days, and that matters a lot
ADU 2: Yesterday you sat at the kitchen table with your heat pack again
ADU 3: You completed rehab exercises most days this week and kept going well
ADU 4: Next week, try an alternating routine instead of doing everything daily, slowly
ADU 5: Prioritize rehab exercises, even though you rated them less fun
ADU 6: They matter
ADU 7: Make walks, watching sports, cafés, and games alternate days to rest more
ADU 8: Research and rehab advice show spacing helps, though it may not suffice
ADU 9 [TARGET]: Doing everything daily can raise fatigue and slow healing over time too
ADU 10: If pain or tiredness stay high, use shorter sessions and more rest and call your clinician
ADU 11: Plan an easy week: alternate activity days and add one quiet block
ADU 12: Shorten rehab sets, keep walks brief, and enjoy one cafe outing together
ADU 13: You are doing well and can also adjust this plan anytime if needed.",PREMISE,TRUE
D,3,10,"If pain or tiredness stay high, use shorter sessions and more rest and call your clinician",CLAIM,13,10,"ADU 1: You have kept up with hard days, and that matters a lot
ADU 2: Yesterday you sat at the kitchen table with your heat pack again
ADU 3: You completed rehab exercises most days this week and kept going well
ADU 4: Next week, try an alternating routine instead of doing everything daily, slowly
ADU 5: Prioritize rehab exercises, even though you rated them less fun
ADU 6: They matter
ADU 7: Make walks, watching sports, cafés, and games alternate days to rest more
ADU 8: Research and rehab advice show spacing helps, though it may not suffice
ADU 9: Doing everything daily can raise fatigue and slow healing over time too
ADU 10 [TARGET]: If pain or tiredness stay high, use shorter sessions and more rest and call your clinician
ADU 11: Plan an easy week: alternate activity days and add one quiet block
ADU 12: Shorten rehab sets, keep walks brief, and enjoy one cafe outing together
ADU 13: You are doing well and can also adjust this plan anytime if needed.",CLAIM,TRUE
D,3,11,Plan an easy week: alternate activity days and add one quiet block,CLAIM,13,11,"ADU 1: You have kept up with hard days, and that matters a lot
ADU 2: Yesterday you sat at the kitchen table with your heat pack again
ADU 3: You completed rehab exercises most days this week and kept going well
ADU 4: Next week, try an alternating routine instead of doing everything daily, slowly
ADU 5: Prioritize rehab exercises, even though you rated them less fun
ADU 6: They matter
ADU 7: Make walks, watching sports, cafés, and games alternate days to rest more
ADU 8: Research and rehab advice show spacing helps, though it may not suffice
ADU 9: Doing everything daily can raise fatigue and slow healing over time too
ADU 10: If pain or tiredness stay high, use shorter sessions and more rest and call your clinician
ADU 11 [TARGET]: Plan an easy week: alternate activity days and add one quiet block
ADU 12: Shorten rehab sets, keep walks brief, and enjoy one cafe outing together
ADU 13: You are doing well and can also adjust this plan anytime if needed.",CLAIM,TRUE
D,3,12,"Shorten rehab sets, keep walks brief, and enjoy one cafe outing together",CLAIM,13,12,"ADU 1: You have kept up with hard days, and that matters a lot
ADU 2: Yesterday you sat at the kitchen table with your heat pack again
ADU 3: You completed rehab exercises most days this week and kept going well
ADU 4: Next week, try an alternating routine instead of doing everything daily, slowly
ADU 5: Prioritize rehab exercises, even though you rated them less fun
ADU 6: They matter
ADU 7: Make walks, watching sports, cafés, and games alternate days to rest more
ADU 8: Research and rehab advice show spacing helps, though it may not suffice
ADU 9: Doing everything daily can raise fatigue and slow healing over time too
ADU 10: If pain or tiredness stay high, use shorter sessions and more rest and call your clinician
ADU 11: Plan an easy week: alternate activity days and add one quiet block
ADU 12 [TARGET]: Shorten rehab sets, keep walks brief, and enjoy one cafe outing together
ADU 13: You are doing well and can also adjust this plan anytime if needed.",CLAIM,TRUE
D,3,13,You are doing well and can also adjust this plan anytime if needed.,NONE,13,13,"ADU 1: You have kept up with hard days, and that matters a lot
ADU 2: Yesterday you sat at the kitchen table with your heat pack again
ADU 3: You completed rehab exercises most days this week and kept going well
ADU 4: Next week, try an alternating routine instead of doing everything daily, slowly
ADU 5: Prioritize rehab exercises, even though you rated them less fun
ADU 6: They matter
ADU 7: Make walks, watching sports, cafés, and games alternate days to rest more
ADU 8: Research and rehab advice show spacing helps, though it may not suffice
ADU 9: Doing everything daily can raise fatigue and slow healing over time too
ADU 10: If pain or tiredness stay high, use shorter sessions and more rest and call your clinician
ADU 11: Plan an easy week: alternate activity days and add one quiet block
ADU 12: Shorten rehab sets, keep walks brief, and enjoy one cafe outing together
ADU 13 [TARGET]: You are doing well and can also adjust this plan anytime if needed.",CLAIM,FALSE
D,4,1,"Kim, you have kept up with your routine this week, steadily so indeed",NONE,12,1,"ADU 1 [TARGET]: Kim, you have kept up with your routine this week, steadily so indeed
ADU 2: I noticed you managed rehab exercises and short walks after breakfast today
ADU 3: You sit with a heat pack in the living room each day
ADU 4: Next week, lighten the schedule by alternating active days and rest days
ADU 5: On active days, do rehab exercises, short walks, and a cafe visit
ADU 6: On rest days, keep your heat pack, watch sports and nap briefly
ADU 7: They help reduce pain, ease muscles, and lower stress levels, and lift your mood
ADU 8: You rated rehab as less fun, but short daily sessions still help
ADU 9: Doing everything daily caused fatigue; spacing protects energy, as studies clearly show
ADU 10: Try active days on Monday, Wednesday, and Friday mornings with brief activity
ADU 11: Add one quiet recovery block on Saturday with extra rest and short reading
ADU 12: You can follow this plan gently, with patience, and you will recover better soon.",NONE,TRUE
D,4,2,I noticed you managed rehab exercises and short walks after breakfast today,PREMISE,12,2,"ADU 1: Kim, you have kept up with your routine this week, steadily so indeed
ADU 2 [TARGET]: I noticed you managed rehab exercises and short walks after breakfast today
ADU 3: You sit with a heat pack in the living room each day
ADU 4: Next week, lighten the schedule by alternating active days and rest days
ADU 5: On active days, do rehab exercises, short walks, and a cafe visit
ADU 6: On rest days, keep your heat pack, watch sports and nap briefly
ADU 7: They help reduce pain, ease muscles, and lower stress levels, and lift your mood
ADU 8: You rated rehab as less fun, but short daily sessions still help
ADU 9: Doing everything daily caused fatigue; spacing protects energy, as studies clearly show
ADU 10: Try active days on Monday, Wednesday, and Friday mornings with brief activity
ADU 11: Add one quiet recovery block on Saturday with extra rest and short reading
ADU 12: You can follow this plan gently, with patience, and you will recover better soon.",NONE,FALSE
D,4,3,You sit with a heat pack in the living room each day,PREMISE,12,3,"ADU 1: Kim, you have kept up with your routine this week, steadily so indeed
ADU 2: I noticed you managed rehab exercises and short walks after breakfast today
ADU 3 [TARGET]: You sit with a heat pack in the living room each day
ADU 4: Next week, lighten the schedule by alternating active days and rest days
ADU 5: On active days, do rehab exercises, short walks, and a cafe visit
ADU 6: On rest days, keep your heat pack, watch sports and nap briefly
ADU 7: They help reduce pain, ease muscles, and lower stress levels, and lift your mood
ADU 8: You rated rehab as less fun, but short daily sessions still help
ADU 9: Doing everything daily caused fatigue; spacing protects energy, as studies clearly show
ADU 10: Try active days on Monday, Wednesday, and Friday mornings with brief activity
ADU 11: Add one quiet recovery block on Saturday with extra rest and short reading
ADU 12: You can follow this plan gently, with patience, and you will recover better soon.",NONE,FALSE
D,4,4,"Next week, lighten the schedule by alternating active days and rest days",CLAIM,12,4,"ADU 1: Kim, you have kept up with your routine this week, steadily so indeed
ADU 2: I noticed you managed rehab exercises and short walks after breakfast today
ADU 3: You sit with a heat pack in the living room each day
ADU 4 [TARGET]: Next week, lighten the schedule by alternating active days and rest days
ADU 5: On active days, do rehab exercises, short walks, and a cafe visit
ADU 6: On rest days, keep your heat pack, watch sports and nap briefly
ADU 7: They help reduce pain, ease muscles, and lower stress levels, and lift your mood
ADU 8: You rated rehab as less fun, but short daily sessions still help
ADU 9: Doing everything daily caused fatigue; spacing protects energy, as studies clearly show
ADU 10: Try active days on Monday, Wednesday, and Friday mornings with brief activity
ADU 11: Add one quiet recovery block on Saturday with extra rest and short reading
ADU 12: You can follow this plan gently, with patience, and you will recover better soon.",CLAIM,TRUE
D,4,5,"On active days, do rehab exercises, short walks, and a cafe visit",CLAIM,12,5,"ADU 1: Kim, you have kept up with your routine this week, steadily so indeed
ADU 2: I noticed you managed rehab exercises and short walks after breakfast today
ADU 3: You sit with a heat pack in the living room each day
ADU 4: Next week, lighten the schedule by alternating active days and rest days
ADU 5 [TARGET]: On active days, do rehab exercises, short walks, and a cafe visit
ADU 6: On rest days, keep your heat pack, watch sports and nap briefly
ADU 7: They help reduce pain, ease muscles, and lower stress levels, and lift your mood
ADU 8: You rated rehab as less fun, but short daily sessions still help
ADU 9: Doing everything daily caused fatigue; spacing protects energy, as studies clearly show
ADU 10: Try active days on Monday, Wednesday, and Friday mornings with brief activity
ADU 11: Add one quiet recovery block on Saturday with extra rest and short reading
ADU 12: You can follow this plan gently, with patience, and you will recover better soon.",CLAIM,TRUE
D,4,6,"On rest days, keep your heat pack, watch sports and nap briefly",CLAIM,12,6,"ADU 1: Kim, you have kept up with your routine this week, steadily so indeed
ADU 2: I noticed you managed rehab exercises and short walks after breakfast today
ADU 3: You sit with a heat pack in the living room each day
ADU 4: Next week, lighten the schedule by alternating active days and rest days
ADU 5: On active days, do rehab exercises, short walks, and a cafe visit
ADU 6 [TARGET]: On rest days, keep your heat pack, watch sports and nap briefly
ADU 7: They help reduce pain, ease muscles, and lower stress levels, and lift your mood
ADU 8: You rated rehab as less fun, but short daily sessions still help
ADU 9: Doing everything daily caused fatigue; spacing protects energy, as studies clearly show
ADU 10: Try active days on Monday, Wednesday, and Friday mornings with brief activity
ADU 11: Add one quiet recovery block on Saturday with extra rest and short reading
ADU 12: You can follow this plan gently, with patience, and you will recover better soon.",CLAIM,TRUE
D,4,7,"They help reduce pain, ease muscles, and lower stress levels, and lift your mood",PREMISE,12,7,"ADU 1: Kim, you have kept up with your routine this week, steadily so indeed
ADU 2: I noticed you managed rehab exercises and short walks after breakfast today
ADU 3: You sit with a heat pack in the living room each day
ADU 4: Next week, lighten the schedule by alternating active days and rest days
ADU 5: On active days, do rehab exercises, short walks, and a cafe visit
ADU 6: On rest days, keep your heat pack, watch sports and nap briefly
ADU 7 [TARGET]: They help reduce pain, ease muscles, and lower stress levels, and lift your mood
ADU 8: You rated rehab as less fun, but short daily sessions still help
ADU 9: Doing everything daily caused fatigue; spacing protects energy, as studies clearly show
ADU 10: Try active days on Monday, Wednesday, and Friday mornings with brief activity
ADU 11: Add one quiet recovery block on Saturday with extra rest and short reading
ADU 12: You can follow this plan gently, with patience, and you will recover better soon.",PREMISE,TRUE
D,4,8,"You rated rehab as less fun, but short daily sessions still help",PREMISE,12,8,"ADU 1: Kim, you have kept up with your routine this week, steadily so indeed
ADU 2: I noticed you managed rehab exercises and short walks after breakfast today
ADU 3: You sit with a heat pack in the living room each day
ADU 4: Next week, lighten the schedule by alternating active days and rest days
ADU 5: On active days, do rehab exercises, short walks, and a cafe visit
ADU 6: On rest days, keep your heat pack, watch sports and nap briefly
ADU 7: They help reduce pain, ease muscles, and lower stress levels, and lift your mood
ADU 8 [TARGET]: You rated rehab as less fun, but short daily sessions still help
ADU 9: Doing everything daily caused fatigue; spacing protects energy, as studies clearly show
ADU 10: Try active days on Monday, Wednesday, and Friday mornings with brief activity
ADU 11: Add one quiet recovery block on Saturday with extra rest and short reading
ADU 12: You can follow this plan gently, with patience, and you will recover better soon.",PREMISE,TRUE
D,4,9,"Doing everything daily caused fatigue; spacing protects energy, as studies clearly show",PREMISE,12,9,"ADU 1: Kim, you have kept up with your routine this week, steadily so indeed
ADU 2: I noticed you managed rehab exercises and short walks after breakfast today
ADU 3: You sit with a heat pack in the living room each day
ADU 4: Next week, lighten the schedule by alternating active days and rest days
ADU 5: On active days, do rehab exercises, short walks, and a cafe visit
ADU 6: On rest days, keep your heat pack, watch sports and nap briefly
ADU 7: They help reduce pain, ease muscles, and lower stress levels, and lift your mood
ADU 8: You rated rehab as less fun, but short daily sessions still help
ADU 9 [TARGET]: Doing everything daily caused fatigue; spacing protects energy, as studies clearly show
ADU 10: Try active days on Monday, Wednesday, and Friday mornings with brief activity
ADU 11: Add one quiet recovery block on Saturday with extra rest and short reading
ADU 12: You can follow this plan gently, with patience, and you will recover better soon.",PREMISE,TRUE
D,4,10,"Try active days on Monday, Wednesday, and Friday mornings with brief activity",CLAIM,12,10,"ADU 1: Kim, you have kept up with your routine this week, steadily so indeed
ADU 2: I noticed you managed rehab exercises and short walks after breakfast today
ADU 3: You sit with a heat pack in the living room each day
ADU 4: Next week, lighten the schedule by alternating active days and rest days
ADU 5: On active days, do rehab exercises, short walks, and a cafe visit
ADU 6: On rest days, keep your heat pack, watch sports and nap briefly
ADU 7: They help reduce pain, ease muscles, and lower stress levels, and lift your mood
ADU 8: You rated rehab as less fun, but short daily sessions still help
ADU 9: Doing everything daily caused fatigue; spacing protects energy, as studies clearly show
ADU 10 [TARGET]: Try active days on Monday, Wednesday, and Friday mornings with brief activity
ADU 11: Add one quiet recovery block on Saturday with extra rest and short reading
ADU 12: You can follow this plan gently, with patience, and you will recover better soon.",CLAIM,TRUE
D,4,11,Add one quiet recovery block on Saturday with extra rest and short reading,CLAIM,12,11,"ADU 1: Kim, you have kept up with your routine this week, steadily so indeed
ADU 2: I noticed you managed rehab exercises and short walks after breakfast today
ADU 3: You sit with a heat pack in the living room each day
ADU 4: Next week, lighten the schedule by alternating active days and rest days
ADU 5: On active days, do rehab exercises, short walks, and a cafe visit
ADU 6: On rest days, keep your heat pack, watch sports and nap briefly
ADU 7: They help reduce pain, ease muscles, and lower stress levels, and lift your mood
ADU 8: You rated rehab as less fun, but short daily sessions still help
ADU 9: Doing everything daily caused fatigue; spacing protects energy, as studies clearly show
ADU 10: Try active days on Monday, Wednesday, and Friday mornings with brief activity
ADU 11 [TARGET]: Add one quiet recovery block on Saturday with extra rest and short reading
ADU 12: You can follow this plan gently, with patience, and you will recover better soon.",CLAIM,TRUE
D,4,12,"You can follow this plan gently, with patience, and you will recover better soon.",PREMISE,12,12,"ADU 1: Kim, you have kept up with your routine this week, steadily so indeed
ADU 2: I noticed you managed rehab exercises and short walks after breakfast today
ADU 3: You sit with a heat pack in the living room each day
ADU 4: Next week, lighten the schedule by alternating active days and rest days
ADU 5: On active days, do rehab exercises, short walks, and a cafe visit
ADU 6: On rest days, keep your heat pack, watch sports and nap briefly
ADU 7: They help reduce pain, ease muscles, and lower stress levels, and lift your mood
ADU 8: You rated rehab as less fun, but short daily sessions still help
ADU 9: Doing everything daily caused fatigue; spacing protects energy, as studies clearly show
ADU 10: Try active days on Monday, Wednesday, and Friday mornings with brief activity
ADU 11: Add one quiet recovery block on Saturday with extra rest and short reading
ADU 12 [TARGET]: You can follow this plan gently, with patience, and you will recover better soon.",CLAIM,FALSE
D,5,1,"You did well this week, Kim",NONE,12,1,"ADU 1 [TARGET]: You did well this week, Kim
ADU 2: You eased into the morning after a short walk with tea
ADU 3: You rested with a heat pack afterward each evening and read quietly
ADU 4: Your records show you did rehab exercises every day for recovery
ADU 5: You also took short outdoor walks each day for fresh air and balance
ADU 6: You watched sports and rested with a heat pack daily, which soothed your muscles
ADU 7: You visited a cafe or restaurant and played games with your partner, enjoying company
ADU 8: Short walks gave fresh air and steady movement for joints
ADU 9: Rehab felt less fun, but it stayed important for your steady progress and kept you moving
ADU 10: Given this steady pattern of daily care and social time, it is plausible you did something important
ADU 11: The activity records are in a strong position to know your routine and results
ADU 12: That matters, and you can feel quietly proud of your steady effort.",CLAIM,FALSE
D,5,2,You eased into the morning after a short walk with tea,PREMISE,12,2,"ADU 1: You did well this week, Kim
ADU 2 [TARGET]: You eased into the morning after a short walk with tea
ADU 3: You rested with a heat pack afterward each evening and read quietly
ADU 4: Your records show you did rehab exercises every day for recovery
ADU 5: You also took short outdoor walks each day for fresh air and balance
ADU 6: You watched sports and rested with a heat pack daily, which soothed your muscles
ADU 7: You visited a cafe or restaurant and played games with your partner, enjoying company
ADU 8: Short walks gave fresh air and steady movement for joints
ADU 9: Rehab felt less fun, but it stayed important for your steady progress and kept you moving
ADU 10: Given this steady pattern of daily care and social time, it is plausible you did something important
ADU 11: The activity records are in a strong position to know your routine and results
ADU 12: That matters, and you can feel quietly proud of your steady effort.",NONE,FALSE
D,5,3,You rested with a heat pack afterward each evening and read quietly,PREMISE,12,3,"ADU 1: You did well this week, Kim
ADU 2: You eased into the morning after a short walk with tea
ADU 3 [TARGET]: You rested with a heat pack afterward each evening and read quietly
ADU 4: Your records show you did rehab exercises every day for recovery
ADU 5: You also took short outdoor walks each day for fresh air and balance
ADU 6: You watched sports and rested with a heat pack daily, which soothed your muscles
ADU 7: You visited a cafe or restaurant and played games with your partner, enjoying company
ADU 8: Short walks gave fresh air and steady movement for joints
ADU 9: Rehab felt less fun, but it stayed important for your steady progress and kept you moving
ADU 10: Given this steady pattern of daily care and social time, it is plausible you did something important
ADU 11: The activity records are in a strong position to know your routine and results
ADU 12: That matters, and you can feel quietly proud of your steady effort.",PREMISE,TRUE
D,5,4,Your records show you did rehab exercises every day for recovery,PREMISE,12,4,"ADU 1: You did well this week, Kim
ADU 2: You eased into the morning after a short walk with tea
ADU 3: You rested with a heat pack afterward each evening and read quietly
ADU 4 [TARGET]: Your records show you did rehab exercises every day for recovery
ADU 5: You also took short outdoor walks each day for fresh air and balance
ADU 6: You watched sports and rested with a heat pack daily, which soothed your muscles
ADU 7: You visited a cafe or restaurant and played games with your partner, enjoying company
ADU 8: Short walks gave fresh air and steady movement for joints
ADU 9: Rehab felt less fun, but it stayed important for your steady progress and kept you moving
ADU 10: Given this steady pattern of daily care and social time, it is plausible you did something important
ADU 11: The activity records are in a strong position to know your routine and results
ADU 12: That matters, and you can feel quietly proud of your steady effort.",PREMISE,TRUE
D,5,5,You also took short outdoor walks each day for fresh air and balance,PREMISE,12,5,"ADU 1: You did well this week, Kim
ADU 2: You eased into the morning after a short walk with tea
ADU 3: You rested with a heat pack afterward each evening and read quietly
ADU 4: Your records show you did rehab exercises every day for recovery
ADU 5 [TARGET]: You also took short outdoor walks each day for fresh air and balance
ADU 6: You watched sports and rested with a heat pack daily, which soothed your muscles
ADU 7: You visited a cafe or restaurant and played games with your partner, enjoying company
ADU 8: Short walks gave fresh air and steady movement for joints
ADU 9: Rehab felt less fun, but it stayed important for your steady progress and kept you moving
ADU 10: Given this steady pattern of daily care and social time, it is plausible you did something important
ADU 11: The activity records are in a strong position to know your routine and results
ADU 12: That matters, and you can feel quietly proud of your steady effort.",NONE,FALSE
D,5,6,"You watched sports and rested with a heat pack daily, which soothed your muscles",PREMISE,12,6,"ADU 1: You did well this week, Kim
ADU 2: You eased into the morning after a short walk with tea
ADU 3: You rested with a heat pack afterward each evening and read quietly
ADU 4: Your records show you did rehab exercises every day for recovery
ADU 5: You also took short outdoor walks each day for fresh air and balance
ADU 6 [TARGET]: You watched sports and rested with a heat pack daily, which soothed your muscles
ADU 7: You visited a cafe or restaurant and played games with your partner, enjoying company
ADU 8: Short walks gave fresh air and steady movement for joints
ADU 9: Rehab felt less fun, but it stayed important for your steady progress and kept you moving
ADU 10: Given this steady pattern of daily care and social time, it is plausible you did something important
ADU 11: The activity records are in a strong position to know your routine and results
ADU 12: That matters, and you can feel quietly proud of your steady effort.",NONE,FALSE
D,5,7,"You visited a cafe or restaurant and played games with your partner, enjoying company",PREMISE,12,7,"ADU 1: You did well this week, Kim
ADU 2: You eased into the morning after a short walk with tea
ADU 3: You rested with a heat pack afterward each evening and read quietly
ADU 4: Your records show you did rehab exercises every day for recovery
ADU 5: You also took short outdoor walks each day for fresh air and balance
ADU 6: You watched sports and rested with a heat pack daily, which soothed your muscles
ADU 7 [TARGET]: You visited a cafe or restaurant and played games with your partner, enjoying company
ADU 8: Short walks gave fresh air and steady movement for joints
ADU 9: Rehab felt less fun, but it stayed important for your steady progress and kept you moving
ADU 10: Given this steady pattern of daily care and social time, it is plausible you did something important
ADU 11: The activity records are in a strong position to know your routine and results
ADU 12: That matters, and you can feel quietly proud of your steady effort.",NONE,FALSE
D,5,8,Short walks gave fresh air and steady movement for joints,PREMISE,12,8,"ADU 1: You did well this week, Kim
ADU 2: You eased into the morning after a short walk with tea
ADU 3: You rested with a heat pack afterward each evening and read quietly
ADU 4: Your records show you did rehab exercises every day for recovery
ADU 5: You also took short outdoor walks each day for fresh air and balance
ADU 6: You watched sports and rested with a heat pack daily, which soothed your muscles
ADU 7: You visited a cafe or restaurant and played games with your partner, enjoying company
ADU 8 [TARGET]: Short walks gave fresh air and steady movement for joints
ADU 9: Rehab felt less fun, but it stayed important for your steady progress and kept you moving
ADU 10: Given this steady pattern of daily care and social time, it is plausible you did something important
ADU 11: The activity records are in a strong position to know your routine and results
ADU 12: That matters, and you can feel quietly proud of your steady effort.",PREMISE,TRUE
D,5,9,"Rehab felt less fun, but it stayed important for your steady progress and kept you moving",PREMISE,12,9,"ADU 1: You did well this week, Kim
ADU 2: You eased into the morning after a short walk with tea
ADU 3: You rested with a heat pack afterward each evening and read quietly
ADU 4: Your records show you did rehab exercises every day for recovery
ADU 5: You also took short outdoor walks each day for fresh air and balance
ADU 6: You watched sports and rested with a heat pack daily, which soothed your muscles
ADU 7: You visited a cafe or restaurant and played games with your partner, enjoying company
ADU 8: Short walks gave fresh air and steady movement for joints
ADU 9 [TARGET]: Rehab felt less fun, but it stayed important for your steady progress and kept you moving
ADU 10: Given this steady pattern of daily care and social time, it is plausible you did something important
ADU 11: The activity records are in a strong position to know your routine and results
ADU 12: That matters, and you can feel quietly proud of your steady effort.",PREMISE,TRUE
D,5,10,"Given this steady pattern of daily care and social time, it is plausible you did something important",CLAIM,12,10,"ADU 1: You did well this week, Kim
ADU 2: You eased into the morning after a short walk with tea
ADU 3: You rested with a heat pack afterward each evening and read quietly
ADU 4: Your records show you did rehab exercises every day for recovery
ADU 5: You also took short outdoor walks each day for fresh air and balance
ADU 6: You watched sports and rested with a heat pack daily, which soothed your muscles
ADU 7: You visited a cafe or restaurant and played games with your partner, enjoying company
ADU 8: Short walks gave fresh air and steady movement for joints
ADU 9: Rehab felt less fun, but it stayed important for your steady progress and kept you moving
ADU 10 [TARGET]: Given this steady pattern of daily care and social time, it is plausible you did something important
ADU 11: The activity records are in a strong position to know your routine and results
ADU 12: That matters, and you can feel quietly proud of your steady effort.",CLAIM,TRUE
D,5,11,The activity records are in a strong position to know your routine and results,PREMISE,12,11,"ADU 1: You did well this week, Kim
ADU 2: You eased into the morning after a short walk with tea
ADU 3: You rested with a heat pack afterward each evening and read quietly
ADU 4: Your records show you did rehab exercises every day for recovery
ADU 5: You also took short outdoor walks each day for fresh air and balance
ADU 6: You watched sports and rested with a heat pack daily, which soothed your muscles
ADU 7: You visited a cafe or restaurant and played games with your partner, enjoying company
ADU 8: Short walks gave fresh air and steady movement for joints
ADU 9: Rehab felt less fun, but it stayed important for your steady progress and kept you moving
ADU 10: Given this steady pattern of daily care and social time, it is plausible you did something important
ADU 11 [TARGET]: The activity records are in a strong position to know your routine and results
ADU 12: That matters, and you can feel quietly proud of your steady effort.",PREMISE,TRUE
D,5,12,"That matters, and you can feel quietly proud of your steady effort.",NONE,12,12,"ADU 1: You did well this week, Kim
ADU 2: You eased into the morning after a short walk with tea
ADU 3: You rested with a heat pack afterward each evening and read quietly
ADU 4: Your records show you did rehab exercises every day for recovery
ADU 5: You also took short outdoor walks each day for fresh air and balance
ADU 6: You watched sports and rested with a heat pack daily, which soothed your muscles
ADU 7: You visited a cafe or restaurant and played games with your partner, enjoying company
ADU 8: Short walks gave fresh air and steady movement for joints
ADU 9: Rehab felt less fun, but it stayed important for your steady progress and kept you moving
ADU 10: Given this steady pattern of daily care and social time, it is plausible you did something important
ADU 11: The activity records are in a strong position to know your routine and results
ADU 12 [TARGET]: That matters, and you can feel quietly proud of your steady effort.",CLAIM,FALSE
D,6,1,"You kept a steady routine this week, and that mattered a lot",NONE,12,1,"ADU 1 [TARGET]: You kept a steady routine this week, and that mattered a lot
ADU 2: You sat with a heat pack while quietly watching the sports game
ADU 3: These daily habits reflected persistence, patience, and steady self-care all week, Kim
ADU 4: Your activity records indicate rehab exercises occurred each day without skipping sessions
ADU 5: You did rehab exercises, less fun but essential, and short walks
ADU 6: You rested with a heat pack each day to ease discomfort, relax
ADU 7: You went to a cafe and shared games with your partner together
ADU 8: Rehab exercises felt less fun, yet they clearly supported your recovery progress
ADU 9: Given these reliable records and steady effort, seems plausible you achieved something
ADU 10: This pattern shows care, connection, and steady gains in daily life today
ADU 11: You can reasonably trust the activity records as a useful guide now
ADU 12: Be gentle with yourself and notice these quiet, important achievements each day.",CLAIM,FALSE
D,6,2,You sat with a heat pack while quietly watching the sports game,NONE,12,2,"ADU 1: You kept a steady routine this week, and that mattered a lot
ADU 2 [TARGET]: You sat with a heat pack while quietly watching the sports game
ADU 3: These daily habits reflected persistence, patience, and steady self-care all week, Kim
ADU 4: Your activity records indicate rehab exercises occurred each day without skipping sessions
ADU 5: You did rehab exercises, less fun but essential, and short walks
ADU 6: You rested with a heat pack each day to ease discomfort, relax
ADU 7: You went to a cafe and shared games with your partner together
ADU 8: Rehab exercises felt less fun, yet they clearly supported your recovery progress
ADU 9: Given these reliable records and steady effort, seems plausible you achieved something
ADU 10: This pattern shows care, connection, and steady gains in daily life today
ADU 11: You can reasonably trust the activity records as a useful guide now
ADU 12: Be gentle with yourself and notice these quiet, important achievements each day.",NONE,TRUE
D,6,3,"These daily habits reflected persistence, patience, and steady self-care all week, Kim",NONE,12,3,"ADU 1: You kept a steady routine this week, and that mattered a lot
ADU 2: You sat with a heat pack while quietly watching the sports game
ADU 3 [TARGET]: These daily habits reflected persistence, patience, and steady self-care all week, Kim
ADU 4: Your activity records indicate rehab exercises occurred each day without skipping sessions
ADU 5: You did rehab exercises, less fun but essential, and short walks
ADU 6: You rested with a heat pack each day to ease discomfort, relax
ADU 7: You went to a cafe and shared games with your partner together
ADU 8: Rehab exercises felt less fun, yet they clearly supported your recovery progress
ADU 9: Given these reliable records and steady effort, seems plausible you achieved something
ADU 10: This pattern shows care, connection, and steady gains in daily life today
ADU 11: You can reasonably trust the activity records as a useful guide now
ADU 12: Be gentle with yourself and notice these quiet, important achievements each day.",CLAIM,FALSE
D,6,4,Your activity records indicate rehab exercises occurred each day without skipping sessions,PREMISE,12,4,"ADU 1: You kept a steady routine this week, and that mattered a lot
ADU 2: You sat with a heat pack while quietly watching the sports game
ADU 3: These daily habits reflected persistence, patience, and steady self-care all week, Kim
ADU 4 [TARGET]: Your activity records indicate rehab exercises occurred each day without skipping sessions
ADU 5: You did rehab exercises, less fun but essential, and short walks
ADU 6: You rested with a heat pack each day to ease discomfort, relax
ADU 7: You went to a cafe and shared games with your partner together
ADU 8: Rehab exercises felt less fun, yet they clearly supported your recovery progress
ADU 9: Given these reliable records and steady effort, seems plausible you achieved something
ADU 10: This pattern shows care, connection, and steady gains in daily life today
ADU 11: You can reasonably trust the activity records as a useful guide now
ADU 12: Be gentle with yourself and notice these quiet, important achievements each day.",PREMISE,TRUE
D,6,5,"You did rehab exercises, less fun but essential, and short walks",PREMISE,12,5,"ADU 1: You kept a steady routine this week, and that mattered a lot
ADU 2: You sat with a heat pack while quietly watching the sports game
ADU 3: These daily habits reflected persistence, patience, and steady self-care all week, Kim
ADU 4: Your activity records indicate rehab exercises occurred each day without skipping sessions
ADU 5 [TARGET]: You did rehab exercises, less fun but essential, and short walks
ADU 6: You rested with a heat pack each day to ease discomfort, relax
ADU 7: You went to a cafe and shared games with your partner together
ADU 8: Rehab exercises felt less fun, yet they clearly supported your recovery progress
ADU 9: Given these reliable records and steady effort, seems plausible you achieved something
ADU 10: This pattern shows care, connection, and steady gains in daily life today
ADU 11: You can reasonably trust the activity records as a useful guide now
ADU 12: Be gentle with yourself and notice these quiet, important achievements each day.",NONE,FALSE
D,6,6,"You rested with a heat pack each day to ease discomfort, relax",PREMISE,12,6,"ADU 1: You kept a steady routine this week, and that mattered a lot
ADU 2: You sat with a heat pack while quietly watching the sports game
ADU 3: These daily habits reflected persistence, patience, and steady self-care all week, Kim
ADU 4: Your activity records indicate rehab exercises occurred each day without skipping sessions
ADU 5: You did rehab exercises, less fun but essential, and short walks
ADU 6 [TARGET]: You rested with a heat pack each day to ease discomfort, relax
ADU 7: You went to a cafe and shared games with your partner together
ADU 8: Rehab exercises felt less fun, yet they clearly supported your recovery progress
ADU 9: Given these reliable records and steady effort, seems plausible you achieved something
ADU 10: This pattern shows care, connection, and steady gains in daily life today
ADU 11: You can reasonably trust the activity records as a useful guide now
ADU 12: Be gentle with yourself and notice these quiet, important achievements each day.",NONE,FALSE
D,6,7,You went to a cafe and shared games with your partner together,PREMISE,12,7,"ADU 1: You kept a steady routine this week, and that mattered a lot
ADU 2: You sat with a heat pack while quietly watching the sports game
ADU 3: These daily habits reflected persistence, patience, and steady self-care all week, Kim
ADU 4: Your activity records indicate rehab exercises occurred each day without skipping sessions
ADU 5: You did rehab exercises, less fun but essential, and short walks
ADU 6: You rested with a heat pack each day to ease discomfort, relax
ADU 7 [TARGET]: You went to a cafe and shared games with your partner together
ADU 8: Rehab exercises felt less fun, yet they clearly supported your recovery progress
ADU 9: Given these reliable records and steady effort, seems plausible you achieved something
ADU 10: This pattern shows care, connection, and steady gains in daily life today
ADU 11: You can reasonably trust the activity records as a useful guide now
ADU 12: Be gentle with yourself and notice these quiet, important achievements each day.",NONE,FALSE
D,6,8,"Rehab exercises felt less fun, yet they clearly supported your recovery progress",PREMISE,12,8,"ADU 1: You kept a steady routine this week, and that mattered a lot
ADU 2: You sat with a heat pack while quietly watching the sports game
ADU 3: These daily habits reflected persistence, patience, and steady self-care all week, Kim
ADU 4: Your activity records indicate rehab exercises occurred each day without skipping sessions
ADU 5: You did rehab exercises, less fun but essential, and short walks
ADU 6: You rested with a heat pack each day to ease discomfort, relax
ADU 7: You went to a cafe and shared games with your partner together
ADU 8 [TARGET]: Rehab exercises felt less fun, yet they clearly supported your recovery progress
ADU 9: Given these reliable records and steady effort, seems plausible you achieved something
ADU 10: This pattern shows care, connection, and steady gains in daily life today
ADU 11: You can reasonably trust the activity records as a useful guide now
ADU 12: Be gentle with yourself and notice these quiet, important achievements each day.",CLAIM,FALSE
D,6,9,"Given these reliable records and steady effort, seems plausible you achieved something",CLAIM,12,9,"ADU 1: You kept a steady routine this week, and that mattered a lot
ADU 2: You sat with a heat pack while quietly watching the sports game
ADU 3: These daily habits reflected persistence, patience, and steady self-care all week, Kim
ADU 4: Your activity records indicate rehab exercises occurred each day without skipping sessions
ADU 5: You did rehab exercises, less fun but essential, and short walks
ADU 6: You rested with a heat pack each day to ease discomfort, relax
ADU 7: You went to a cafe and shared games with your partner together
ADU 8: Rehab exercises felt less fun, yet they clearly supported your recovery progress
ADU 9 [TARGET]: Given these reliable records and steady effort, seems plausible you achieved something
ADU 10: This pattern shows care, connection, and steady gains in daily life today
ADU 11: You can reasonably trust the activity records as a useful guide now
ADU 12: Be gentle with yourself and notice these quiet, important achievements each day.",CLAIM,TRUE
D,6,10,"This pattern shows care, connection, and steady gains in daily life today",CLAIM,12,10,"ADU 1: You kept a steady routine this week, and that mattered a lot
ADU 2: You sat with a heat pack while quietly watching the sports game
ADU 3: These daily habits reflected persistence, patience, and steady self-care all week, Kim
ADU 4: Your activity records indicate rehab exercises occurred each day without skipping sessions
ADU 5: You did rehab exercises, less fun but essential, and short walks
ADU 6: You rested with a heat pack each day to ease discomfort, relax
ADU 7: You went to a cafe and shared games with your partner together
ADU 8: Rehab exercises felt less fun, yet they clearly supported your recovery progress
ADU 9: Given these reliable records and steady effort, seems plausible you achieved something
ADU 10 [TARGET]: This pattern shows care, connection, and steady gains in daily life today
ADU 11: You can reasonably trust the activity records as a useful guide now
ADU 12: Be gentle with yourself and notice these quiet, important achievements each day.",CLAIM,TRUE
D,6,11,You can reasonably trust the activity records as a useful guide now,PREMISE,12,11,"ADU 1: You kept a steady routine this week, and that mattered a lot
ADU 2: You sat with a heat pack while quietly watching the sports game
ADU 3: These daily habits reflected persistence, patience, and steady self-care all week, Kim
ADU 4: Your activity records indicate rehab exercises occurred each day without skipping sessions
ADU 5: You did rehab exercises, less fun but essential, and short walks
ADU 6: You rested with a heat pack each day to ease discomfort, relax
ADU 7: You went to a cafe and shared games with your partner together
ADU 8: Rehab exercises felt less fun, yet they clearly supported your recovery progress
ADU 9: Given these reliable records and steady effort, seems plausible you achieved something
ADU 10: This pattern shows care, connection, and steady gains in daily life today
ADU 11 [TARGET]: You can reasonably trust the activity records as a useful guide now
ADU 12: Be gentle with yourself and notice these quiet, important achievements each day.",CLAIM,FALSE
D,6,12,"Be gentle with yourself and notice these quiet, important achievements each day.",CLAIM,12,12,"ADU 1: You kept a steady routine this week, and that mattered a lot
ADU 2: You sat with a heat pack while quietly watching the sports game
ADU 3: These daily habits reflected persistence, patience, and steady self-care all week, Kim
ADU 4: Your activity records indicate rehab exercises occurred each day without skipping sessions
ADU 5: You did rehab exercises, less fun but essential, and short walks
ADU 6: You rested with a heat pack each day to ease discomfort, relax
ADU 7: You went to a cafe and shared games with your partner together
ADU 8: Rehab exercises felt less fun, yet they clearly supported your recovery progress
ADU 9: Given these reliable records and steady effort, seems plausible you achieved something
ADU 10: This pattern shows care, connection, and steady gains in daily life today
ADU 11: You can reasonably trust the activity records as a useful guide now
ADU 12 [TARGET]: Be gentle with yourself and notice these quiet, important achievements each day.",CLAIM,TRUE
D,7,1,"Kim, you did well this week caring for your health and relationships",NONE,12,1,"ADU 1 [TARGET]: Kim, you did well this week caring for your health and relationships
ADU 2: You sat with a heat pack after a short afternoon walk around the block
ADU 3: Those quiet moments show steady attention and gentle determination to recovery
ADU 4: You did your rehab exercises each day, even when they felt hard and repetitive
ADU 5: Daily short outdoor walks gave you fresh air, simple pleasure, and helped mobility
ADU 6: You watched sports on TV and shared excitement with your partner
ADU 7: You went to cafes or restaurants and enjoyed a change of scene and friendly conversation
ADU 8: Evenings playing board or computer games kept connection strong and gave laughter
ADU 9: Noticing rehab felt less fun helps explain how it still helps your long term goals
ADU 10: All these actions match the values and priorities you said you hold
ADU 11: They promote health, comfort, and companionship in practical, steady ways in everyday life
ADU 12: You have been consistent and thoughtful, and that matters deeply to your recovery.",CLAIM,FALSE
D,7,2,You sat with a heat pack after a short afternoon walk around the block,PREMISE,12,2,"ADU 1: Kim, you did well this week caring for your health and relationships
ADU 2 [TARGET]: You sat with a heat pack after a short afternoon walk around the block
ADU 3: Those quiet moments show steady attention and gentle determination to recovery
ADU 4: You did your rehab exercises each day, even when they felt hard and repetitive
ADU 5: Daily short outdoor walks gave you fresh air, simple pleasure, and helped mobility
ADU 6: You watched sports on TV and shared excitement with your partner
ADU 7: You went to cafes or restaurants and enjoyed a change of scene and friendly conversation
ADU 8: Evenings playing board or computer games kept connection strong and gave laughter
ADU 9: Noticing rehab felt less fun helps explain how it still helps your long term goals
ADU 10: All these actions match the values and priorities you said you hold
ADU 11: They promote health, comfort, and companionship in practical, steady ways in everyday life
ADU 12: You have been consistent and thoughtful, and that matters deeply to your recovery.",NONE,FALSE
D,7,3,Those quiet moments show steady attention and gentle determination to recovery,NONE,12,3,"ADU 1: Kim, you did well this week caring for your health and relationships
ADU 2: You sat with a heat pack after a short afternoon walk around the block
ADU 3 [TARGET]: Those quiet moments show steady attention and gentle determination to recovery
ADU 4: You did your rehab exercises each day, even when they felt hard and repetitive
ADU 5: Daily short outdoor walks gave you fresh air, simple pleasure, and helped mobility
ADU 6: You watched sports on TV and shared excitement with your partner
ADU 7: You went to cafes or restaurants and enjoyed a change of scene and friendly conversation
ADU 8: Evenings playing board or computer games kept connection strong and gave laughter
ADU 9: Noticing rehab felt less fun helps explain how it still helps your long term goals
ADU 10: All these actions match the values and priorities you said you hold
ADU 11: They promote health, comfort, and companionship in practical, steady ways in everyday life
ADU 12: You have been consistent and thoughtful, and that matters deeply to your recovery.",CLAIM,FALSE
D,7,4,"You did your rehab exercises each day, even when they felt hard and repetitive",PREMISE,12,4,"ADU 1: Kim, you did well this week caring for your health and relationships
ADU 2: You sat with a heat pack after a short afternoon walk around the block
ADU 3: Those quiet moments show steady attention and gentle determination to recovery
ADU 4 [TARGET]: You did your rehab exercises each day, even when they felt hard and repetitive
ADU 5: Daily short outdoor walks gave you fresh air, simple pleasure, and helped mobility
ADU 6: You watched sports on TV and shared excitement with your partner
ADU 7: You went to cafes or restaurants and enjoyed a change of scene and friendly conversation
ADU 8: Evenings playing board or computer games kept connection strong and gave laughter
ADU 9: Noticing rehab felt less fun helps explain how it still helps your long term goals
ADU 10: All these actions match the values and priorities you said you hold
ADU 11: They promote health, comfort, and companionship in practical, steady ways in everyday life
ADU 12: You have been consistent and thoughtful, and that matters deeply to your recovery.",PREMISE,TRUE
D,7,5,"Daily short outdoor walks gave you fresh air, simple pleasure, and helped mobility",PREMISE,12,5,"ADU 1: Kim, you did well this week caring for your health and relationships
ADU 2: You sat with a heat pack after a short afternoon walk around the block
ADU 3: Those quiet moments show steady attention and gentle determination to recovery
ADU 4: You did your rehab exercises each day, even when they felt hard and repetitive
ADU 5 [TARGET]: Daily short outdoor walks gave you fresh air, simple pleasure, and helped mobility
ADU 6: You watched sports on TV and shared excitement with your partner
ADU 7: You went to cafes or restaurants and enjoyed a change of scene and friendly conversation
ADU 8: Evenings playing board or computer games kept connection strong and gave laughter
ADU 9: Noticing rehab felt less fun helps explain how it still helps your long term goals
ADU 10: All these actions match the values and priorities you said you hold
ADU 11: They promote health, comfort, and companionship in practical, steady ways in everyday life
ADU 12: You have been consistent and thoughtful, and that matters deeply to your recovery.",PREMISE,TRUE
D,7,6,You watched sports on TV and shared excitement with your partner,PREMISE,12,6,"ADU 1: Kim, you did well this week caring for your health and relationships
ADU 2: You sat with a heat pack after a short afternoon walk around the block
ADU 3: Those quiet moments show steady attention and gentle determination to recovery
ADU 4: You did your rehab exercises each day, even when they felt hard and repetitive
ADU 5: Daily short outdoor walks gave you fresh air, simple pleasure, and helped mobility
ADU 6 [TARGET]: You watched sports on TV and shared excitement with your partner
ADU 7: You went to cafes or restaurants and enjoyed a change of scene and friendly conversation
ADU 8: Evenings playing board or computer games kept connection strong and gave laughter
ADU 9: Noticing rehab felt less fun helps explain how it still helps your long term goals
ADU 10: All these actions match the values and priorities you said you hold
ADU 11: They promote health, comfort, and companionship in practical, steady ways in everyday life
ADU 12: You have been consistent and thoughtful, and that matters deeply to your recovery.",PREMISE,TRUE
D,7,7,You went to cafes or restaurants and enjoyed a change of scene and friendly conversation,PREMISE,12,7,"ADU 1: Kim, you did well this week caring for your health and relationships
ADU 2: You sat with a heat pack after a short afternoon walk around the block
ADU 3: Those quiet moments show steady attention and gentle determination to recovery
ADU 4: You did your rehab exercises each day, even when they felt hard and repetitive
ADU 5: Daily short outdoor walks gave you fresh air, simple pleasure, and helped mobility
ADU 6: You watched sports on TV and shared excitement with your partner
ADU 7 [TARGET]: You went to cafes or restaurants and enjoyed a change of scene and friendly conversation
ADU 8: Evenings playing board or computer games kept connection strong and gave laughter
ADU 9: Noticing rehab felt less fun helps explain how it still helps your long term goals
ADU 10: All these actions match the values and priorities you said you hold
ADU 11: They promote health, comfort, and companionship in practical, steady ways in everyday life
ADU 12: You have been consistent and thoughtful, and that matters deeply to your recovery.",PREMISE,TRUE
D,7,8,Evenings playing board or computer games kept connection strong and gave laughter,PREMISE,12,8,"ADU 1: Kim, you did well this week caring for your health and relationships
ADU 2: You sat with a heat pack after a short afternoon walk around the block
ADU 3: Those quiet moments show steady attention and gentle determination to recovery
ADU 4: You did your rehab exercises each day, even when they felt hard and repetitive
ADU 5: Daily short outdoor walks gave you fresh air, simple pleasure, and helped mobility
ADU 6: You watched sports on TV and shared excitement with your partner
ADU 7: You went to cafes or restaurants and enjoyed a change of scene and friendly conversation
ADU 8 [TARGET]: Evenings playing board or computer games kept connection strong and gave laughter
ADU 9: Noticing rehab felt less fun helps explain how it still helps your long term goals
ADU 10: All these actions match the values and priorities you said you hold
ADU 11: They promote health, comfort, and companionship in practical, steady ways in everyday life
ADU 12: You have been consistent and thoughtful, and that matters deeply to your recovery.",PREMISE,TRUE
D,7,9,Noticing rehab felt less fun helps explain how it still helps your long term goals,PREMISE,12,9,"ADU 1: Kim, you did well this week caring for your health and relationships
ADU 2: You sat with a heat pack after a short afternoon walk around the block
ADU 3: Those quiet moments show steady attention and gentle determination to recovery
ADU 4: You did your rehab exercises each day, even when they felt hard and repetitive
ADU 5: Daily short outdoor walks gave you fresh air, simple pleasure, and helped mobility
ADU 6: You watched sports on TV and shared excitement with your partner
ADU 7: You went to cafes or restaurants and enjoyed a change of scene and friendly conversation
ADU 8: Evenings playing board or computer games kept connection strong and gave laughter
ADU 9 [TARGET]: Noticing rehab felt less fun helps explain how it still helps your long term goals
ADU 10: All these actions match the values and priorities you said you hold
ADU 11: They promote health, comfort, and companionship in practical, steady ways in everyday life
ADU 12: You have been consistent and thoughtful, and that matters deeply to your recovery.",PREMISE,TRUE
D,7,10,All these actions match the values and priorities you said you hold,CLAIM,12,10,"ADU 1: Kim, you did well this week caring for your health and relationships
ADU 2: You sat with a heat pack after a short afternoon walk around the block
ADU 3: Those quiet moments show steady attention and gentle determination to recovery
ADU 4: You did your rehab exercises each day, even when they felt hard and repetitive
ADU 5: Daily short outdoor walks gave you fresh air, simple pleasure, and helped mobility
ADU 6: You watched sports on TV and shared excitement with your partner
ADU 7: You went to cafes or restaurants and enjoyed a change of scene and friendly conversation
ADU 8: Evenings playing board or computer games kept connection strong and gave laughter
ADU 9: Noticing rehab felt less fun helps explain how it still helps your long term goals
ADU 10 [TARGET]: All these actions match the values and priorities you said you hold
ADU 11: They promote health, comfort, and companionship in practical, steady ways in everyday life
ADU 12: You have been consistent and thoughtful, and that matters deeply to your recovery.",CLAIM,TRUE
D,7,11,"They promote health, comfort, and companionship in practical, steady ways in everyday life",CLAIM,12,11,"ADU 1: Kim, you did well this week caring for your health and relationships
ADU 2: You sat with a heat pack after a short afternoon walk around the block
ADU 3: Those quiet moments show steady attention and gentle determination to recovery
ADU 4: You did your rehab exercises each day, even when they felt hard and repetitive
ADU 5: Daily short outdoor walks gave you fresh air, simple pleasure, and helped mobility
ADU 6: You watched sports on TV and shared excitement with your partner
ADU 7: You went to cafes or restaurants and enjoyed a change of scene and friendly conversation
ADU 8: Evenings playing board or computer games kept connection strong and gave laughter
ADU 9: Noticing rehab felt less fun helps explain how it still helps your long term goals
ADU 10: All these actions match the values and priorities you said you hold
ADU 11 [TARGET]: They promote health, comfort, and companionship in practical, steady ways in everyday life
ADU 12: You have been consistent and thoughtful, and that matters deeply to your recovery.",PREMISE,FALSE
D,7,12,"You have been consistent and thoughtful, and that matters deeply to your recovery.",CLAIM,12,12,"ADU 1: Kim, you did well this week caring for your health and relationships
ADU 2: You sat with a heat pack after a short afternoon walk around the block
ADU 3: Those quiet moments show steady attention and gentle determination to recovery
ADU 4: You did your rehab exercises each day, even when they felt hard and repetitive
ADU 5: Daily short outdoor walks gave you fresh air, simple pleasure, and helped mobility
ADU 6: You watched sports on TV and shared excitement with your partner
ADU 7: You went to cafes or restaurants and enjoyed a change of scene and friendly conversation
ADU 8: Evenings playing board or computer games kept connection strong and gave laughter
ADU 9: Noticing rehab felt less fun helps explain how it still helps your long term goals
ADU 10: All these actions match the values and priorities you said you hold
ADU 11: They promote health, comfort, and companionship in practical, steady ways in everyday life
ADU 12 [TARGET]: You have been consistent and thoughtful, and that matters deeply to your recovery.",CLAIM,TRUE
D,8,1,"Well done, Kim; you met your goals this week with steady focus",NONE,12,1,"ADU 1 [TARGET]: Well done, Kim; you met your goals this week with steady focus
ADU 2: You paused after short walks to use a heat pack and breathe
ADU 3: You smiled while sharing a game and a warm drink with them
ADU 4: This week you acted consistently and intentionally in line with values, Kim
ADU 5: Daily rehab exercises and short walks directly promoted physical recovery and mobility
ADU 6: Rest with a heat pack and watching sports supported recovery and mental calm
ADU 7: Going to cafes and playing games with your partner showed strong connection and laughter
ADU 8: You rated rehab exercises less fun, but they still aid recovery daily
ADU 9: There were almost no conflicts with other important values this week either noticeably
ADU 10: This pattern reflects values you genuinely hold, and you express them daily
ADU 11: It shows that small daily choices add up to steady real progress
ADU 12: Keep acknowledging your effort; you are doing well, and you matter, Kim every day.",CLAIM,FALSE
D,8,2,You paused after short walks to use a heat pack and breathe,NONE,12,2,"ADU 1: Well done, Kim; you met your goals this week with steady focus
ADU 2 [TARGET]: You paused after short walks to use a heat pack and breathe
ADU 3: You smiled while sharing a game and a warm drink with them
ADU 4: This week you acted consistently and intentionally in line with values, Kim
ADU 5: Daily rehab exercises and short walks directly promoted physical recovery and mobility
ADU 6: Rest with a heat pack and watching sports supported recovery and mental calm
ADU 7: Going to cafes and playing games with your partner showed strong connection and laughter
ADU 8: You rated rehab exercises less fun, but they still aid recovery daily
ADU 9: There were almost no conflicts with other important values this week either noticeably
ADU 10: This pattern reflects values you genuinely hold, and you express them daily
ADU 11: It shows that small daily choices add up to steady real progress
ADU 12: Keep acknowledging your effort; you are doing well, and you matter, Kim every day.",NONE,TRUE
D,8,3,You smiled while sharing a game and a warm drink with them,NONE,12,3,"ADU 1: Well done, Kim; you met your goals this week with steady focus
ADU 2: You paused after short walks to use a heat pack and breathe
ADU 3 [TARGET]: You smiled while sharing a game and a warm drink with them
ADU 4: This week you acted consistently and intentionally in line with values, Kim
ADU 5: Daily rehab exercises and short walks directly promoted physical recovery and mobility
ADU 6: Rest with a heat pack and watching sports supported recovery and mental calm
ADU 7: Going to cafes and playing games with your partner showed strong connection and laughter
ADU 8: You rated rehab exercises less fun, but they still aid recovery daily
ADU 9: There were almost no conflicts with other important values this week either noticeably
ADU 10: This pattern reflects values you genuinely hold, and you express them daily
ADU 11: It shows that small daily choices add up to steady real progress
ADU 12: Keep acknowledging your effort; you are doing well, and you matter, Kim every day.",PREMISE,FALSE
D,8,4,"This week you acted consistently and intentionally in line with values, Kim",CLAIM,12,4,"ADU 1: Well done, Kim; you met your goals this week with steady focus
ADU 2: You paused after short walks to use a heat pack and breathe
ADU 3: You smiled while sharing a game and a warm drink with them
ADU 4 [TARGET]: This week you acted consistently and intentionally in line with values, Kim
ADU 5: Daily rehab exercises and short walks directly promoted physical recovery and mobility
ADU 6: Rest with a heat pack and watching sports supported recovery and mental calm
ADU 7: Going to cafes and playing games with your partner showed strong connection and laughter
ADU 8: You rated rehab exercises less fun, but they still aid recovery daily
ADU 9: There were almost no conflicts with other important values this week either noticeably
ADU 10: This pattern reflects values you genuinely hold, and you express them daily
ADU 11: It shows that small daily choices add up to steady real progress
ADU 12: Keep acknowledging your effort; you are doing well, and you matter, Kim every day.",CLAIM,TRUE
D,8,5,Daily rehab exercises and short walks directly promoted physical recovery and mobility,PREMISE,12,5,"ADU 1: Well done, Kim; you met your goals this week with steady focus
ADU 2: You paused after short walks to use a heat pack and breathe
ADU 3: You smiled while sharing a game and a warm drink with them
ADU 4: This week you acted consistently and intentionally in line with values, Kim
ADU 5 [TARGET]: Daily rehab exercises and short walks directly promoted physical recovery and mobility
ADU 6: Rest with a heat pack and watching sports supported recovery and mental calm
ADU 7: Going to cafes and playing games with your partner showed strong connection and laughter
ADU 8: You rated rehab exercises less fun, but they still aid recovery daily
ADU 9: There were almost no conflicts with other important values this week either noticeably
ADU 10: This pattern reflects values you genuinely hold, and you express them daily
ADU 11: It shows that small daily choices add up to steady real progress
ADU 12: Keep acknowledging your effort; you are doing well, and you matter, Kim every day.",PREMISE,TRUE
D,8,6,Rest with a heat pack and watching sports supported recovery and mental calm,PREMISE,12,6,"ADU 1: Well done, Kim; you met your goals this week with steady focus
ADU 2: You paused after short walks to use a heat pack and breathe
ADU 3: You smiled while sharing a game and a warm drink with them
ADU 4: This week you acted consistently and intentionally in line with values, Kim
ADU 5: Daily rehab exercises and short walks directly promoted physical recovery and mobility
ADU 6 [TARGET]: Rest with a heat pack and watching sports supported recovery and mental calm
ADU 7: Going to cafes and playing games with your partner showed strong connection and laughter
ADU 8: You rated rehab exercises less fun, but they still aid recovery daily
ADU 9: There were almost no conflicts with other important values this week either noticeably
ADU 10: This pattern reflects values you genuinely hold, and you express them daily
ADU 11: It shows that small daily choices add up to steady real progress
ADU 12: Keep acknowledging your effort; you are doing well, and you matter, Kim every day.",PREMISE,TRUE
D,8,7,Going to cafes and playing games with your partner showed strong connection and laughter,PREMISE,12,7,"ADU 1: Well done, Kim; you met your goals this week with steady focus
ADU 2: You paused after short walks to use a heat pack and breathe
ADU 3: You smiled while sharing a game and a warm drink with them
ADU 4: This week you acted consistently and intentionally in line with values, Kim
ADU 5: Daily rehab exercises and short walks directly promoted physical recovery and mobility
ADU 6: Rest with a heat pack and watching sports supported recovery and mental calm
ADU 7 [TARGET]: Going to cafes and playing games with your partner showed strong connection and laughter
ADU 8: You rated rehab exercises less fun, but they still aid recovery daily
ADU 9: There were almost no conflicts with other important values this week either noticeably
ADU 10: This pattern reflects values you genuinely hold, and you express them daily
ADU 11: It shows that small daily choices add up to steady real progress
ADU 12: Keep acknowledging your effort; you are doing well, and you matter, Kim every day.",PREMISE,TRUE
D,8,8,"You rated rehab exercises less fun, but they still aid recovery daily",PREMISE,12,8,"ADU 1: Well done, Kim; you met your goals this week with steady focus
ADU 2: You paused after short walks to use a heat pack and breathe
ADU 3: You smiled while sharing a game and a warm drink with them
ADU 4: This week you acted consistently and intentionally in line with values, Kim
ADU 5: Daily rehab exercises and short walks directly promoted physical recovery and mobility
ADU 6: Rest with a heat pack and watching sports supported recovery and mental calm
ADU 7: Going to cafes and playing games with your partner showed strong connection and laughter
ADU 8 [TARGET]: You rated rehab exercises less fun, but they still aid recovery daily
ADU 9: There were almost no conflicts with other important values this week either noticeably
ADU 10: This pattern reflects values you genuinely hold, and you express them daily
ADU 11: It shows that small daily choices add up to steady real progress
ADU 12: Keep acknowledging your effort; you are doing well, and you matter, Kim every day.",PREMISE,TRUE
D,8,9,There were almost no conflicts with other important values this week either noticeably,PREMISE,12,9,"ADU 1: Well done, Kim; you met your goals this week with steady focus
ADU 2: You paused after short walks to use a heat pack and breathe
ADU 3: You smiled while sharing a game and a warm drink with them
ADU 4: This week you acted consistently and intentionally in line with values, Kim
ADU 5: Daily rehab exercises and short walks directly promoted physical recovery and mobility
ADU 6: Rest with a heat pack and watching sports supported recovery and mental calm
ADU 7: Going to cafes and playing games with your partner showed strong connection and laughter
ADU 8: You rated rehab exercises less fun, but they still aid recovery daily
ADU 9 [TARGET]: There were almost no conflicts with other important values this week either noticeably
ADU 10: This pattern reflects values you genuinely hold, and you express them daily
ADU 11: It shows that small daily choices add up to steady real progress
ADU 12: Keep acknowledging your effort; you are doing well, and you matter, Kim every day.",PREMISE,TRUE
D,8,10,"This pattern reflects values you genuinely hold, and you express them daily",CLAIM,12,10,"ADU 1: Well done, Kim; you met your goals this week with steady focus
ADU 2: You paused after short walks to use a heat pack and breathe
ADU 3: You smiled while sharing a game and a warm drink with them
ADU 4: This week you acted consistently and intentionally in line with values, Kim
ADU 5: Daily rehab exercises and short walks directly promoted physical recovery and mobility
ADU 6: Rest with a heat pack and watching sports supported recovery and mental calm
ADU 7: Going to cafes and playing games with your partner showed strong connection and laughter
ADU 8: You rated rehab exercises less fun, but they still aid recovery daily
ADU 9: There were almost no conflicts with other important values this week either noticeably
ADU 10 [TARGET]: This pattern reflects values you genuinely hold, and you express them daily
ADU 11: It shows that small daily choices add up to steady real progress
ADU 12: Keep acknowledging your effort; you are doing well, and you matter, Kim every day.",CLAIM,TRUE
D,8,11,It shows that small daily choices add up to steady real progress,CLAIM,12,11,"ADU 1: Well done, Kim; you met your goals this week with steady focus
ADU 2: You paused after short walks to use a heat pack and breathe
ADU 3: You smiled while sharing a game and a warm drink with them
ADU 4: This week you acted consistently and intentionally in line with values, Kim
ADU 5: Daily rehab exercises and short walks directly promoted physical recovery and mobility
ADU 6: Rest with a heat pack and watching sports supported recovery and mental calm
ADU 7: Going to cafes and playing games with your partner showed strong connection and laughter
ADU 8: You rated rehab exercises less fun, but they still aid recovery daily
ADU 9: There were almost no conflicts with other important values this week either noticeably
ADU 10: This pattern reflects values you genuinely hold, and you express them daily
ADU 11 [TARGET]: It shows that small daily choices add up to steady real progress
ADU 12: Keep acknowledging your effort; you are doing well, and you matter, Kim every day.",CLAIM,TRUE
D,8,12,"Keep acknowledging your effort; you are doing well, and you matter, Kim every day.",CLAIM,12,12,"ADU 1: Well done, Kim; you met your goals this week with steady focus
ADU 2: You paused after short walks to use a heat pack and breathe
ADU 3: You smiled while sharing a game and a warm drink with them
ADU 4: This week you acted consistently and intentionally in line with values, Kim
ADU 5: Daily rehab exercises and short walks directly promoted physical recovery and mobility
ADU 6: Rest with a heat pack and watching sports supported recovery and mental calm
ADU 7: Going to cafes and playing games with your partner showed strong connection and laughter
ADU 8: You rated rehab exercises less fun, but they still aid recovery daily
ADU 9: There were almost no conflicts with other important values this week either noticeably
ADU 10: This pattern reflects values you genuinely hold, and you express them daily
ADU 11: It shows that small daily choices add up to steady real progress
ADU 12 [TARGET]: Keep acknowledging your effort; you are doing well, and you matter, Kim every day.",CLAIM,TRUE
E,1,1,You already make time for your walk each morning,NONE,16,1,"ADU 1 [TARGET]: You already make time for your walk each morning
ADU 2: You return smiling, shoes slightly damp after fresh air
ADU 3: That steady care shows your strength and gentle commitment, and it matters
ADU 4: Next week, choose small activities you enjoy
ADU 5: Enjoyment increases energy, makes mornings brighter, and reduces stress
ADU 6: Go to group aerobics twice
ADU 7: Social movement lifts mood, builds stamina, and gives friendly company
ADU 8: Walk daily after breakfast
ADU 9: Routine supports mood, eases joints, and keeps circulation steady
ADU 10: Meditate five to ten minutes
ADU 11: It reduces worry, improves sleep, and clears your mind
ADU 12: Spend short nature breaks when you can
ADU 13: Green time calms nerves, balances thoughts, and refreshes
ADU 14: Attend one community meeting for a small purpose
ADU 15: Helping gives meaning and gentle connection
ADU 16: Plan one group class, five short walks, three brief meditations, a nature pause, one community event, and at least two full rest mornings; adjust as needed.",NONE,TRUE
E,1,2,"You return smiling, shoes slightly damp after fresh air",NONE,16,2,"ADU 1: You already make time for your walk each morning
ADU 2 [TARGET]: You return smiling, shoes slightly damp after fresh air
ADU 3: That steady care shows your strength and gentle commitment, and it matters
ADU 4: Next week, choose small activities you enjoy
ADU 5: Enjoyment increases energy, makes mornings brighter, and reduces stress
ADU 6: Go to group aerobics twice
ADU 7: Social movement lifts mood, builds stamina, and gives friendly company
ADU 8: Walk daily after breakfast
ADU 9: Routine supports mood, eases joints, and keeps circulation steady
ADU 10: Meditate five to ten minutes
ADU 11: It reduces worry, improves sleep, and clears your mind
ADU 12: Spend short nature breaks when you can
ADU 13: Green time calms nerves, balances thoughts, and refreshes
ADU 14: Attend one community meeting for a small purpose
ADU 15: Helping gives meaning and gentle connection
ADU 16: Plan one group class, five short walks, three brief meditations, a nature pause, one community event, and at least two full rest mornings; adjust as needed.",NONE,TRUE
E,1,3,"That steady care shows your strength and gentle commitment, and it matters",NONE,16,3,"ADU 1: You already make time for your walk each morning
ADU 2: You return smiling, shoes slightly damp after fresh air
ADU 3 [TARGET]: That steady care shows your strength and gentle commitment, and it matters
ADU 4: Next week, choose small activities you enjoy
ADU 5: Enjoyment increases energy, makes mornings brighter, and reduces stress
ADU 6: Go to group aerobics twice
ADU 7: Social movement lifts mood, builds stamina, and gives friendly company
ADU 8: Walk daily after breakfast
ADU 9: Routine supports mood, eases joints, and keeps circulation steady
ADU 10: Meditate five to ten minutes
ADU 11: It reduces worry, improves sleep, and clears your mind
ADU 12: Spend short nature breaks when you can
ADU 13: Green time calms nerves, balances thoughts, and refreshes
ADU 14: Attend one community meeting for a small purpose
ADU 15: Helping gives meaning and gentle connection
ADU 16: Plan one group class, five short walks, three brief meditations, a nature pause, one community event, and at least two full rest mornings; adjust as needed.",CLAIM,FALSE
E,1,4,"Next week, choose small activities you enjoy",CLAIM,16,4,"ADU 1: You already make time for your walk each morning
ADU 2: You return smiling, shoes slightly damp after fresh air
ADU 3: That steady care shows your strength and gentle commitment, and it matters
ADU 4 [TARGET]: Next week, choose small activities you enjoy
ADU 5: Enjoyment increases energy, makes mornings brighter, and reduces stress
ADU 6: Go to group aerobics twice
ADU 7: Social movement lifts mood, builds stamina, and gives friendly company
ADU 8: Walk daily after breakfast
ADU 9: Routine supports mood, eases joints, and keeps circulation steady
ADU 10: Meditate five to ten minutes
ADU 11: It reduces worry, improves sleep, and clears your mind
ADU 12: Spend short nature breaks when you can
ADU 13: Green time calms nerves, balances thoughts, and refreshes
ADU 14: Attend one community meeting for a small purpose
ADU 15: Helping gives meaning and gentle connection
ADU 16: Plan one group class, five short walks, three brief meditations, a nature pause, one community event, and at least two full rest mornings; adjust as needed.",CLAIM,TRUE
E,1,5,"Enjoyment increases energy, makes mornings brighter, and reduces stress",PREMISE,16,5,"ADU 1: You already make time for your walk each morning
ADU 2: You return smiling, shoes slightly damp after fresh air
ADU 3: That steady care shows your strength and gentle commitment, and it matters
ADU 4: Next week, choose small activities you enjoy
ADU 5 [TARGET]: Enjoyment increases energy, makes mornings brighter, and reduces stress
ADU 6: Go to group aerobics twice
ADU 7: Social movement lifts mood, builds stamina, and gives friendly company
ADU 8: Walk daily after breakfast
ADU 9: Routine supports mood, eases joints, and keeps circulation steady
ADU 10: Meditate five to ten minutes
ADU 11: It reduces worry, improves sleep, and clears your mind
ADU 12: Spend short nature breaks when you can
ADU 13: Green time calms nerves, balances thoughts, and refreshes
ADU 14: Attend one community meeting for a small purpose
ADU 15: Helping gives meaning and gentle connection
ADU 16: Plan one group class, five short walks, three brief meditations, a nature pause, one community event, and at least two full rest mornings; adjust as needed.",PREMISE,TRUE
E,1,6,Go to group aerobics twice,CLAIM,16,6,"ADU 1: You already make time for your walk each morning
ADU 2: You return smiling, shoes slightly damp after fresh air
ADU 3: That steady care shows your strength and gentle commitment, and it matters
ADU 4: Next week, choose small activities you enjoy
ADU 5: Enjoyment increases energy, makes mornings brighter, and reduces stress
ADU 6 [TARGET]: Go to group aerobics twice
ADU 7: Social movement lifts mood, builds stamina, and gives friendly company
ADU 8: Walk daily after breakfast
ADU 9: Routine supports mood, eases joints, and keeps circulation steady
ADU 10: Meditate five to ten minutes
ADU 11: It reduces worry, improves sleep, and clears your mind
ADU 12: Spend short nature breaks when you can
ADU 13: Green time calms nerves, balances thoughts, and refreshes
ADU 14: Attend one community meeting for a small purpose
ADU 15: Helping gives meaning and gentle connection
ADU 16: Plan one group class, five short walks, three brief meditations, a nature pause, one community event, and at least two full rest mornings; adjust as needed.",CLAIM,TRUE
E,1,7,"Social movement lifts mood, builds stamina, and gives friendly company",PREMISE,16,7,"ADU 1: You already make time for your walk each morning
ADU 2: You return smiling, shoes slightly damp after fresh air
ADU 3: That steady care shows your strength and gentle commitment, and it matters
ADU 4: Next week, choose small activities you enjoy
ADU 5: Enjoyment increases energy, makes mornings brighter, and reduces stress
ADU 6: Go to group aerobics twice
ADU 7 [TARGET]: Social movement lifts mood, builds stamina, and gives friendly company
ADU 8: Walk daily after breakfast
ADU 9: Routine supports mood, eases joints, and keeps circulation steady
ADU 10: Meditate five to ten minutes
ADU 11: It reduces worry, improves sleep, and clears your mind
ADU 12: Spend short nature breaks when you can
ADU 13: Green time calms nerves, balances thoughts, and refreshes
ADU 14: Attend one community meeting for a small purpose
ADU 15: Helping gives meaning and gentle connection
ADU 16: Plan one group class, five short walks, three brief meditations, a nature pause, one community event, and at least two full rest mornings; adjust as needed.",PREMISE,TRUE
E,1,8,Walk daily after breakfast,CLAIM,16,8,"ADU 1: You already make time for your walk each morning
ADU 2: You return smiling, shoes slightly damp after fresh air
ADU 3: That steady care shows your strength and gentle commitment, and it matters
ADU 4: Next week, choose small activities you enjoy
ADU 5: Enjoyment increases energy, makes mornings brighter, and reduces stress
ADU 6: Go to group aerobics twice
ADU 7: Social movement lifts mood, builds stamina, and gives friendly company
ADU 8 [TARGET]: Walk daily after breakfast
ADU 9: Routine supports mood, eases joints, and keeps circulation steady
ADU 10: Meditate five to ten minutes
ADU 11: It reduces worry, improves sleep, and clears your mind
ADU 12: Spend short nature breaks when you can
ADU 13: Green time calms nerves, balances thoughts, and refreshes
ADU 14: Attend one community meeting for a small purpose
ADU 15: Helping gives meaning and gentle connection
ADU 16: Plan one group class, five short walks, three brief meditations, a nature pause, one community event, and at least two full rest mornings; adjust as needed.",CLAIM,TRUE
E,1,9,"Routine supports mood, eases joints, and keeps circulation steady",PREMISE,16,9,"ADU 1: You already make time for your walk each morning
ADU 2: You return smiling, shoes slightly damp after fresh air
ADU 3: That steady care shows your strength and gentle commitment, and it matters
ADU 4: Next week, choose small activities you enjoy
ADU 5: Enjoyment increases energy, makes mornings brighter, and reduces stress
ADU 6: Go to group aerobics twice
ADU 7: Social movement lifts mood, builds stamina, and gives friendly company
ADU 8: Walk daily after breakfast
ADU 9 [TARGET]: Routine supports mood, eases joints, and keeps circulation steady
ADU 10: Meditate five to ten minutes
ADU 11: It reduces worry, improves sleep, and clears your mind
ADU 12: Spend short nature breaks when you can
ADU 13: Green time calms nerves, balances thoughts, and refreshes
ADU 14: Attend one community meeting for a small purpose
ADU 15: Helping gives meaning and gentle connection
ADU 16: Plan one group class, five short walks, three brief meditations, a nature pause, one community event, and at least two full rest mornings; adjust as needed.",PREMISE,TRUE
E,1,10,Meditate five to ten minutes,CLAIM,16,10,"ADU 1: You already make time for your walk each morning
ADU 2: You return smiling, shoes slightly damp after fresh air
ADU 3: That steady care shows your strength and gentle commitment, and it matters
ADU 4: Next week, choose small activities you enjoy
ADU 5: Enjoyment increases energy, makes mornings brighter, and reduces stress
ADU 6: Go to group aerobics twice
ADU 7: Social movement lifts mood, builds stamina, and gives friendly company
ADU 8: Walk daily after breakfast
ADU 9: Routine supports mood, eases joints, and keeps circulation steady
ADU 10 [TARGET]: Meditate five to ten minutes
ADU 11: It reduces worry, improves sleep, and clears your mind
ADU 12: Spend short nature breaks when you can
ADU 13: Green time calms nerves, balances thoughts, and refreshes
ADU 14: Attend one community meeting for a small purpose
ADU 15: Helping gives meaning and gentle connection
ADU 16: Plan one group class, five short walks, three brief meditations, a nature pause, one community event, and at least two full rest mornings; adjust as needed.",CLAIM,TRUE
E,1,11,"It reduces worry, improves sleep, and clears your mind",PREMISE,16,11,"ADU 1: You already make time for your walk each morning
ADU 2: You return smiling, shoes slightly damp after fresh air
ADU 3: That steady care shows your strength and gentle commitment, and it matters
ADU 4: Next week, choose small activities you enjoy
ADU 5: Enjoyment increases energy, makes mornings brighter, and reduces stress
ADU 6: Go to group aerobics twice
ADU 7: Social movement lifts mood, builds stamina, and gives friendly company
ADU 8: Walk daily after breakfast
ADU 9: Routine supports mood, eases joints, and keeps circulation steady
ADU 10: Meditate five to ten minutes
ADU 11 [TARGET]: It reduces worry, improves sleep, and clears your mind
ADU 12: Spend short nature breaks when you can
ADU 13: Green time calms nerves, balances thoughts, and refreshes
ADU 14: Attend one community meeting for a small purpose
ADU 15: Helping gives meaning and gentle connection
ADU 16: Plan one group class, five short walks, three brief meditations, a nature pause, one community event, and at least two full rest mornings; adjust as needed.",PREMISE,TRUE
E,1,12,Spend short nature breaks when you can,CLAIM,16,12,"ADU 1: You already make time for your walk each morning
ADU 2: You return smiling, shoes slightly damp after fresh air
ADU 3: That steady care shows your strength and gentle commitment, and it matters
ADU 4: Next week, choose small activities you enjoy
ADU 5: Enjoyment increases energy, makes mornings brighter, and reduces stress
ADU 6: Go to group aerobics twice
ADU 7: Social movement lifts mood, builds stamina, and gives friendly company
ADU 8: Walk daily after breakfast
ADU 9: Routine supports mood, eases joints, and keeps circulation steady
ADU 10: Meditate five to ten minutes
ADU 11: It reduces worry, improves sleep, and clears your mind
ADU 12 [TARGET]: Spend short nature breaks when you can
ADU 13: Green time calms nerves, balances thoughts, and refreshes
ADU 14: Attend one community meeting for a small purpose
ADU 15: Helping gives meaning and gentle connection
ADU 16: Plan one group class, five short walks, three brief meditations, a nature pause, one community event, and at least two full rest mornings; adjust as needed.",CLAIM,TRUE
E,1,13,"Green time calms nerves, balances thoughts, and refreshes",PREMISE,16,13,"ADU 1: You already make time for your walk each morning
ADU 2: You return smiling, shoes slightly damp after fresh air
ADU 3: That steady care shows your strength and gentle commitment, and it matters
ADU 4: Next week, choose small activities you enjoy
ADU 5: Enjoyment increases energy, makes mornings brighter, and reduces stress
ADU 6: Go to group aerobics twice
ADU 7: Social movement lifts mood, builds stamina, and gives friendly company
ADU 8: Walk daily after breakfast
ADU 9: Routine supports mood, eases joints, and keeps circulation steady
ADU 10: Meditate five to ten minutes
ADU 11: It reduces worry, improves sleep, and clears your mind
ADU 12: Spend short nature breaks when you can
ADU 13 [TARGET]: Green time calms nerves, balances thoughts, and refreshes
ADU 14: Attend one community meeting for a small purpose
ADU 15: Helping gives meaning and gentle connection
ADU 16: Plan one group class, five short walks, three brief meditations, a nature pause, one community event, and at least two full rest mornings; adjust as needed.",PREMISE,TRUE
E,1,14,Attend one community meeting for a small purpose,CLAIM,16,14,"ADU 1: You already make time for your walk each morning
ADU 2: You return smiling, shoes slightly damp after fresh air
ADU 3: That steady care shows your strength and gentle commitment, and it matters
ADU 4: Next week, choose small activities you enjoy
ADU 5: Enjoyment increases energy, makes mornings brighter, and reduces stress
ADU 6: Go to group aerobics twice
ADU 7: Social movement lifts mood, builds stamina, and gives friendly company
ADU 8: Walk daily after breakfast
ADU 9: Routine supports mood, eases joints, and keeps circulation steady
ADU 10: Meditate five to ten minutes
ADU 11: It reduces worry, improves sleep, and clears your mind
ADU 12: Spend short nature breaks when you can
ADU 13: Green time calms nerves, balances thoughts, and refreshes
ADU 14 [TARGET]: Attend one community meeting for a small purpose
ADU 15: Helping gives meaning and gentle connection
ADU 16: Plan one group class, five short walks, three brief meditations, a nature pause, one community event, and at least two full rest mornings; adjust as needed.",CLAIM,TRUE
E,1,15,Helping gives meaning and gentle connection,PREMISE,16,15,"ADU 1: You already make time for your walk each morning
ADU 2: You return smiling, shoes slightly damp after fresh air
ADU 3: That steady care shows your strength and gentle commitment, and it matters
ADU 4: Next week, choose small activities you enjoy
ADU 5: Enjoyment increases energy, makes mornings brighter, and reduces stress
ADU 6: Go to group aerobics twice
ADU 7: Social movement lifts mood, builds stamina, and gives friendly company
ADU 8: Walk daily after breakfast
ADU 9: Routine supports mood, eases joints, and keeps circulation steady
ADU 10: Meditate five to ten minutes
ADU 11: It reduces worry, improves sleep, and clears your mind
ADU 12: Spend short nature breaks when you can
ADU 13: Green time calms nerves, balances thoughts, and refreshes
ADU 14: Attend one community meeting for a small purpose
ADU 15 [TARGET]: Helping gives meaning and gentle connection
ADU 16: Plan one group class, five short walks, three brief meditations, a nature pause, one community event, and at least two full rest mornings; adjust as needed.",PREMISE,TRUE
E,1,16,"Plan one group class, five short walks, three brief meditations, a nature pause, one community event, and at least two full rest mornings; adjust as needed.",CLAIM,16,16,"ADU 1: You already make time for your walk each morning
ADU 2: You return smiling, shoes slightly damp after fresh air
ADU 3: That steady care shows your strength and gentle commitment, and it matters
ADU 4: Next week, choose small activities you enjoy
ADU 5: Enjoyment increases energy, makes mornings brighter, and reduces stress
ADU 6: Go to group aerobics twice
ADU 7: Social movement lifts mood, builds stamina, and gives friendly company
ADU 8: Walk daily after breakfast
ADU 9: Routine supports mood, eases joints, and keeps circulation steady
ADU 10: Meditate five to ten minutes
ADU 11: It reduces worry, improves sleep, and clears your mind
ADU 12: Spend short nature breaks when you can
ADU 13: Green time calms nerves, balances thoughts, and refreshes
ADU 14: Attend one community meeting for a small purpose
ADU 15: Helping gives meaning and gentle connection
ADU 16 [TARGET]: Plan one group class, five short walks, three brief meditations, a nature pause, one community event, and at least two full rest mornings; adjust as needed.",CLAIM,TRUE
E,2,1,You already make time for a morning walk and group aerobics regularly,NONE,16,1,"ADU 1 [TARGET]: You already make time for a morning walk and group aerobics regularly
ADU 2: You feel stronger after class and calmer after meditation most days
ADU 3: You care deeply for your family and for your community and enjoy helping locally
ADU 4: Next week, choose small, enjoyable, and safe activities that fit your energy
ADU 5: Try group aerobics three times
ADU 6: Shared movement lifts spirits and builds confidence
ADU 7: Walk daily for fifteen to thirty minutes
ADU 8: Regular motion boosts energy and clarity
ADU 9: Meditate five to ten minutes each morning
ADU 10: Calm helps you notice joy
ADU 11: Spend short time outdoors and with grandchildren when you feel rested
ADU 12: Attend one community meeting and adjust commitments if they feel too much
ADU 13: A simple plan: three aerobics sessions, daily walks, short meditations, a nature visit, and some grandchild time when it suits you
ADU 14: Keep choices small and flexible
ADU 15: This helps you enjoy the week and conserve energy
ADU 16: Adjust as needed",NONE,TRUE
E,2,2,You feel stronger after class and calmer after meditation most days,NONE,16,2,"ADU 1: You already make time for a morning walk and group aerobics regularly
ADU 2 [TARGET]: You feel stronger after class and calmer after meditation most days
ADU 3: You care deeply for your family and for your community and enjoy helping locally
ADU 4: Next week, choose small, enjoyable, and safe activities that fit your energy
ADU 5: Try group aerobics three times
ADU 6: Shared movement lifts spirits and builds confidence
ADU 7: Walk daily for fifteen to thirty minutes
ADU 8: Regular motion boosts energy and clarity
ADU 9: Meditate five to ten minutes each morning
ADU 10: Calm helps you notice joy
ADU 11: Spend short time outdoors and with grandchildren when you feel rested
ADU 12: Attend one community meeting and adjust commitments if they feel too much
ADU 13: A simple plan: three aerobics sessions, daily walks, short meditations, a nature visit, and some grandchild time when it suits you
ADU 14: Keep choices small and flexible
ADU 15: This helps you enjoy the week and conserve energy
ADU 16: Adjust as needed",PREMISE,FALSE
E,2,3,You care deeply for your family and for your community and enjoy helping locally,NONE,16,3,"ADU 1: You already make time for a morning walk and group aerobics regularly
ADU 2: You feel stronger after class and calmer after meditation most days
ADU 3 [TARGET]: You care deeply for your family and for your community and enjoy helping locally
ADU 4: Next week, choose small, enjoyable, and safe activities that fit your energy
ADU 5: Try group aerobics three times
ADU 6: Shared movement lifts spirits and builds confidence
ADU 7: Walk daily for fifteen to thirty minutes
ADU 8: Regular motion boosts energy and clarity
ADU 9: Meditate five to ten minutes each morning
ADU 10: Calm helps you notice joy
ADU 11: Spend short time outdoors and with grandchildren when you feel rested
ADU 12: Attend one community meeting and adjust commitments if they feel too much
ADU 13: A simple plan: three aerobics sessions, daily walks, short meditations, a nature visit, and some grandchild time when it suits you
ADU 14: Keep choices small and flexible
ADU 15: This helps you enjoy the week and conserve energy
ADU 16: Adjust as needed",PREMISE,FALSE
E,2,4,"Next week, choose small, enjoyable, and safe activities that fit your energy",CLAIM,16,4,"ADU 1: You already make time for a morning walk and group aerobics regularly
ADU 2: You feel stronger after class and calmer after meditation most days
ADU 3: You care deeply for your family and for your community and enjoy helping locally
ADU 4 [TARGET]: Next week, choose small, enjoyable, and safe activities that fit your energy
ADU 5: Try group aerobics three times
ADU 6: Shared movement lifts spirits and builds confidence
ADU 7: Walk daily for fifteen to thirty minutes
ADU 8: Regular motion boosts energy and clarity
ADU 9: Meditate five to ten minutes each morning
ADU 10: Calm helps you notice joy
ADU 11: Spend short time outdoors and with grandchildren when you feel rested
ADU 12: Attend one community meeting and adjust commitments if they feel too much
ADU 13: A simple plan: three aerobics sessions, daily walks, short meditations, a nature visit, and some grandchild time when it suits you
ADU 14: Keep choices small and flexible
ADU 15: This helps you enjoy the week and conserve energy
ADU 16: Adjust as needed",CLAIM,TRUE
E,2,5,Try group aerobics three times,CLAIM,16,5,"ADU 1: You already make time for a morning walk and group aerobics regularly
ADU 2: You feel stronger after class and calmer after meditation most days
ADU 3: You care deeply for your family and for your community and enjoy helping locally
ADU 4: Next week, choose small, enjoyable, and safe activities that fit your energy
ADU 5 [TARGET]: Try group aerobics three times
ADU 6: Shared movement lifts spirits and builds confidence
ADU 7: Walk daily for fifteen to thirty minutes
ADU 8: Regular motion boosts energy and clarity
ADU 9: Meditate five to ten minutes each morning
ADU 10: Calm helps you notice joy
ADU 11: Spend short time outdoors and with grandchildren when you feel rested
ADU 12: Attend one community meeting and adjust commitments if they feel too much
ADU 13: A simple plan: three aerobics sessions, daily walks, short meditations, a nature visit, and some grandchild time when it suits you
ADU 14: Keep choices small and flexible
ADU 15: This helps you enjoy the week and conserve energy
ADU 16: Adjust as needed",CLAIM,TRUE
E,2,6,Shared movement lifts spirits and builds confidence,PREMISE,16,6,"ADU 1: You already make time for a morning walk and group aerobics regularly
ADU 2: You feel stronger after class and calmer after meditation most days
ADU 3: You care deeply for your family and for your community and enjoy helping locally
ADU 4: Next week, choose small, enjoyable, and safe activities that fit your energy
ADU 5: Try group aerobics three times
ADU 6 [TARGET]: Shared movement lifts spirits and builds confidence
ADU 7: Walk daily for fifteen to thirty minutes
ADU 8: Regular motion boosts energy and clarity
ADU 9: Meditate five to ten minutes each morning
ADU 10: Calm helps you notice joy
ADU 11: Spend short time outdoors and with grandchildren when you feel rested
ADU 12: Attend one community meeting and adjust commitments if they feel too much
ADU 13: A simple plan: three aerobics sessions, daily walks, short meditations, a nature visit, and some grandchild time when it suits you
ADU 14: Keep choices small and flexible
ADU 15: This helps you enjoy the week and conserve energy
ADU 16: Adjust as needed",PREMISE,TRUE
E,2,7,Walk daily for fifteen to thirty minutes,CLAIM,16,7,"ADU 1: You already make time for a morning walk and group aerobics regularly
ADU 2: You feel stronger after class and calmer after meditation most days
ADU 3: You care deeply for your family and for your community and enjoy helping locally
ADU 4: Next week, choose small, enjoyable, and safe activities that fit your energy
ADU 5: Try group aerobics three times
ADU 6: Shared movement lifts spirits and builds confidence
ADU 7 [TARGET]: Walk daily for fifteen to thirty minutes
ADU 8: Regular motion boosts energy and clarity
ADU 9: Meditate five to ten minutes each morning
ADU 10: Calm helps you notice joy
ADU 11: Spend short time outdoors and with grandchildren when you feel rested
ADU 12: Attend one community meeting and adjust commitments if they feel too much
ADU 13: A simple plan: three aerobics sessions, daily walks, short meditations, a nature visit, and some grandchild time when it suits you
ADU 14: Keep choices small and flexible
ADU 15: This helps you enjoy the week and conserve energy
ADU 16: Adjust as needed",CLAIM,TRUE
E,2,8,Regular motion boosts energy and clarity,PREMISE,16,8,"ADU 1: You already make time for a morning walk and group aerobics regularly
ADU 2: You feel stronger after class and calmer after meditation most days
ADU 3: You care deeply for your family and for your community and enjoy helping locally
ADU 4: Next week, choose small, enjoyable, and safe activities that fit your energy
ADU 5: Try group aerobics three times
ADU 6: Shared movement lifts spirits and builds confidence
ADU 7: Walk daily for fifteen to thirty minutes
ADU 8 [TARGET]: Regular motion boosts energy and clarity
ADU 9: Meditate five to ten minutes each morning
ADU 10: Calm helps you notice joy
ADU 11: Spend short time outdoors and with grandchildren when you feel rested
ADU 12: Attend one community meeting and adjust commitments if they feel too much
ADU 13: A simple plan: three aerobics sessions, daily walks, short meditations, a nature visit, and some grandchild time when it suits you
ADU 14: Keep choices small and flexible
ADU 15: This helps you enjoy the week and conserve energy
ADU 16: Adjust as needed",PREMISE,TRUE
E,2,9,Meditate five to ten minutes each morning,CLAIM,16,9,"ADU 1: You already make time for a morning walk and group aerobics regularly
ADU 2: You feel stronger after class and calmer after meditation most days
ADU 3: You care deeply for your family and for your community and enjoy helping locally
ADU 4: Next week, choose small, enjoyable, and safe activities that fit your energy
ADU 5: Try group aerobics three times
ADU 6: Shared movement lifts spirits and builds confidence
ADU 7: Walk daily for fifteen to thirty minutes
ADU 8: Regular motion boosts energy and clarity
ADU 9 [TARGET]: Meditate five to ten minutes each morning
ADU 10: Calm helps you notice joy
ADU 11: Spend short time outdoors and with grandchildren when you feel rested
ADU 12: Attend one community meeting and adjust commitments if they feel too much
ADU 13: A simple plan: three aerobics sessions, daily walks, short meditations, a nature visit, and some grandchild time when it suits you
ADU 14: Keep choices small and flexible
ADU 15: This helps you enjoy the week and conserve energy
ADU 16: Adjust as needed",CLAIM,TRUE
E,2,10,Calm helps you notice joy,PREMISE,16,10,"ADU 1: You already make time for a morning walk and group aerobics regularly
ADU 2: You feel stronger after class and calmer after meditation most days
ADU 3: You care deeply for your family and for your community and enjoy helping locally
ADU 4: Next week, choose small, enjoyable, and safe activities that fit your energy
ADU 5: Try group aerobics three times
ADU 6: Shared movement lifts spirits and builds confidence
ADU 7: Walk daily for fifteen to thirty minutes
ADU 8: Regular motion boosts energy and clarity
ADU 9: Meditate five to ten minutes each morning
ADU 10 [TARGET]: Calm helps you notice joy
ADU 11: Spend short time outdoors and with grandchildren when you feel rested
ADU 12: Attend one community meeting and adjust commitments if they feel too much
ADU 13: A simple plan: three aerobics sessions, daily walks, short meditations, a nature visit, and some grandchild time when it suits you
ADU 14: Keep choices small and flexible
ADU 15: This helps you enjoy the week and conserve energy
ADU 16: Adjust as needed",PREMISE,TRUE
E,2,11,Spend short time outdoors and with grandchildren when you feel rested,CLAIM,16,11,"ADU 1: You already make time for a morning walk and group aerobics regularly
ADU 2: You feel stronger after class and calmer after meditation most days
ADU 3: You care deeply for your family and for your community and enjoy helping locally
ADU 4: Next week, choose small, enjoyable, and safe activities that fit your energy
ADU 5: Try group aerobics three times
ADU 6: Shared movement lifts spirits and builds confidence
ADU 7: Walk daily for fifteen to thirty minutes
ADU 8: Regular motion boosts energy and clarity
ADU 9: Meditate five to ten minutes each morning
ADU 10: Calm helps you notice joy
ADU 11 [TARGET]: Spend short time outdoors and with grandchildren when you feel rested
ADU 12: Attend one community meeting and adjust commitments if they feel too much
ADU 13: A simple plan: three aerobics sessions, daily walks, short meditations, a nature visit, and some grandchild time when it suits you
ADU 14: Keep choices small and flexible
ADU 15: This helps you enjoy the week and conserve energy
ADU 16: Adjust as needed",CLAIM,TRUE
E,2,12,Attend one community meeting and adjust commitments if they feel too much,CLAIM,16,12,"ADU 1: You already make time for a morning walk and group aerobics regularly
ADU 2: You feel stronger after class and calmer after meditation most days
ADU 3: You care deeply for your family and for your community and enjoy helping locally
ADU 4: Next week, choose small, enjoyable, and safe activities that fit your energy
ADU 5: Try group aerobics three times
ADU 6: Shared movement lifts spirits and builds confidence
ADU 7: Walk daily for fifteen to thirty minutes
ADU 8: Regular motion boosts energy and clarity
ADU 9: Meditate five to ten minutes each morning
ADU 10: Calm helps you notice joy
ADU 11: Spend short time outdoors and with grandchildren when you feel rested
ADU 12 [TARGET]: Attend one community meeting and adjust commitments if they feel too much
ADU 13: A simple plan: three aerobics sessions, daily walks, short meditations, a nature visit, and some grandchild time when it suits you
ADU 14: Keep choices small and flexible
ADU 15: This helps you enjoy the week and conserve energy
ADU 16: Adjust as needed",CLAIM,TRUE
E,2,13,"A simple plan: three aerobics sessions, daily walks, short meditations, a nature visit, and some grandchild time when it suits you",CLAIM,16,13,"ADU 1: You already make time for a morning walk and group aerobics regularly
ADU 2: You feel stronger after class and calmer after meditation most days
ADU 3: You care deeply for your family and for your community and enjoy helping locally
ADU 4: Next week, choose small, enjoyable, and safe activities that fit your energy
ADU 5: Try group aerobics three times
ADU 6: Shared movement lifts spirits and builds confidence
ADU 7: Walk daily for fifteen to thirty minutes
ADU 8: Regular motion boosts energy and clarity
ADU 9: Meditate five to ten minutes each morning
ADU 10: Calm helps you notice joy
ADU 11: Spend short time outdoors and with grandchildren when you feel rested
ADU 12: Attend one community meeting and adjust commitments if they feel too much
ADU 13 [TARGET]: A simple plan: three aerobics sessions, daily walks, short meditations, a nature visit, and some grandchild time when it suits you
ADU 14: Keep choices small and flexible
ADU 15: This helps you enjoy the week and conserve energy
ADU 16: Adjust as needed",CLAIM,TRUE
E,2,14,Keep choices small and flexible,CLAIM,16,14,"ADU 1: You already make time for a morning walk and group aerobics regularly
ADU 2: You feel stronger after class and calmer after meditation most days
ADU 3: You care deeply for your family and for your community and enjoy helping locally
ADU 4: Next week, choose small, enjoyable, and safe activities that fit your energy
ADU 5: Try group aerobics three times
ADU 6: Shared movement lifts spirits and builds confidence
ADU 7: Walk daily for fifteen to thirty minutes
ADU 8: Regular motion boosts energy and clarity
ADU 9: Meditate five to ten minutes each morning
ADU 10: Calm helps you notice joy
ADU 11: Spend short time outdoors and with grandchildren when you feel rested
ADU 12: Attend one community meeting and adjust commitments if they feel too much
ADU 13: A simple plan: three aerobics sessions, daily walks, short meditations, a nature visit, and some grandchild time when it suits you
ADU 14 [TARGET]: Keep choices small and flexible
ADU 15: This helps you enjoy the week and conserve energy
ADU 16: Adjust as needed",CLAIM,TRUE
E,2,15,This helps you enjoy the week and conserve energy,PREMISE,16,15,"ADU 1: You already make time for a morning walk and group aerobics regularly
ADU 2: You feel stronger after class and calmer after meditation most days
ADU 3: You care deeply for your family and for your community and enjoy helping locally
ADU 4: Next week, choose small, enjoyable, and safe activities that fit your energy
ADU 5: Try group aerobics three times
ADU 6: Shared movement lifts spirits and builds confidence
ADU 7: Walk daily for fifteen to thirty minutes
ADU 8: Regular motion boosts energy and clarity
ADU 9: Meditate five to ten minutes each morning
ADU 10: Calm helps you notice joy
ADU 11: Spend short time outdoors and with grandchildren when you feel rested
ADU 12: Attend one community meeting and adjust commitments if they feel too much
ADU 13: A simple plan: three aerobics sessions, daily walks, short meditations, a nature visit, and some grandchild time when it suits you
ADU 14: Keep choices small and flexible
ADU 15 [TARGET]: This helps you enjoy the week and conserve energy
ADU 16: Adjust as needed",PREMISE,TRUE
E,2,16,Adjust as needed,CLAIM,16,16,"ADU 1: You already make time for a morning walk and group aerobics regularly
ADU 2: You feel stronger after class and calmer after meditation most days
ADU 3: You care deeply for your family and for your community and enjoy helping locally
ADU 4: Next week, choose small, enjoyable, and safe activities that fit your energy
ADU 5: Try group aerobics three times
ADU 6: Shared movement lifts spirits and builds confidence
ADU 7: Walk daily for fifteen to thirty minutes
ADU 8: Regular motion boosts energy and clarity
ADU 9: Meditate five to ten minutes each morning
ADU 10: Calm helps you notice joy
ADU 11: Spend short time outdoors and with grandchildren when you feel rested
ADU 12: Attend one community meeting and adjust commitments if they feel too much
ADU 13: A simple plan: three aerobics sessions, daily walks, short meditations, a nature visit, and some grandchild time when it suits you
ADU 14: Keep choices small and flexible
ADU 15: This helps you enjoy the week and conserve energy
ADU 16 [TARGET]: Adjust as needed",CLAIM,TRUE
E,3,1,"Kim, you have been steady, caring, and patient this week",NONE,13,1,"ADU 1 [TARGET]: Kim, you have been steady, caring, and patient this week
ADU 2: You kept up classes, walks, meditation, community meetings, nature time, and grandchild care daily
ADU 3: You show real commitment to movement, family, and community
ADU 4: Next week, try alternating group aerobics, community involvement, and time in nature
ADU 5: Keep daily walks and short meditation most days
ADU 6: They steady your energy
ADU 7: This pattern spaces effort, which helps protect energy and reduce stress
ADU 8: Research and experience support that spacing activity aids recovery for older adults
ADU 9: Alternating may not be enough alone
ADU 10: Watch fatigue, mood, or soreness, and talk with your doctor if problems persist
ADU 11: If needed, lower class intensity, ask for help with childcare, swap classes for gentler walks, or rest more
ADU 12: Plan one quiet recovery block midweek for rest, gentle stretching, reading, or a nap
ADU 13: Keep caring for grandchildren and your walks, but shorten visits or ask family to share duties, especially on busy days.",NONE,TRUE
E,3,2,"You kept up classes, walks, meditation, community meetings, nature time, and grandchild care daily",NONE,13,2,"ADU 1: Kim, you have been steady, caring, and patient this week
ADU 2 [TARGET]: You kept up classes, walks, meditation, community meetings, nature time, and grandchild care daily
ADU 3: You show real commitment to movement, family, and community
ADU 4: Next week, try alternating group aerobics, community involvement, and time in nature
ADU 5: Keep daily walks and short meditation most days
ADU 6: They steady your energy
ADU 7: This pattern spaces effort, which helps protect energy and reduce stress
ADU 8: Research and experience support that spacing activity aids recovery for older adults
ADU 9: Alternating may not be enough alone
ADU 10: Watch fatigue, mood, or soreness, and talk with your doctor if problems persist
ADU 11: If needed, lower class intensity, ask for help with childcare, swap classes for gentler walks, or rest more
ADU 12: Plan one quiet recovery block midweek for rest, gentle stretching, reading, or a nap
ADU 13: Keep caring for grandchildren and your walks, but shorten visits or ask family to share duties, especially on busy days.",PREMISE,FALSE
E,3,3,"You show real commitment to movement, family, and community",NONE,13,3,"ADU 1: Kim, you have been steady, caring, and patient this week
ADU 2: You kept up classes, walks, meditation, community meetings, nature time, and grandchild care daily
ADU 3 [TARGET]: You show real commitment to movement, family, and community
ADU 4: Next week, try alternating group aerobics, community involvement, and time in nature
ADU 5: Keep daily walks and short meditation most days
ADU 6: They steady your energy
ADU 7: This pattern spaces effort, which helps protect energy and reduce stress
ADU 8: Research and experience support that spacing activity aids recovery for older adults
ADU 9: Alternating may not be enough alone
ADU 10: Watch fatigue, mood, or soreness, and talk with your doctor if problems persist
ADU 11: If needed, lower class intensity, ask for help with childcare, swap classes for gentler walks, or rest more
ADU 12: Plan one quiet recovery block midweek for rest, gentle stretching, reading, or a nap
ADU 13: Keep caring for grandchildren and your walks, but shorten visits or ask family to share duties, especially on busy days.",CLAIM,FALSE
E,3,4,"Next week, try alternating group aerobics, community involvement, and time in nature",CLAIM,13,4,"ADU 1: Kim, you have been steady, caring, and patient this week
ADU 2: You kept up classes, walks, meditation, community meetings, nature time, and grandchild care daily
ADU 3: You show real commitment to movement, family, and community
ADU 4 [TARGET]: Next week, try alternating group aerobics, community involvement, and time in nature
ADU 5: Keep daily walks and short meditation most days
ADU 6: They steady your energy
ADU 7: This pattern spaces effort, which helps protect energy and reduce stress
ADU 8: Research and experience support that spacing activity aids recovery for older adults
ADU 9: Alternating may not be enough alone
ADU 10: Watch fatigue, mood, or soreness, and talk with your doctor if problems persist
ADU 11: If needed, lower class intensity, ask for help with childcare, swap classes for gentler walks, or rest more
ADU 12: Plan one quiet recovery block midweek for rest, gentle stretching, reading, or a nap
ADU 13: Keep caring for grandchildren and your walks, but shorten visits or ask family to share duties, especially on busy days.",CLAIM,TRUE
E,3,5,Keep daily walks and short meditation most days,CLAIM,13,5,"ADU 1: Kim, you have been steady, caring, and patient this week
ADU 2: You kept up classes, walks, meditation, community meetings, nature time, and grandchild care daily
ADU 3: You show real commitment to movement, family, and community
ADU 4: Next week, try alternating group aerobics, community involvement, and time in nature
ADU 5 [TARGET]: Keep daily walks and short meditation most days
ADU 6: They steady your energy
ADU 7: This pattern spaces effort, which helps protect energy and reduce stress
ADU 8: Research and experience support that spacing activity aids recovery for older adults
ADU 9: Alternating may not be enough alone
ADU 10: Watch fatigue, mood, or soreness, and talk with your doctor if problems persist
ADU 11: If needed, lower class intensity, ask for help with childcare, swap classes for gentler walks, or rest more
ADU 12: Plan one quiet recovery block midweek for rest, gentle stretching, reading, or a nap
ADU 13: Keep caring for grandchildren and your walks, but shorten visits or ask family to share duties, especially on busy days.",CLAIM,TRUE
E,3,6,They steady your energy,PREMISE,13,6,"ADU 1: Kim, you have been steady, caring, and patient this week
ADU 2: You kept up classes, walks, meditation, community meetings, nature time, and grandchild care daily
ADU 3: You show real commitment to movement, family, and community
ADU 4: Next week, try alternating group aerobics, community involvement, and time in nature
ADU 5: Keep daily walks and short meditation most days
ADU 6 [TARGET]: They steady your energy
ADU 7: This pattern spaces effort, which helps protect energy and reduce stress
ADU 8: Research and experience support that spacing activity aids recovery for older adults
ADU 9: Alternating may not be enough alone
ADU 10: Watch fatigue, mood, or soreness, and talk with your doctor if problems persist
ADU 11: If needed, lower class intensity, ask for help with childcare, swap classes for gentler walks, or rest more
ADU 12: Plan one quiet recovery block midweek for rest, gentle stretching, reading, or a nap
ADU 13: Keep caring for grandchildren and your walks, but shorten visits or ask family to share duties, especially on busy days.",PREMISE,TRUE
E,3,7,"This pattern spaces effort, which helps protect energy and reduce stress",PREMISE,13,7,"ADU 1: Kim, you have been steady, caring, and patient this week
ADU 2: You kept up classes, walks, meditation, community meetings, nature time, and grandchild care daily
ADU 3: You show real commitment to movement, family, and community
ADU 4: Next week, try alternating group aerobics, community involvement, and time in nature
ADU 5: Keep daily walks and short meditation most days
ADU 6: They steady your energy
ADU 7 [TARGET]: This pattern spaces effort, which helps protect energy and reduce stress
ADU 8: Research and experience support that spacing activity aids recovery for older adults
ADU 9: Alternating may not be enough alone
ADU 10: Watch fatigue, mood, or soreness, and talk with your doctor if problems persist
ADU 11: If needed, lower class intensity, ask for help with childcare, swap classes for gentler walks, or rest more
ADU 12: Plan one quiet recovery block midweek for rest, gentle stretching, reading, or a nap
ADU 13: Keep caring for grandchildren and your walks, but shorten visits or ask family to share duties, especially on busy days.",PREMISE,TRUE
E,3,8,Research and experience support that spacing activity aids recovery for older adults,PREMISE,13,8,"ADU 1: Kim, you have been steady, caring, and patient this week
ADU 2: You kept up classes, walks, meditation, community meetings, nature time, and grandchild care daily
ADU 3: You show real commitment to movement, family, and community
ADU 4: Next week, try alternating group aerobics, community involvement, and time in nature
ADU 5: Keep daily walks and short meditation most days
ADU 6: They steady your energy
ADU 7: This pattern spaces effort, which helps protect energy and reduce stress
ADU 8 [TARGET]: Research and experience support that spacing activity aids recovery for older adults
ADU 9: Alternating may not be enough alone
ADU 10: Watch fatigue, mood, or soreness, and talk with your doctor if problems persist
ADU 11: If needed, lower class intensity, ask for help with childcare, swap classes for gentler walks, or rest more
ADU 12: Plan one quiet recovery block midweek for rest, gentle stretching, reading, or a nap
ADU 13: Keep caring for grandchildren and your walks, but shorten visits or ask family to share duties, especially on busy days.",PREMISE,TRUE
E,3,9,Alternating may not be enough alone,PREMISE,13,9,"ADU 1: Kim, you have been steady, caring, and patient this week
ADU 2: You kept up classes, walks, meditation, community meetings, nature time, and grandchild care daily
ADU 3: You show real commitment to movement, family, and community
ADU 4: Next week, try alternating group aerobics, community involvement, and time in nature
ADU 5: Keep daily walks and short meditation most days
ADU 6: They steady your energy
ADU 7: This pattern spaces effort, which helps protect energy and reduce stress
ADU 8: Research and experience support that spacing activity aids recovery for older adults
ADU 9 [TARGET]: Alternating may not be enough alone
ADU 10: Watch fatigue, mood, or soreness, and talk with your doctor if problems persist
ADU 11: If needed, lower class intensity, ask for help with childcare, swap classes for gentler walks, or rest more
ADU 12: Plan one quiet recovery block midweek for rest, gentle stretching, reading, or a nap
ADU 13: Keep caring for grandchildren and your walks, but shorten visits or ask family to share duties, especially on busy days.",CLAIM,FALSE
E,3,10,"Watch fatigue, mood, or soreness, and talk with your doctor if problems persist",CLAIM,13,10,"ADU 1: Kim, you have been steady, caring, and patient this week
ADU 2: You kept up classes, walks, meditation, community meetings, nature time, and grandchild care daily
ADU 3: You show real commitment to movement, family, and community
ADU 4: Next week, try alternating group aerobics, community involvement, and time in nature
ADU 5: Keep daily walks and short meditation most days
ADU 6: They steady your energy
ADU 7: This pattern spaces effort, which helps protect energy and reduce stress
ADU 8: Research and experience support that spacing activity aids recovery for older adults
ADU 9: Alternating may not be enough alone
ADU 10 [TARGET]: Watch fatigue, mood, or soreness, and talk with your doctor if problems persist
ADU 11: If needed, lower class intensity, ask for help with childcare, swap classes for gentler walks, or rest more
ADU 12: Plan one quiet recovery block midweek for rest, gentle stretching, reading, or a nap
ADU 13: Keep caring for grandchildren and your walks, but shorten visits or ask family to share duties, especially on busy days.",CLAIM,TRUE
E,3,11,"If needed, lower class intensity, ask for help with childcare, swap classes for gentler walks, or rest more",CLAIM,13,11,"ADU 1: Kim, you have been steady, caring, and patient this week
ADU 2: You kept up classes, walks, meditation, community meetings, nature time, and grandchild care daily
ADU 3: You show real commitment to movement, family, and community
ADU 4: Next week, try alternating group aerobics, community involvement, and time in nature
ADU 5: Keep daily walks and short meditation most days
ADU 6: They steady your energy
ADU 7: This pattern spaces effort, which helps protect energy and reduce stress
ADU 8: Research and experience support that spacing activity aids recovery for older adults
ADU 9: Alternating may not be enough alone
ADU 10: Watch fatigue, mood, or soreness, and talk with your doctor if problems persist
ADU 11 [TARGET]: If needed, lower class intensity, ask for help with childcare, swap classes for gentler walks, or rest more
ADU 12: Plan one quiet recovery block midweek for rest, gentle stretching, reading, or a nap
ADU 13: Keep caring for grandchildren and your walks, but shorten visits or ask family to share duties, especially on busy days.",CLAIM,TRUE
E,3,12,"Plan one quiet recovery block midweek for rest, gentle stretching, reading, or a nap",CLAIM,13,12,"ADU 1: Kim, you have been steady, caring, and patient this week
ADU 2: You kept up classes, walks, meditation, community meetings, nature time, and grandchild care daily
ADU 3: You show real commitment to movement, family, and community
ADU 4: Next week, try alternating group aerobics, community involvement, and time in nature
ADU 5: Keep daily walks and short meditation most days
ADU 6: They steady your energy
ADU 7: This pattern spaces effort, which helps protect energy and reduce stress
ADU 8: Research and experience support that spacing activity aids recovery for older adults
ADU 9: Alternating may not be enough alone
ADU 10: Watch fatigue, mood, or soreness, and talk with your doctor if problems persist
ADU 11: If needed, lower class intensity, ask for help with childcare, swap classes for gentler walks, or rest more
ADU 12 [TARGET]: Plan one quiet recovery block midweek for rest, gentle stretching, reading, or a nap
ADU 13: Keep caring for grandchildren and your walks, but shorten visits or ask family to share duties, especially on busy days.",CLAIM,TRUE
E,3,13,"Keep caring for grandchildren and your walks, but shorten visits or ask family to share duties, especially on busy days.",CLAIM,13,13,"ADU 1: Kim, you have been steady, caring, and patient this week
ADU 2: You kept up classes, walks, meditation, community meetings, nature time, and grandchild care daily
ADU 3: You show real commitment to movement, family, and community
ADU 4: Next week, try alternating group aerobics, community involvement, and time in nature
ADU 5: Keep daily walks and short meditation most days
ADU 6: They steady your energy
ADU 7: This pattern spaces effort, which helps protect energy and reduce stress
ADU 8: Research and experience support that spacing activity aids recovery for older adults
ADU 9: Alternating may not be enough alone
ADU 10: Watch fatigue, mood, or soreness, and talk with your doctor if problems persist
ADU 11: If needed, lower class intensity, ask for help with childcare, swap classes for gentler walks, or rest more
ADU 12: Plan one quiet recovery block midweek for rest, gentle stretching, reading, or a nap
ADU 13 [TARGET]: Keep caring for grandchildren and your walks, but shorten visits or ask family to share duties, especially on busy days.",CLAIM,TRUE
E,4,1,"You have been caring, active, and steady lately, Kim, and resilient too",NONE,14,1,"ADU 1 [TARGET]: You have been caring, active, and steady lately, Kim, and resilient too
ADU 2: This morning you walked with the grandchildren to the park and chatted
ADU 3: You did many activities every day last week, so please rest well
ADU 4: Next week, try alternating activities every other day for balance and rest
ADU 5: Keep caring for grandchildren and your daily walk
ADU 6: They sustain you
ADU 7: Add group aerobics, meditation, and community work on alternate days for connection
ADU 8: Include one full quiet recovery block once weekly
ADU 9: Spacing protects energy, which often lowers cortisol and improves rest
ADU 10: That routine may be sufficient and is supported by pacing principles
ADU 11: Check how you feel each day
ADU 12: If tired, drop community work or aerobics that day without guilt today
ADU 13: Plan: alternate your valued activities and keep one quiet recovery day midweek
ADU 14: Trust small changes, and notice energy and mood each evening and pause when necessary.",NONE,TRUE
E,4,2,This morning you walked with the grandchildren to the park and chatted,NONE,14,2,"ADU 1: You have been caring, active, and steady lately, Kim, and resilient too
ADU 2 [TARGET]: This morning you walked with the grandchildren to the park and chatted
ADU 3: You did many activities every day last week, so please rest well
ADU 4: Next week, try alternating activities every other day for balance and rest
ADU 5: Keep caring for grandchildren and your daily walk
ADU 6: They sustain you
ADU 7: Add group aerobics, meditation, and community work on alternate days for connection
ADU 8: Include one full quiet recovery block once weekly
ADU 9: Spacing protects energy, which often lowers cortisol and improves rest
ADU 10: That routine may be sufficient and is supported by pacing principles
ADU 11: Check how you feel each day
ADU 12: If tired, drop community work or aerobics that day without guilt today
ADU 13: Plan: alternate your valued activities and keep one quiet recovery day midweek
ADU 14: Trust small changes, and notice energy and mood each evening and pause when necessary.",NONE,TRUE
E,4,3,"You did many activities every day last week, so please rest well",NONE,14,3,"ADU 1: You have been caring, active, and steady lately, Kim, and resilient too
ADU 2: This morning you walked with the grandchildren to the park and chatted
ADU 3 [TARGET]: You did many activities every day last week, so please rest well
ADU 4: Next week, try alternating activities every other day for balance and rest
ADU 5: Keep caring for grandchildren and your daily walk
ADU 6: They sustain you
ADU 7: Add group aerobics, meditation, and community work on alternate days for connection
ADU 8: Include one full quiet recovery block once weekly
ADU 9: Spacing protects energy, which often lowers cortisol and improves rest
ADU 10: That routine may be sufficient and is supported by pacing principles
ADU 11: Check how you feel each day
ADU 12: If tired, drop community work or aerobics that day without guilt today
ADU 13: Plan: alternate your valued activities and keep one quiet recovery day midweek
ADU 14: Trust small changes, and notice energy and mood each evening and pause when necessary.",CLAIM,FALSE
E,4,4,"Next week, try alternating activities every other day for balance and rest",CLAIM,14,4,"ADU 1: You have been caring, active, and steady lately, Kim, and resilient too
ADU 2: This morning you walked with the grandchildren to the park and chatted
ADU 3: You did many activities every day last week, so please rest well
ADU 4 [TARGET]: Next week, try alternating activities every other day for balance and rest
ADU 5: Keep caring for grandchildren and your daily walk
ADU 6: They sustain you
ADU 7: Add group aerobics, meditation, and community work on alternate days for connection
ADU 8: Include one full quiet recovery block once weekly
ADU 9: Spacing protects energy, which often lowers cortisol and improves rest
ADU 10: That routine may be sufficient and is supported by pacing principles
ADU 11: Check how you feel each day
ADU 12: If tired, drop community work or aerobics that day without guilt today
ADU 13: Plan: alternate your valued activities and keep one quiet recovery day midweek
ADU 14: Trust small changes, and notice energy and mood each evening and pause when necessary.",CLAIM,TRUE
E,4,5,Keep caring for grandchildren and your daily walk,CLAIM,14,5,"ADU 1: You have been caring, active, and steady lately, Kim, and resilient too
ADU 2: This morning you walked with the grandchildren to the park and chatted
ADU 3: You did many activities every day last week, so please rest well
ADU 4: Next week, try alternating activities every other day for balance and rest
ADU 5 [TARGET]: Keep caring for grandchildren and your daily walk
ADU 6: They sustain you
ADU 7: Add group aerobics, meditation, and community work on alternate days for connection
ADU 8: Include one full quiet recovery block once weekly
ADU 9: Spacing protects energy, which often lowers cortisol and improves rest
ADU 10: That routine may be sufficient and is supported by pacing principles
ADU 11: Check how you feel each day
ADU 12: If tired, drop community work or aerobics that day without guilt today
ADU 13: Plan: alternate your valued activities and keep one quiet recovery day midweek
ADU 14: Trust small changes, and notice energy and mood each evening and pause when necessary.",CLAIM,TRUE
E,4,6,They sustain you,PREMISE,14,6,"ADU 1: You have been caring, active, and steady lately, Kim, and resilient too
ADU 2: This morning you walked with the grandchildren to the park and chatted
ADU 3: You did many activities every day last week, so please rest well
ADU 4: Next week, try alternating activities every other day for balance and rest
ADU 5: Keep caring for grandchildren and your daily walk
ADU 6 [TARGET]: They sustain you
ADU 7: Add group aerobics, meditation, and community work on alternate days for connection
ADU 8: Include one full quiet recovery block once weekly
ADU 9: Spacing protects energy, which often lowers cortisol and improves rest
ADU 10: That routine may be sufficient and is supported by pacing principles
ADU 11: Check how you feel each day
ADU 12: If tired, drop community work or aerobics that day without guilt today
ADU 13: Plan: alternate your valued activities and keep one quiet recovery day midweek
ADU 14: Trust small changes, and notice energy and mood each evening and pause when necessary.",PREMISE,TRUE
E,4,7,"Add group aerobics, meditation, and community work on alternate days for connection",CLAIM,14,7,"ADU 1: You have been caring, active, and steady lately, Kim, and resilient too
ADU 2: This morning you walked with the grandchildren to the park and chatted
ADU 3: You did many activities every day last week, so please rest well
ADU 4: Next week, try alternating activities every other day for balance and rest
ADU 5: Keep caring for grandchildren and your daily walk
ADU 6: They sustain you
ADU 7 [TARGET]: Add group aerobics, meditation, and community work on alternate days for connection
ADU 8: Include one full quiet recovery block once weekly
ADU 9: Spacing protects energy, which often lowers cortisol and improves rest
ADU 10: That routine may be sufficient and is supported by pacing principles
ADU 11: Check how you feel each day
ADU 12: If tired, drop community work or aerobics that day without guilt today
ADU 13: Plan: alternate your valued activities and keep one quiet recovery day midweek
ADU 14: Trust small changes, and notice energy and mood each evening and pause when necessary.",CLAIM,TRUE
E,4,8,Include one full quiet recovery block once weekly,CLAIM,14,8,"ADU 1: You have been caring, active, and steady lately, Kim, and resilient too
ADU 2: This morning you walked with the grandchildren to the park and chatted
ADU 3: You did many activities every day last week, so please rest well
ADU 4: Next week, try alternating activities every other day for balance and rest
ADU 5: Keep caring for grandchildren and your daily walk
ADU 6: They sustain you
ADU 7: Add group aerobics, meditation, and community work on alternate days for connection
ADU 8 [TARGET]: Include one full quiet recovery block once weekly
ADU 9: Spacing protects energy, which often lowers cortisol and improves rest
ADU 10: That routine may be sufficient and is supported by pacing principles
ADU 11: Check how you feel each day
ADU 12: If tired, drop community work or aerobics that day without guilt today
ADU 13: Plan: alternate your valued activities and keep one quiet recovery day midweek
ADU 14: Trust small changes, and notice energy and mood each evening and pause when necessary.",CLAIM,TRUE
E,4,9,"Spacing protects energy, which often lowers cortisol and improves rest",PREMISE,14,9,"ADU 1: You have been caring, active, and steady lately, Kim, and resilient too
ADU 2: This morning you walked with the grandchildren to the park and chatted
ADU 3: You did many activities every day last week, so please rest well
ADU 4: Next week, try alternating activities every other day for balance and rest
ADU 5: Keep caring for grandchildren and your daily walk
ADU 6: They sustain you
ADU 7: Add group aerobics, meditation, and community work on alternate days for connection
ADU 8: Include one full quiet recovery block once weekly
ADU 9 [TARGET]: Spacing protects energy, which often lowers cortisol and improves rest
ADU 10: That routine may be sufficient and is supported by pacing principles
ADU 11: Check how you feel each day
ADU 12: If tired, drop community work or aerobics that day without guilt today
ADU 13: Plan: alternate your valued activities and keep one quiet recovery day midweek
ADU 14: Trust small changes, and notice energy and mood each evening and pause when necessary.",PREMISE,TRUE
E,4,10,That routine may be sufficient and is supported by pacing principles,PREMISE,14,10,"ADU 1: You have been caring, active, and steady lately, Kim, and resilient too
ADU 2: This morning you walked with the grandchildren to the park and chatted
ADU 3: You did many activities every day last week, so please rest well
ADU 4: Next week, try alternating activities every other day for balance and rest
ADU 5: Keep caring for grandchildren and your daily walk
ADU 6: They sustain you
ADU 7: Add group aerobics, meditation, and community work on alternate days for connection
ADU 8: Include one full quiet recovery block once weekly
ADU 9: Spacing protects energy, which often lowers cortisol and improves rest
ADU 10 [TARGET]: That routine may be sufficient and is supported by pacing principles
ADU 11: Check how you feel each day
ADU 12: If tired, drop community work or aerobics that day without guilt today
ADU 13: Plan: alternate your valued activities and keep one quiet recovery day midweek
ADU 14: Trust small changes, and notice energy and mood each evening and pause when necessary.",CLAIM,FALSE
E,4,11,Check how you feel each day,CLAIM,14,11,"ADU 1: You have been caring, active, and steady lately, Kim, and resilient too
ADU 2: This morning you walked with the grandchildren to the park and chatted
ADU 3: You did many activities every day last week, so please rest well
ADU 4: Next week, try alternating activities every other day for balance and rest
ADU 5: Keep caring for grandchildren and your daily walk
ADU 6: They sustain you
ADU 7: Add group aerobics, meditation, and community work on alternate days for connection
ADU 8: Include one full quiet recovery block once weekly
ADU 9: Spacing protects energy, which often lowers cortisol and improves rest
ADU 10: That routine may be sufficient and is supported by pacing principles
ADU 11 [TARGET]: Check how you feel each day
ADU 12: If tired, drop community work or aerobics that day without guilt today
ADU 13: Plan: alternate your valued activities and keep one quiet recovery day midweek
ADU 14: Trust small changes, and notice energy and mood each evening and pause when necessary.",CLAIM,TRUE
E,4,12,"If tired, drop community work or aerobics that day without guilt today",CLAIM,14,12,"ADU 1: You have been caring, active, and steady lately, Kim, and resilient too
ADU 2: This morning you walked with the grandchildren to the park and chatted
ADU 3: You did many activities every day last week, so please rest well
ADU 4: Next week, try alternating activities every other day for balance and rest
ADU 5: Keep caring for grandchildren and your daily walk
ADU 6: They sustain you
ADU 7: Add group aerobics, meditation, and community work on alternate days for connection
ADU 8: Include one full quiet recovery block once weekly
ADU 9: Spacing protects energy, which often lowers cortisol and improves rest
ADU 10: That routine may be sufficient and is supported by pacing principles
ADU 11: Check how you feel each day
ADU 12 [TARGET]: If tired, drop community work or aerobics that day without guilt today
ADU 13: Plan: alternate your valued activities and keep one quiet recovery day midweek
ADU 14: Trust small changes, and notice energy and mood each evening and pause when necessary.",CLAIM,TRUE
E,4,13,Plan: alternate your valued activities and keep one quiet recovery day midweek,CLAIM,14,13,"ADU 1: You have been caring, active, and steady lately, Kim, and resilient too
ADU 2: This morning you walked with the grandchildren to the park and chatted
ADU 3: You did many activities every day last week, so please rest well
ADU 4: Next week, try alternating activities every other day for balance and rest
ADU 5: Keep caring for grandchildren and your daily walk
ADU 6: They sustain you
ADU 7: Add group aerobics, meditation, and community work on alternate days for connection
ADU 8: Include one full quiet recovery block once weekly
ADU 9: Spacing protects energy, which often lowers cortisol and improves rest
ADU 10: That routine may be sufficient and is supported by pacing principles
ADU 11: Check how you feel each day
ADU 12: If tired, drop community work or aerobics that day without guilt today
ADU 13 [TARGET]: Plan: alternate your valued activities and keep one quiet recovery day midweek
ADU 14: Trust small changes, and notice energy and mood each evening and pause when necessary.",CLAIM,TRUE
E,4,14,"Trust small changes, and notice energy and mood each evening and pause when necessary.",CLAIM,14,14,"ADU 1: You have been caring, active, and steady lately, Kim, and resilient too
ADU 2: This morning you walked with the grandchildren to the park and chatted
ADU 3: You did many activities every day last week, so please rest well
ADU 4: Next week, try alternating activities every other day for balance and rest
ADU 5: Keep caring for grandchildren and your daily walk
ADU 6: They sustain you
ADU 7: Add group aerobics, meditation, and community work on alternate days for connection
ADU 8: Include one full quiet recovery block once weekly
ADU 9: Spacing protects energy, which often lowers cortisol and improves rest
ADU 10: That routine may be sufficient and is supported by pacing principles
ADU 11: Check how you feel each day
ADU 12: If tired, drop community work or aerobics that day without guilt today
ADU 13: Plan: alternate your valued activities and keep one quiet recovery day midweek
ADU 14 [TARGET]: Trust small changes, and notice energy and mood each evening and pause when necessary.",CLAIM,TRUE
E,5,1,"You stayed active and caring all week, and that truly matters to your family",NONE,11,1,"ADU 1 [TARGET]: You stayed active and caring all week, and that truly matters to your family
ADU 2: I picture you tying shoelaces before group aerobics, smiling, steady, and ready to move in class
ADU 3: You showed patience with grandchildren and took quiet moments in nearby nature
ADU 4: Your records show you did group aerobics every day this past week
ADU 5: You walked daily, meditated, and spent time outside to breathe fresh air
ADU 6: You cared for grandchildren, helped with meals, and joined meetings at the community group
ADU 7: These activities show steady effort, kindness, and strong ties to people around you
ADU 8: You rated the daily walk lower for fun, yet it lifted your energy and mood
ADU 9: Given these reliable activity records, it is plausible you did something important last week
ADU 10: This pattern shows you choose care, routine, and community for yourself and others
ADU 11: That matters for your health and for the people who rely on you.",CLAIM,FALSE
E,5,2,"I picture you tying shoelaces before group aerobics, smiling, steady, and ready to move in class",NONE,11,2,"ADU 1: You stayed active and caring all week, and that truly matters to your family
ADU 2 [TARGET]: I picture you tying shoelaces before group aerobics, smiling, steady, and ready to move in class
ADU 3: You showed patience with grandchildren and took quiet moments in nearby nature
ADU 4: Your records show you did group aerobics every day this past week
ADU 5: You walked daily, meditated, and spent time outside to breathe fresh air
ADU 6: You cared for grandchildren, helped with meals, and joined meetings at the community group
ADU 7: These activities show steady effort, kindness, and strong ties to people around you
ADU 8: You rated the daily walk lower for fun, yet it lifted your energy and mood
ADU 9: Given these reliable activity records, it is plausible you did something important last week
ADU 10: This pattern shows you choose care, routine, and community for yourself and others
ADU 11: That matters for your health and for the people who rely on you.",NONE,TRUE
E,5,3,You showed patience with grandchildren and took quiet moments in nearby nature,NONE,11,3,"ADU 1: You stayed active and caring all week, and that truly matters to your family
ADU 2: I picture you tying shoelaces before group aerobics, smiling, steady, and ready to move in class
ADU 3 [TARGET]: You showed patience with grandchildren and took quiet moments in nearby nature
ADU 4: Your records show you did group aerobics every day this past week
ADU 5: You walked daily, meditated, and spent time outside to breathe fresh air
ADU 6: You cared for grandchildren, helped with meals, and joined meetings at the community group
ADU 7: These activities show steady effort, kindness, and strong ties to people around you
ADU 8: You rated the daily walk lower for fun, yet it lifted your energy and mood
ADU 9: Given these reliable activity records, it is plausible you did something important last week
ADU 10: This pattern shows you choose care, routine, and community for yourself and others
ADU 11: That matters for your health and for the people who rely on you.",PREMISE,FALSE
E,5,4,Your records show you did group aerobics every day this past week,PREMISE,11,4,"ADU 1: You stayed active and caring all week, and that truly matters to your family
ADU 2: I picture you tying shoelaces before group aerobics, smiling, steady, and ready to move in class
ADU 3: You showed patience with grandchildren and took quiet moments in nearby nature
ADU 4 [TARGET]: Your records show you did group aerobics every day this past week
ADU 5: You walked daily, meditated, and spent time outside to breathe fresh air
ADU 6: You cared for grandchildren, helped with meals, and joined meetings at the community group
ADU 7: These activities show steady effort, kindness, and strong ties to people around you
ADU 8: You rated the daily walk lower for fun, yet it lifted your energy and mood
ADU 9: Given these reliable activity records, it is plausible you did something important last week
ADU 10: This pattern shows you choose care, routine, and community for yourself and others
ADU 11: That matters for your health and for the people who rely on you.",PREMISE,TRUE
E,5,5,"You walked daily, meditated, and spent time outside to breathe fresh air",PREMISE,11,5,"ADU 1: You stayed active and caring all week, and that truly matters to your family
ADU 2: I picture you tying shoelaces before group aerobics, smiling, steady, and ready to move in class
ADU 3: You showed patience with grandchildren and took quiet moments in nearby nature
ADU 4: Your records show you did group aerobics every day this past week
ADU 5 [TARGET]: You walked daily, meditated, and spent time outside to breathe fresh air
ADU 6: You cared for grandchildren, helped with meals, and joined meetings at the community group
ADU 7: These activities show steady effort, kindness, and strong ties to people around you
ADU 8: You rated the daily walk lower for fun, yet it lifted your energy and mood
ADU 9: Given these reliable activity records, it is plausible you did something important last week
ADU 10: This pattern shows you choose care, routine, and community for yourself and others
ADU 11: That matters for your health and for the people who rely on you.",PREMISE,TRUE
E,5,6,"You cared for grandchildren, helped with meals, and joined meetings at the community group",PREMISE,11,6,"ADU 1: You stayed active and caring all week, and that truly matters to your family
ADU 2: I picture you tying shoelaces before group aerobics, smiling, steady, and ready to move in class
ADU 3: You showed patience with grandchildren and took quiet moments in nearby nature
ADU 4: Your records show you did group aerobics every day this past week
ADU 5: You walked daily, meditated, and spent time outside to breathe fresh air
ADU 6 [TARGET]: You cared for grandchildren, helped with meals, and joined meetings at the community group
ADU 7: These activities show steady effort, kindness, and strong ties to people around you
ADU 8: You rated the daily walk lower for fun, yet it lifted your energy and mood
ADU 9: Given these reliable activity records, it is plausible you did something important last week
ADU 10: This pattern shows you choose care, routine, and community for yourself and others
ADU 11: That matters for your health and for the people who rely on you.",PREMISE,TRUE
E,5,7,"These activities show steady effort, kindness, and strong ties to people around you",PREMISE,11,7,"ADU 1: You stayed active and caring all week, and that truly matters to your family
ADU 2: I picture you tying shoelaces before group aerobics, smiling, steady, and ready to move in class
ADU 3: You showed patience with grandchildren and took quiet moments in nearby nature
ADU 4: Your records show you did group aerobics every day this past week
ADU 5: You walked daily, meditated, and spent time outside to breathe fresh air
ADU 6: You cared for grandchildren, helped with meals, and joined meetings at the community group
ADU 7 [TARGET]: These activities show steady effort, kindness, and strong ties to people around you
ADU 8: You rated the daily walk lower for fun, yet it lifted your energy and mood
ADU 9: Given these reliable activity records, it is plausible you did something important last week
ADU 10: This pattern shows you choose care, routine, and community for yourself and others
ADU 11: That matters for your health and for the people who rely on you.",CLAIM,FALSE
E,5,8,"You rated the daily walk lower for fun, yet it lifted your energy and mood",PREMISE,11,8,"ADU 1: You stayed active and caring all week, and that truly matters to your family
ADU 2: I picture you tying shoelaces before group aerobics, smiling, steady, and ready to move in class
ADU 3: You showed patience with grandchildren and took quiet moments in nearby nature
ADU 4: Your records show you did group aerobics every day this past week
ADU 5: You walked daily, meditated, and spent time outside to breathe fresh air
ADU 6: You cared for grandchildren, helped with meals, and joined meetings at the community group
ADU 7: These activities show steady effort, kindness, and strong ties to people around you
ADU 8 [TARGET]: You rated the daily walk lower for fun, yet it lifted your energy and mood
ADU 9: Given these reliable activity records, it is plausible you did something important last week
ADU 10: This pattern shows you choose care, routine, and community for yourself and others
ADU 11: That matters for your health and for the people who rely on you.",PREMISE,TRUE
E,5,9,"Given these reliable activity records, it is plausible you did something important last week",CLAIM,11,9,"ADU 1: You stayed active and caring all week, and that truly matters to your family
ADU 2: I picture you tying shoelaces before group aerobics, smiling, steady, and ready to move in class
ADU 3: You showed patience with grandchildren and took quiet moments in nearby nature
ADU 4: Your records show you did group aerobics every day this past week
ADU 5: You walked daily, meditated, and spent time outside to breathe fresh air
ADU 6: You cared for grandchildren, helped with meals, and joined meetings at the community group
ADU 7: These activities show steady effort, kindness, and strong ties to people around you
ADU 8: You rated the daily walk lower for fun, yet it lifted your energy and mood
ADU 9 [TARGET]: Given these reliable activity records, it is plausible you did something important last week
ADU 10: This pattern shows you choose care, routine, and community for yourself and others
ADU 11: That matters for your health and for the people who rely on you.",CLAIM,TRUE
E,5,10,"This pattern shows you choose care, routine, and community for yourself and others",CLAIM,11,10,"ADU 1: You stayed active and caring all week, and that truly matters to your family
ADU 2: I picture you tying shoelaces before group aerobics, smiling, steady, and ready to move in class
ADU 3: You showed patience with grandchildren and took quiet moments in nearby nature
ADU 4: Your records show you did group aerobics every day this past week
ADU 5: You walked daily, meditated, and spent time outside to breathe fresh air
ADU 6: You cared for grandchildren, helped with meals, and joined meetings at the community group
ADU 7: These activities show steady effort, kindness, and strong ties to people around you
ADU 8: You rated the daily walk lower for fun, yet it lifted your energy and mood
ADU 9: Given these reliable activity records, it is plausible you did something important last week
ADU 10 [TARGET]: This pattern shows you choose care, routine, and community for yourself and others
ADU 11: That matters for your health and for the people who rely on you.",CLAIM,TRUE
E,5,11,That matters for your health and for the people who rely on you.,CLAIM,11,11,"ADU 1: You stayed active and caring all week, and that truly matters to your family
ADU 2: I picture you tying shoelaces before group aerobics, smiling, steady, and ready to move in class
ADU 3: You showed patience with grandchildren and took quiet moments in nearby nature
ADU 4: Your records show you did group aerobics every day this past week
ADU 5: You walked daily, meditated, and spent time outside to breathe fresh air
ADU 6: You cared for grandchildren, helped with meals, and joined meetings at the community group
ADU 7: These activities show steady effort, kindness, and strong ties to people around you
ADU 8: You rated the daily walk lower for fun, yet it lifted your energy and mood
ADU 9: Given these reliable activity records, it is plausible you did something important last week
ADU 10: This pattern shows you choose care, routine, and community for yourself and others
ADU 11 [TARGET]: That matters for your health and for the people who rely on you.",CLAIM,TRUE
E,6,1,"You did a lot this week, and that truly matters to your family",NONE,12,1,"ADU 1 [TARGET]: You did a lot this week, and that truly matters to your family
ADU 2: I picture you at the community hall, smiling after group aerobics with friends
ADU 3: You also paused to breathe during your walks, meditations, and quiet nature moments
ADU 4: Your activity records reliably show daily participation in all activities last week
ADU 5: That record is in a good position to know what happened
ADU 6: Group aerobics, caring for grandchildren, and your community work brought real connection and clear purpose
ADU 7: Meditation and time in nature kept you calmer and helped steady perspective
ADU 8: Your daily walk, though slightly lower in fun rating, still built stamina, balance, and routine
ADU 9: Taken together, these acts demonstrate caring, health focus, leadership, and steady involvement, so it is plausible you did something important
ADU 10: This pattern suggests you made important contributions, even in small ways, and people felt it
ADU 11: The records are a reliable witness to your steady choices over time
ADU 12: That matters for you and for those you support, like your grandchildren.",CLAIM,FALSE
E,6,2,"I picture you at the community hall, smiling after group aerobics with friends",NONE,12,2,"ADU 1: You did a lot this week, and that truly matters to your family
ADU 2 [TARGET]: I picture you at the community hall, smiling after group aerobics with friends
ADU 3: You also paused to breathe during your walks, meditations, and quiet nature moments
ADU 4: Your activity records reliably show daily participation in all activities last week
ADU 5: That record is in a good position to know what happened
ADU 6: Group aerobics, caring for grandchildren, and your community work brought real connection and clear purpose
ADU 7: Meditation and time in nature kept you calmer and helped steady perspective
ADU 8: Your daily walk, though slightly lower in fun rating, still built stamina, balance, and routine
ADU 9: Taken together, these acts demonstrate caring, health focus, leadership, and steady involvement, so it is plausible you did something important
ADU 10: This pattern suggests you made important contributions, even in small ways, and people felt it
ADU 11: The records are a reliable witness to your steady choices over time
ADU 12: That matters for you and for those you support, like your grandchildren.",NONE,TRUE
E,6,3,"You also paused to breathe during your walks, meditations, and quiet nature moments",NONE,12,3,"ADU 1: You did a lot this week, and that truly matters to your family
ADU 2: I picture you at the community hall, smiling after group aerobics with friends
ADU 3 [TARGET]: You also paused to breathe during your walks, meditations, and quiet nature moments
ADU 4: Your activity records reliably show daily participation in all activities last week
ADU 5: That record is in a good position to know what happened
ADU 6: Group aerobics, caring for grandchildren, and your community work brought real connection and clear purpose
ADU 7: Meditation and time in nature kept you calmer and helped steady perspective
ADU 8: Your daily walk, though slightly lower in fun rating, still built stamina, balance, and routine
ADU 9: Taken together, these acts demonstrate caring, health focus, leadership, and steady involvement, so it is plausible you did something important
ADU 10: This pattern suggests you made important contributions, even in small ways, and people felt it
ADU 11: The records are a reliable witness to your steady choices over time
ADU 12: That matters for you and for those you support, like your grandchildren.",NONE,TRUE
E,6,4,Your activity records reliably show daily participation in all activities last week,PREMISE,12,4,"ADU 1: You did a lot this week, and that truly matters to your family
ADU 2: I picture you at the community hall, smiling after group aerobics with friends
ADU 3: You also paused to breathe during your walks, meditations, and quiet nature moments
ADU 4 [TARGET]: Your activity records reliably show daily participation in all activities last week
ADU 5: That record is in a good position to know what happened
ADU 6: Group aerobics, caring for grandchildren, and your community work brought real connection and clear purpose
ADU 7: Meditation and time in nature kept you calmer and helped steady perspective
ADU 8: Your daily walk, though slightly lower in fun rating, still built stamina, balance, and routine
ADU 9: Taken together, these acts demonstrate caring, health focus, leadership, and steady involvement, so it is plausible you did something important
ADU 10: This pattern suggests you made important contributions, even in small ways, and people felt it
ADU 11: The records are a reliable witness to your steady choices over time
ADU 12: That matters for you and for those you support, like your grandchildren.",PREMISE,TRUE
E,6,5,That record is in a good position to know what happened,PREMISE,12,5,"ADU 1: You did a lot this week, and that truly matters to your family
ADU 2: I picture you at the community hall, smiling after group aerobics with friends
ADU 3: You also paused to breathe during your walks, meditations, and quiet nature moments
ADU 4: Your activity records reliably show daily participation in all activities last week
ADU 5 [TARGET]: That record is in a good position to know what happened
ADU 6: Group aerobics, caring for grandchildren, and your community work brought real connection and clear purpose
ADU 7: Meditation and time in nature kept you calmer and helped steady perspective
ADU 8: Your daily walk, though slightly lower in fun rating, still built stamina, balance, and routine
ADU 9: Taken together, these acts demonstrate caring, health focus, leadership, and steady involvement, so it is plausible you did something important
ADU 10: This pattern suggests you made important contributions, even in small ways, and people felt it
ADU 11: The records are a reliable witness to your steady choices over time
ADU 12: That matters for you and for those you support, like your grandchildren.",PREMISE,TRUE
E,6,6,"Group aerobics, caring for grandchildren, and your community work brought real connection and clear purpose",PREMISE,12,6,"ADU 1: You did a lot this week, and that truly matters to your family
ADU 2: I picture you at the community hall, smiling after group aerobics with friends
ADU 3: You also paused to breathe during your walks, meditations, and quiet nature moments
ADU 4: Your activity records reliably show daily participation in all activities last week
ADU 5: That record is in a good position to know what happened
ADU 6 [TARGET]: Group aerobics, caring for grandchildren, and your community work brought real connection and clear purpose
ADU 7: Meditation and time in nature kept you calmer and helped steady perspective
ADU 8: Your daily walk, though slightly lower in fun rating, still built stamina, balance, and routine
ADU 9: Taken together, these acts demonstrate caring, health focus, leadership, and steady involvement, so it is plausible you did something important
ADU 10: This pattern suggests you made important contributions, even in small ways, and people felt it
ADU 11: The records are a reliable witness to your steady choices over time
ADU 12: That matters for you and for those you support, like your grandchildren.",CLAIM,FALSE
E,6,7,Meditation and time in nature kept you calmer and helped steady perspective,PREMISE,12,7,"ADU 1: You did a lot this week, and that truly matters to your family
ADU 2: I picture you at the community hall, smiling after group aerobics with friends
ADU 3: You also paused to breathe during your walks, meditations, and quiet nature moments
ADU 4: Your activity records reliably show daily participation in all activities last week
ADU 5: That record is in a good position to know what happened
ADU 6: Group aerobics, caring for grandchildren, and your community work brought real connection and clear purpose
ADU 7 [TARGET]: Meditation and time in nature kept you calmer and helped steady perspective
ADU 8: Your daily walk, though slightly lower in fun rating, still built stamina, balance, and routine
ADU 9: Taken together, these acts demonstrate caring, health focus, leadership, and steady involvement, so it is plausible you did something important
ADU 10: This pattern suggests you made important contributions, even in small ways, and people felt it
ADU 11: The records are a reliable witness to your steady choices over time
ADU 12: That matters for you and for those you support, like your grandchildren.",PREMISE,TRUE
E,6,8,"Your daily walk, though slightly lower in fun rating, still built stamina, balance, and routine",PREMISE,12,8,"ADU 1: You did a lot this week, and that truly matters to your family
ADU 2: I picture you at the community hall, smiling after group aerobics with friends
ADU 3: You also paused to breathe during your walks, meditations, and quiet nature moments
ADU 4: Your activity records reliably show daily participation in all activities last week
ADU 5: That record is in a good position to know what happened
ADU 6: Group aerobics, caring for grandchildren, and your community work brought real connection and clear purpose
ADU 7: Meditation and time in nature kept you calmer and helped steady perspective
ADU 8 [TARGET]: Your daily walk, though slightly lower in fun rating, still built stamina, balance, and routine
ADU 9: Taken together, these acts demonstrate caring, health focus, leadership, and steady involvement, so it is plausible you did something important
ADU 10: This pattern suggests you made important contributions, even in small ways, and people felt it
ADU 11: The records are a reliable witness to your steady choices over time
ADU 12: That matters for you and for those you support, like your grandchildren.",PREMISE,TRUE
E,6,9,"Taken together, these acts demonstrate caring, health focus, leadership, and steady involvement, so it is plausible you did something important",CLAIM,12,9,"ADU 1: You did a lot this week, and that truly matters to your family
ADU 2: I picture you at the community hall, smiling after group aerobics with friends
ADU 3: You also paused to breathe during your walks, meditations, and quiet nature moments
ADU 4: Your activity records reliably show daily participation in all activities last week
ADU 5: That record is in a good position to know what happened
ADU 6: Group aerobics, caring for grandchildren, and your community work brought real connection and clear purpose
ADU 7: Meditation and time in nature kept you calmer and helped steady perspective
ADU 8: Your daily walk, though slightly lower in fun rating, still built stamina, balance, and routine
ADU 9 [TARGET]: Taken together, these acts demonstrate caring, health focus, leadership, and steady involvement, so it is plausible you did something important
ADU 10: This pattern suggests you made important contributions, even in small ways, and people felt it
ADU 11: The records are a reliable witness to your steady choices over time
ADU 12: That matters for you and for those you support, like your grandchildren.",CLAIM,TRUE
E,6,10,"This pattern suggests you made important contributions, even in small ways, and people felt it",CLAIM,12,10,"ADU 1: You did a lot this week, and that truly matters to your family
ADU 2: I picture you at the community hall, smiling after group aerobics with friends
ADU 3: You also paused to breathe during your walks, meditations, and quiet nature moments
ADU 4: Your activity records reliably show daily participation in all activities last week
ADU 5: That record is in a good position to know what happened
ADU 6: Group aerobics, caring for grandchildren, and your community work brought real connection and clear purpose
ADU 7: Meditation and time in nature kept you calmer and helped steady perspective
ADU 8: Your daily walk, though slightly lower in fun rating, still built stamina, balance, and routine
ADU 9: Taken together, these acts demonstrate caring, health focus, leadership, and steady involvement, so it is plausible you did something important
ADU 10 [TARGET]: This pattern suggests you made important contributions, even in small ways, and people felt it
ADU 11: The records are a reliable witness to your steady choices over time
ADU 12: That matters for you and for those you support, like your grandchildren.",CLAIM,TRUE
E,6,11,The records are a reliable witness to your steady choices over time,PREMISE,12,11,"ADU 1: You did a lot this week, and that truly matters to your family
ADU 2: I picture you at the community hall, smiling after group aerobics with friends
ADU 3: You also paused to breathe during your walks, meditations, and quiet nature moments
ADU 4: Your activity records reliably show daily participation in all activities last week
ADU 5: That record is in a good position to know what happened
ADU 6: Group aerobics, caring for grandchildren, and your community work brought real connection and clear purpose
ADU 7: Meditation and time in nature kept you calmer and helped steady perspective
ADU 8: Your daily walk, though slightly lower in fun rating, still built stamina, balance, and routine
ADU 9: Taken together, these acts demonstrate caring, health focus, leadership, and steady involvement, so it is plausible you did something important
ADU 10: This pattern suggests you made important contributions, even in small ways, and people felt it
ADU 11 [TARGET]: The records are a reliable witness to your steady choices over time
ADU 12: That matters for you and for those you support, like your grandchildren.",PREMISE,TRUE
E,6,12,"That matters for you and for those you support, like your grandchildren.",CLAIM,12,12,"ADU 1: You did a lot this week, and that truly matters to your family
ADU 2: I picture you at the community hall, smiling after group aerobics with friends
ADU 3: You also paused to breathe during your walks, meditations, and quiet nature moments
ADU 4: Your activity records reliably show daily participation in all activities last week
ADU 5: That record is in a good position to know what happened
ADU 6: Group aerobics, caring for grandchildren, and your community work brought real connection and clear purpose
ADU 7: Meditation and time in nature kept you calmer and helped steady perspective
ADU 8: Your daily walk, though slightly lower in fun rating, still built stamina, balance, and routine
ADU 9: Taken together, these acts demonstrate caring, health focus, leadership, and steady involvement, so it is plausible you did something important
ADU 10: This pattern suggests you made important contributions, even in small ways, and people felt it
ADU 11: The records are a reliable witness to your steady choices over time
ADU 12 [TARGET]: That matters for you and for those you support, like your grandchildren.",CLAIM,TRUE
E,7,1,"Well done this week, Kim",NONE,11,1,"ADU 1 [TARGET]: Well done this week, Kim
ADU 2: You greeted the morning with warm tea, a short stretch, and a walk outside
ADU 3: You kept showing up for group classes, daily walks, meditation, nature, and family time together
ADU 4: You showed care for family and the local community every single day
ADU 5: Group aerobics improved your strength, balance, and energy, while walks maintained stamina and cleared your mind
ADU 6: You rated daily walks slightly lower for fun, yet they still helped
ADU 7: Meditation and time in nature gave calm, perspective, clearer thinking, and a steadier mood
ADU 8: Caring for grandchildren brought joy, continuity, learning, and a strong sense of purpose
ADU 9: Overall, these activities genuinely reflected your values and directly advanced your goals without creating clear conflicts or major trade-offs
ADU 10: This pattern shows your motives guided many of your daily choices and actions, week after week
ADU 11: You can feel proud of how consistently you lived those values each day.",CLAIM,FALSE
E,7,2,"You greeted the morning with warm tea, a short stretch, and a walk outside",NONE,11,2,"ADU 1: Well done this week, Kim
ADU 2 [TARGET]: You greeted the morning with warm tea, a short stretch, and a walk outside
ADU 3: You kept showing up for group classes, daily walks, meditation, nature, and family time together
ADU 4: You showed care for family and the local community every single day
ADU 5: Group aerobics improved your strength, balance, and energy, while walks maintained stamina and cleared your mind
ADU 6: You rated daily walks slightly lower for fun, yet they still helped
ADU 7: Meditation and time in nature gave calm, perspective, clearer thinking, and a steadier mood
ADU 8: Caring for grandchildren brought joy, continuity, learning, and a strong sense of purpose
ADU 9: Overall, these activities genuinely reflected your values and directly advanced your goals without creating clear conflicts or major trade-offs
ADU 10: This pattern shows your motives guided many of your daily choices and actions, week after week
ADU 11: You can feel proud of how consistently you lived those values each day.",NONE,TRUE
E,7,3,"You kept showing up for group classes, daily walks, meditation, nature, and family time together",NONE,11,3,"ADU 1: Well done this week, Kim
ADU 2: You greeted the morning with warm tea, a short stretch, and a walk outside
ADU 3 [TARGET]: You kept showing up for group classes, daily walks, meditation, nature, and family time together
ADU 4: You showed care for family and the local community every single day
ADU 5: Group aerobics improved your strength, balance, and energy, while walks maintained stamina and cleared your mind
ADU 6: You rated daily walks slightly lower for fun, yet they still helped
ADU 7: Meditation and time in nature gave calm, perspective, clearer thinking, and a steadier mood
ADU 8: Caring for grandchildren brought joy, continuity, learning, and a strong sense of purpose
ADU 9: Overall, these activities genuinely reflected your values and directly advanced your goals without creating clear conflicts or major trade-offs
ADU 10: This pattern shows your motives guided many of your daily choices and actions, week after week
ADU 11: You can feel proud of how consistently you lived those values each day.",PREMISE,FALSE
E,7,4,You showed care for family and the local community every single day,PREMISE,11,4,"ADU 1: Well done this week, Kim
ADU 2: You greeted the morning with warm tea, a short stretch, and a walk outside
ADU 3: You kept showing up for group classes, daily walks, meditation, nature, and family time together
ADU 4 [TARGET]: You showed care for family and the local community every single day
ADU 5: Group aerobics improved your strength, balance, and energy, while walks maintained stamina and cleared your mind
ADU 6: You rated daily walks slightly lower for fun, yet they still helped
ADU 7: Meditation and time in nature gave calm, perspective, clearer thinking, and a steadier mood
ADU 8: Caring for grandchildren brought joy, continuity, learning, and a strong sense of purpose
ADU 9: Overall, these activities genuinely reflected your values and directly advanced your goals without creating clear conflicts or major trade-offs
ADU 10: This pattern shows your motives guided many of your daily choices and actions, week after week
ADU 11: You can feel proud of how consistently you lived those values each day.",PREMISE,TRUE
E,7,5,"Group aerobics improved your strength, balance, and energy, while walks maintained stamina and cleared your mind",PREMISE,11,5,"ADU 1: Well done this week, Kim
ADU 2: You greeted the morning with warm tea, a short stretch, and a walk outside
ADU 3: You kept showing up for group classes, daily walks, meditation, nature, and family time together
ADU 4: You showed care for family and the local community every single day
ADU 5 [TARGET]: Group aerobics improved your strength, balance, and energy, while walks maintained stamina and cleared your mind
ADU 6: You rated daily walks slightly lower for fun, yet they still helped
ADU 7: Meditation and time in nature gave calm, perspective, clearer thinking, and a steadier mood
ADU 8: Caring for grandchildren brought joy, continuity, learning, and a strong sense of purpose
ADU 9: Overall, these activities genuinely reflected your values and directly advanced your goals without creating clear conflicts or major trade-offs
ADU 10: This pattern shows your motives guided many of your daily choices and actions, week after week
ADU 11: You can feel proud of how consistently you lived those values each day.",PREMISE,TRUE
E,7,6,"You rated daily walks slightly lower for fun, yet they still helped",PREMISE,11,6,"ADU 1: Well done this week, Kim
ADU 2: You greeted the morning with warm tea, a short stretch, and a walk outside
ADU 3: You kept showing up for group classes, daily walks, meditation, nature, and family time together
ADU 4: You showed care for family and the local community every single day
ADU 5: Group aerobics improved your strength, balance, and energy, while walks maintained stamina and cleared your mind
ADU 6 [TARGET]: You rated daily walks slightly lower for fun, yet they still helped
ADU 7: Meditation and time in nature gave calm, perspective, clearer thinking, and a steadier mood
ADU 8: Caring for grandchildren brought joy, continuity, learning, and a strong sense of purpose
ADU 9: Overall, these activities genuinely reflected your values and directly advanced your goals without creating clear conflicts or major trade-offs
ADU 10: This pattern shows your motives guided many of your daily choices and actions, week after week
ADU 11: You can feel proud of how consistently you lived those values each day.",PREMISE,TRUE
E,7,7,"Meditation and time in nature gave calm, perspective, clearer thinking, and a steadier mood",PREMISE,11,7,"ADU 1: Well done this week, Kim
ADU 2: You greeted the morning with warm tea, a short stretch, and a walk outside
ADU 3: You kept showing up for group classes, daily walks, meditation, nature, and family time together
ADU 4: You showed care for family and the local community every single day
ADU 5: Group aerobics improved your strength, balance, and energy, while walks maintained stamina and cleared your mind
ADU 6: You rated daily walks slightly lower for fun, yet they still helped
ADU 7 [TARGET]: Meditation and time in nature gave calm, perspective, clearer thinking, and a steadier mood
ADU 8: Caring for grandchildren brought joy, continuity, learning, and a strong sense of purpose
ADU 9: Overall, these activities genuinely reflected your values and directly advanced your goals without creating clear conflicts or major trade-offs
ADU 10: This pattern shows your motives guided many of your daily choices and actions, week after week
ADU 11: You can feel proud of how consistently you lived those values each day.",PREMISE,TRUE
E,7,8,"Caring for grandchildren brought joy, continuity, learning, and a strong sense of purpose",PREMISE,11,8,"ADU 1: Well done this week, Kim
ADU 2: You greeted the morning with warm tea, a short stretch, and a walk outside
ADU 3: You kept showing up for group classes, daily walks, meditation, nature, and family time together
ADU 4: You showed care for family and the local community every single day
ADU 5: Group aerobics improved your strength, balance, and energy, while walks maintained stamina and cleared your mind
ADU 6: You rated daily walks slightly lower for fun, yet they still helped
ADU 7: Meditation and time in nature gave calm, perspective, clearer thinking, and a steadier mood
ADU 8 [TARGET]: Caring for grandchildren brought joy, continuity, learning, and a strong sense of purpose
ADU 9: Overall, these activities genuinely reflected your values and directly advanced your goals without creating clear conflicts or major trade-offs
ADU 10: This pattern shows your motives guided many of your daily choices and actions, week after week
ADU 11: You can feel proud of how consistently you lived those values each day.",PREMISE,TRUE
E,7,9,"Overall, these activities genuinely reflected your values and directly advanced your goals without creating clear conflicts or major trade-offs",PREMISE,11,9,"ADU 1: Well done this week, Kim
ADU 2: You greeted the morning with warm tea, a short stretch, and a walk outside
ADU 3: You kept showing up for group classes, daily walks, meditation, nature, and family time together
ADU 4: You showed care for family and the local community every single day
ADU 5: Group aerobics improved your strength, balance, and energy, while walks maintained stamina and cleared your mind
ADU 6: You rated daily walks slightly lower for fun, yet they still helped
ADU 7: Meditation and time in nature gave calm, perspective, clearer thinking, and a steadier mood
ADU 8: Caring for grandchildren brought joy, continuity, learning, and a strong sense of purpose
ADU 9 [TARGET]: Overall, these activities genuinely reflected your values and directly advanced your goals without creating clear conflicts or major trade-offs
ADU 10: This pattern shows your motives guided many of your daily choices and actions, week after week
ADU 11: You can feel proud of how consistently you lived those values each day.",CLAIM,FALSE
E,7,10,"This pattern shows your motives guided many of your daily choices and actions, week after week",CLAIM,11,10,"ADU 1: Well done this week, Kim
ADU 2: You greeted the morning with warm tea, a short stretch, and a walk outside
ADU 3: You kept showing up for group classes, daily walks, meditation, nature, and family time together
ADU 4: You showed care for family and the local community every single day
ADU 5: Group aerobics improved your strength, balance, and energy, while walks maintained stamina and cleared your mind
ADU 6: You rated daily walks slightly lower for fun, yet they still helped
ADU 7: Meditation and time in nature gave calm, perspective, clearer thinking, and a steadier mood
ADU 8: Caring for grandchildren brought joy, continuity, learning, and a strong sense of purpose
ADU 9: Overall, these activities genuinely reflected your values and directly advanced your goals without creating clear conflicts or major trade-offs
ADU 10 [TARGET]: This pattern shows your motives guided many of your daily choices and actions, week after week
ADU 11: You can feel proud of how consistently you lived those values each day.",CLAIM,TRUE
E,7,11,You can feel proud of how consistently you lived those values each day.,CLAIM,11,11,"ADU 1: Well done this week, Kim
ADU 2: You greeted the morning with warm tea, a short stretch, and a walk outside
ADU 3: You kept showing up for group classes, daily walks, meditation, nature, and family time together
ADU 4: You showed care for family and the local community every single day
ADU 5: Group aerobics improved your strength, balance, and energy, while walks maintained stamina and cleared your mind
ADU 6: You rated daily walks slightly lower for fun, yet they still helped
ADU 7: Meditation and time in nature gave calm, perspective, clearer thinking, and a steadier mood
ADU 8: Caring for grandchildren brought joy, continuity, learning, and a strong sense of purpose
ADU 9: Overall, these activities genuinely reflected your values and directly advanced your goals without creating clear conflicts or major trade-offs
ADU 10: This pattern shows your motives guided many of your daily choices and actions, week after week
ADU 11 [TARGET]: You can feel proud of how consistently you lived those values each day.",CLAIM,TRUE
E,8,1,You kept showing up for things that matter this week,NONE,11,1,"ADU 1 [TARGET]: You kept showing up for things that matter this week
ADU 2: You return home smiling after group aerobics, shoes damp and towel over your shoulder
ADU 3: You pause on the porch after your walk and greet a neighbor with a warm word
ADU 4: You practiced your core values through steady daily choices and small acts
ADU 5: Caring for grandchildren showed love, patience, and family commitment every day
ADU 6: Group aerobics and your community organisation gave social connection and clear purpose
ADU 7: Meditation and time in nature supported calm, reflection, and mental clarity
ADU 8: Your daily walk felt slightly less fun, but it kept your energy steady
ADU 9: Overall these actions genuinely realize your stated values, though no single activity is necessary or sufficient alone, and small trade-offs occurred
ADU 10: This pattern shows your motives aligned with daily choices and care
ADU 11: Notice the steady kindness and energy you bring; it matters to family and community, and neighbors notice.",CLAIM,FALSE
E,8,2,"You return home smiling after group aerobics, shoes damp and towel over your shoulder",NONE,11,2,"ADU 1: You kept showing up for things that matter this week
ADU 2 [TARGET]: You return home smiling after group aerobics, shoes damp and towel over your shoulder
ADU 3: You pause on the porch after your walk and greet a neighbor with a warm word
ADU 4: You practiced your core values through steady daily choices and small acts
ADU 5: Caring for grandchildren showed love, patience, and family commitment every day
ADU 6: Group aerobics and your community organisation gave social connection and clear purpose
ADU 7: Meditation and time in nature supported calm, reflection, and mental clarity
ADU 8: Your daily walk felt slightly less fun, but it kept your energy steady
ADU 9: Overall these actions genuinely realize your stated values, though no single activity is necessary or sufficient alone, and small trade-offs occurred
ADU 10: This pattern shows your motives aligned with daily choices and care
ADU 11: Notice the steady kindness and energy you bring; it matters to family and community, and neighbors notice.",NONE,TRUE
E,8,3,You pause on the porch after your walk and greet a neighbor with a warm word,NONE,11,3,"ADU 1: You kept showing up for things that matter this week
ADU 2: You return home smiling after group aerobics, shoes damp and towel over your shoulder
ADU 3 [TARGET]: You pause on the porch after your walk and greet a neighbor with a warm word
ADU 4: You practiced your core values through steady daily choices and small acts
ADU 5: Caring for grandchildren showed love, patience, and family commitment every day
ADU 6: Group aerobics and your community organisation gave social connection and clear purpose
ADU 7: Meditation and time in nature supported calm, reflection, and mental clarity
ADU 8: Your daily walk felt slightly less fun, but it kept your energy steady
ADU 9: Overall these actions genuinely realize your stated values, though no single activity is necessary or sufficient alone, and small trade-offs occurred
ADU 10: This pattern shows your motives aligned with daily choices and care
ADU 11: Notice the steady kindness and energy you bring; it matters to family and community, and neighbors notice.",NONE,TRUE
E,8,4,You practiced your core values through steady daily choices and small acts,CLAIM,11,4,"ADU 1: You kept showing up for things that matter this week
ADU 2: You return home smiling after group aerobics, shoes damp and towel over your shoulder
ADU 3: You pause on the porch after your walk and greet a neighbor with a warm word
ADU 4 [TARGET]: You practiced your core values through steady daily choices and small acts
ADU 5: Caring for grandchildren showed love, patience, and family commitment every day
ADU 6: Group aerobics and your community organisation gave social connection and clear purpose
ADU 7: Meditation and time in nature supported calm, reflection, and mental clarity
ADU 8: Your daily walk felt slightly less fun, but it kept your energy steady
ADU 9: Overall these actions genuinely realize your stated values, though no single activity is necessary or sufficient alone, and small trade-offs occurred
ADU 10: This pattern shows your motives aligned with daily choices and care
ADU 11: Notice the steady kindness and energy you bring; it matters to family and community, and neighbors notice.",CLAIM,TRUE
E,8,5,"Caring for grandchildren showed love, patience, and family commitment every day",PREMISE,11,5,"ADU 1: You kept showing up for things that matter this week
ADU 2: You return home smiling after group aerobics, shoes damp and towel over your shoulder
ADU 3: You pause on the porch after your walk and greet a neighbor with a warm word
ADU 4: You practiced your core values through steady daily choices and small acts
ADU 5 [TARGET]: Caring for grandchildren showed love, patience, and family commitment every day
ADU 6: Group aerobics and your community organisation gave social connection and clear purpose
ADU 7: Meditation and time in nature supported calm, reflection, and mental clarity
ADU 8: Your daily walk felt slightly less fun, but it kept your energy steady
ADU 9: Overall these actions genuinely realize your stated values, though no single activity is necessary or sufficient alone, and small trade-offs occurred
ADU 10: This pattern shows your motives aligned with daily choices and care
ADU 11: Notice the steady kindness and energy you bring; it matters to family and community, and neighbors notice.",PREMISE,TRUE
E,8,6,Group aerobics and your community organisation gave social connection and clear purpose,PREMISE,11,6,"ADU 1: You kept showing up for things that matter this week
ADU 2: You return home smiling after group aerobics, shoes damp and towel over your shoulder
ADU 3: You pause on the porch after your walk and greet a neighbor with a warm word
ADU 4: You practiced your core values through steady daily choices and small acts
ADU 5: Caring for grandchildren showed love, patience, and family commitment every day
ADU 6 [TARGET]: Group aerobics and your community organisation gave social connection and clear purpose
ADU 7: Meditation and time in nature supported calm, reflection, and mental clarity
ADU 8: Your daily walk felt slightly less fun, but it kept your energy steady
ADU 9: Overall these actions genuinely realize your stated values, though no single activity is necessary or sufficient alone, and small trade-offs occurred
ADU 10: This pattern shows your motives aligned with daily choices and care
ADU 11: Notice the steady kindness and energy you bring; it matters to family and community, and neighbors notice.",PREMISE,TRUE
E,8,7,"Meditation and time in nature supported calm, reflection, and mental clarity",PREMISE,11,7,"ADU 1: You kept showing up for things that matter this week
ADU 2: You return home smiling after group aerobics, shoes damp and towel over your shoulder
ADU 3: You pause on the porch after your walk and greet a neighbor with a warm word
ADU 4: You practiced your core values through steady daily choices and small acts
ADU 5: Caring for grandchildren showed love, patience, and family commitment every day
ADU 6: Group aerobics and your community organisation gave social connection and clear purpose
ADU 7 [TARGET]: Meditation and time in nature supported calm, reflection, and mental clarity
ADU 8: Your daily walk felt slightly less fun, but it kept your energy steady
ADU 9: Overall these actions genuinely realize your stated values, though no single activity is necessary or sufficient alone, and small trade-offs occurred
ADU 10: This pattern shows your motives aligned with daily choices and care
ADU 11: Notice the steady kindness and energy you bring; it matters to family and community, and neighbors notice.",PREMISE,TRUE
E,8,8,"Your daily walk felt slightly less fun, but it kept your energy steady",PREMISE,11,8,"ADU 1: You kept showing up for things that matter this week
ADU 2: You return home smiling after group aerobics, shoes damp and towel over your shoulder
ADU 3: You pause on the porch after your walk and greet a neighbor with a warm word
ADU 4: You practiced your core values through steady daily choices and small acts
ADU 5: Caring for grandchildren showed love, patience, and family commitment every day
ADU 6: Group aerobics and your community organisation gave social connection and clear purpose
ADU 7: Meditation and time in nature supported calm, reflection, and mental clarity
ADU 8 [TARGET]: Your daily walk felt slightly less fun, but it kept your energy steady
ADU 9: Overall these actions genuinely realize your stated values, though no single activity is necessary or sufficient alone, and small trade-offs occurred
ADU 10: This pattern shows your motives aligned with daily choices and care
ADU 11: Notice the steady kindness and energy you bring; it matters to family and community, and neighbors notice.",PREMISE,TRUE
E,8,9,"Overall these actions genuinely realize your stated values, though no single activity is necessary or sufficient alone, and small trade-offs occurred",PREMISE,11,9,"ADU 1: You kept showing up for things that matter this week
ADU 2: You return home smiling after group aerobics, shoes damp and towel over your shoulder
ADU 3: You pause on the porch after your walk and greet a neighbor with a warm word
ADU 4: You practiced your core values through steady daily choices and small acts
ADU 5: Caring for grandchildren showed love, patience, and family commitment every day
ADU 6: Group aerobics and your community organisation gave social connection and clear purpose
ADU 7: Meditation and time in nature supported calm, reflection, and mental clarity
ADU 8: Your daily walk felt slightly less fun, but it kept your energy steady
ADU 9 [TARGET]: Overall these actions genuinely realize your stated values, though no single activity is necessary or sufficient alone, and small trade-offs occurred
ADU 10: This pattern shows your motives aligned with daily choices and care
ADU 11: Notice the steady kindness and energy you bring; it matters to family and community, and neighbors notice.",CLAIM,FALSE
E,8,10,This pattern shows your motives aligned with daily choices and care,CLAIM,11,10,"ADU 1: You kept showing up for things that matter this week
ADU 2: You return home smiling after group aerobics, shoes damp and towel over your shoulder
ADU 3: You pause on the porch after your walk and greet a neighbor with a warm word
ADU 4: You practiced your core values through steady daily choices and small acts
ADU 5: Caring for grandchildren showed love, patience, and family commitment every day
ADU 6: Group aerobics and your community organisation gave social connection and clear purpose
ADU 7: Meditation and time in nature supported calm, reflection, and mental clarity
ADU 8: Your daily walk felt slightly less fun, but it kept your energy steady
ADU 9: Overall these actions genuinely realize your stated values, though no single activity is necessary or sufficient alone, and small trade-offs occurred
ADU 10 [TARGET]: This pattern shows your motives aligned with daily choices and care
ADU 11: Notice the steady kindness and energy you bring; it matters to family and community, and neighbors notice.",CLAIM,TRUE
E,8,11,"Notice the steady kindness and energy you bring; it matters to family and community, and neighbors notice.",CLAIM,11,11,"ADU 1: You kept showing up for things that matter this week
ADU 2: You return home smiling after group aerobics, shoes damp and towel over your shoulder
ADU 3: You pause on the porch after your walk and greet a neighbor with a warm word
ADU 4: You practiced your core values through steady daily choices and small acts
ADU 5: Caring for grandchildren showed love, patience, and family commitment every day
ADU 6: Group aerobics and your community organisation gave social connection and clear purpose
ADU 7: Meditation and time in nature supported calm, reflection, and mental clarity
ADU 8: Your daily walk felt slightly less fun, but it kept your energy steady
ADU 9: Overall these actions genuinely realize your stated values, though no single activity is necessary or sufficient alone, and small trade-offs occurred
ADU 10: This pattern shows your motives aligned with daily choices and care
ADU 11 [TARGET]: Notice the steady kindness and energy you bring; it matters to family and community, and neighbors notice.",CLAIM,TRUE
