Unit ID,Condition,Persona,Story,Source unit,Atom,Atomic text,Argument label,AM label,Statement type,AM evidence,AM reason,In validation sample,Human reviewed,Human review label,Human corrected evidence/reason
A-A-01-001-01,A,A,1,1,1,You have been tending your garden with care each morning,PREMISE,GROUNDED,Personal factual assertion,Gardening: frequency once a week; importance 3/5; fun 4/5; motivation health/inspiration/meditative,Exact/profile-linked cue; verify scope and added details.,No,No,,
A-A-01-001-02,A,A,1,1,2,you notice small changes in plants,PREMISE,GROUNDED,Personal factual assertion,Gardening: frequency once a week; importance 3/5; fun 4/5; motivation health/inspiration/meditative,Exact/profile-linked cue; verify scope and added details.,No,No,,
A-A-01-002-01,A,A,1,2,1,That steady habit shows how much you value a calm life and steady routines that help you feel grounded,NONE,UNSUPPORTED,Personal factual assertion,"No matching activity, preference, relationship, frequency, motive, or experience was found in the matched profile.","No matching activity, preference, relationship, frequency, motive, or experience was found in the matched profile.",No,No,,
A-A-01-003-01,A,A,1,3,1,"Next week, pick small, safe activities you enjoy most",CLAIM,UNSUPPORTED,Recommendation,"No matching activity, preference, relationship, frequency, motive, or experience was found in the matched profile.","No matching activity, preference, relationship, frequency, motive, or experience was found in the matched profile.",No,No,,
A-A-01-004-01,A,A,1,4,1,Garden for thirty to forty minutes,CLAIM,GROUNDED,Recommendation,Gardening: frequency once a week; importance 3/5; fun 4/5; motivation health/inspiration/meditative,Exact/profile-linked cue; verify scope and added details.,No,No,,
A-A-01-005-01,A,A,1,5,1,"Sunlight, fresh air and mild chores lift your mood and energy",PREMISE,UNSUPPORTED,Personal factual assertion,"No matching activity, preference, relationship, frequency, motive, or experience was found in the matched profile.","No matching activity, preference, relationship, frequency, motive, or experience was found in the matched profile.",Yes,Yes,UNSUPPORTED,"No matching activity, preference, relationship, frequency, motive, or experience was found in the matched profile."
A-A-01-006-01,A,A,1,6,1,Go for a short walk on two days,CLAIM,GROUNDED,Recommendation,Go for a walk: frequency everyday; importance 4/5; fun 3/5; motivation physical health,Exact/profile-linked cue; verify scope and added details.,No,No,,
A-A-01-007-01,A,A,1,7,1,Movement clears your head and helps sleep,PREMISE,UNSUPPORTED,Personal factual assertion,"No matching activity, preference, relationship, frequency, motive, or experience was found in the matched profile.","No matching activity, preference, relationship, frequency, motive, or experience was found in the matched profile.",No,No,,
A-A-01-008-01,A,A,1,8,1,Call your children once or twice,CLAIM,GROUNDED,Recommendation,Call with children: frequency once a week; importance 5/5; fun 4/5; motivation family relationship,Exact/profile-linked cue; verify scope and added details.,No,No,,
A-A-01-009-01,A,A,1,9,1,That contact brings meaning and warmth,PREMISE,NOT_APPLICABLE,Narrative/rhetorical or general statement,No persona-checkable assertion,No persona-checkable assertion,No,No,,
A-A-01-010-01,A,A,1,10,1,Join the handicraft circle for a gentle social time,CLAIM,GROUNDED,Recommendation,Handicraft circle: frequency every other week; importance 3/5; fun 4/5; companion friend,Exact/profile-linked cue; verify scope and added details.,No,No,,
A-A-01-011-01,A,A,1,11,1,Friendly company feels nourishing,PREMISE,NOT_APPLICABLE,Narrative/rhetorical or general statement,No persona-checkable assertion,No persona-checkable assertion,No,No,,
A-A-01-012-01,A,A,1,12,1,Allow one relaxed evening with a film or book to rest without pressure,CLAIM,GROUNDED,Recommendation,TV or movies: frequency everyday; importance 3/5; fun 3/5; motivation rest/entertainment; Read books or news: frequency a few times per week; importance 4/5; fun 4/5; motivation recovery/emotional wellbeing,Exact/profile-linked cue; verify scope and added details.,No,No,,
A-A-01-013-01,A,A,1,13,1,"Plan garden days, two short walks, a midweek call, and one craft meet next week",CLAIM,GROUNDED,Recommendation,Go for a walk: frequency everyday; importance 4/5; fun 3/5; motivation physical health; Gardening: frequency once a week; importance 3/5; fun 4/5; motivation health/inspiration/meditative; Handicraft circle: frequency every other week; importance 3/5; fun 4/5; companion friend,Exact/profile-linked cue; verify scope and added details.,No,No,,
A-A-01-014-01,A,A,1,14,1,"Start small, track how you feel, and remember you can make the week happier and energizing.",CLAIM,UNSUPPORTED,Recommendation,"No matching activity, preference, relationship, frequency, motive, or experience was found in the matched profile.","No matching activity, preference, relationship, frequency, motive, or experience was found in the matched profile.",Yes,Yes,GROUNDED,"Persona has motives to improve health, doing fun and entertaining activities."
A-A-02-001-01,A,A,2,1,1,You are doing well keeping gentle routines and small everyday pleasures,NONE,UNSUPPORTED,Personal factual assertion,"No matching activity, preference, relationship, frequency, motive, or experience was found in the matched profile.","No matching activity, preference, relationship, frequency, motive, or experience was found in the matched profile.",No,No,,
A-A-02-002-01,A,A,2,2,1,"This morning you watered the geraniums, checked the news briefly, and made tea",PREMISE,GROUNDED,Personal factual assertion,Read books or news: frequency a few times per week; importance 4/5; fun 4/5; motivation recovery/emotional wellbeing,Exact/profile-linked cue; verify scope and added details.,No,No,,
A-A-02-003-01,A,A,2,3,1,That steady care shows resilience and good taste in comfort,NONE,NOT_APPLICABLE,Narrative/rhetorical or general statement,No persona-checkable assertion,No persona-checkable assertion,No,No,,
A-A-02-004-01,A,A,2,4,1,"Next week, pick two to three short activities each day to keep momentum",CLAIM,NOT_APPLICABLE,Narrative/rhetorical or general statement,No persona-checkable assertion,No persona-checkable assertion,No,No,,
A-A-02-005-01,A,A,2,5,1,Try gardening sessions in the morning,CLAIM,GROUNDED,Recommendation,Gardening: frequency once a week; importance 3/5; fun 4/5; motivation health/inspiration/meditative,Exact/profile-linked cue; verify scope and added details.,Yes,Yes,GROUNDED,Gardening: frequency once a week; importance 3/5; fun 4/5; motivation health/inspiration/meditative
A-A-02-006-01,A,A,2,6,1,Gentle movement and sunlight boost mood,PREMISE,NOT_APPLICABLE,Narrative/rhetorical or general statement,No persona-checkable assertion,No persona-checkable assertion,Yes,Yes,GROUNDED,walk: frequency everyday; importance 4/5; fun 3/5; motivation physical health
A-A-02-007-01,A,A,2,7,1,Take a walk with a friend or family member,CLAIM,GROUNDED,Recommendation,Go for a walk: frequency everyday; importance 4/5; fun 3/5; motivation physical health; Walk with friend/family: frequency once a week; importance 4/5; fun 3/5; companion friend/family,Exact/profile-linked cue; verify scope and added details.,No,No,,
A-A-02-008-01,A,A,2,8,1,Company lifts energy and joy,PREMISE,NOT_APPLICABLE,Narrative/rhetorical or general statement,No persona-checkable assertion,No persona-checkable assertion,No,No,,
A-A-02-009-01,A,A,2,9,1,Call your children,CLAIM,GROUNDED,Recommendation,Call with children: frequency once a week; importance 5/5; fun 4/5; motivation family relationship,Exact/profile-linked cue; verify scope and added details.,No,No,,
A-A-02-010-01,A,A,2,10,1,Those talks bring warmth and perspective,PREMISE,NOT_APPLICABLE,Narrative/rhetorical or general statement,No persona-checkable assertion,No persona-checkable assertion,No,No,,
A-A-02-011-01,A,A,2,11,1,Join the handicraft circle once,CLAIM,GROUNDED,Recommendation,Handicraft circle: frequency every other week; importance 3/5; fun 4/5; companion friend,Exact/profile-linked cue; verify scope and added details.,No,No,,
A-A-02-012-01,A,A,2,12,1,Hands-on work supports focus and social ties,PREMISE,NOT_APPLICABLE,Narrative/rhetorical or general statement,No persona-checkable assertion,No persona-checkable assertion,No,No,,
A-A-02-013-01,A,A,2,13,1,"If you need a quieter evening, relax with a favorite movie or book to unwind",CLAIM,GROUNDED,Personal factual assertion,TV or movies: frequency everyday; importance 3/5; fun 3/5; motivation rest/entertainment; Read books or news: frequency a few times per week; importance 4/5; fun 4/5; motivation recovery/emotional wellbeing,Exact/profile-linked cue; verify scope and added details.,No,No,,
A-A-02-014-01,A,A,2,14,1,"Plan three mornings of gardening, two walks, a call, one handicraft session, and a relaxing movie evening",CLAIM,GROUNDED,Recommendation,Go for a walk: frequency everyday; importance 4/5; fun 3/5; motivation physical health; Gardening: frequency once a week; importance 3/5; fun 4/5; motivation health/inspiration/meditative; TV or movies: frequency everyday; importance 3/5; fun 3/5; motivation rest/entertainment; Handicraft circle: frequency every other week; importance 3/5; fun 4/5; companion friend,Exact/profile-linked cue; verify scope and added details.,No,No,,
A-A-02-015-01,A,A,2,15,1,Keep every activity short and safe so each day feels pleasant and doable.,CLAIM,NOT_APPLICABLE,Narrative/rhetorical or general statement,No persona-checkable assertion,No persona-checkable assertion,No,No,,
A-A-03-001-01,A,A,3,1,1,"You handled a lot this week, Kim",NONE,UNSUPPORTED,Personal factual assertion,"No matching activity, preference, relationship, frequency, motive, or experience was found in the matched profile.","No matching activity, preference, relationship, frequency, motive, or experience was found in the matched profile.",No,No,,
A-A-03-001-02,A,A,3,1,2,that shows steadiness and care,NONE,NOT_APPLICABLE,Narrative/rhetorical or general statement,No persona-checkable assertion,No persona-checkable assertion,No,No,,
A-A-03-002-01,A,A,3,2,1,I picture you potting seedlings and later sitting with a cup of tea on the porch,PREMISE,GROUNDED,Personal factual assertion,Gardening: frequency once a week; importance 3/5; fun 4/5; motivation health/inspiration/meditative,Exact/profile-linked cue; verify scope and added details.,No,No,,
A-A-03-003-01,A,A,3,3,1,Those small efforts matter,NONE,NOT_APPLICABLE,Narrative/rhetorical or general statement,No persona-checkable assertion,No persona-checkable assertion,No,No,,
A-A-03-004-01,A,A,3,4,1,"Next week, try alternating active and restful days, keeping calls with your children and reading days as priorities",CLAIM,GROUNDED,Recommendation,Read books or news: frequency a few times per week; importance 4/5; fun 4/5; motivation recovery/emotional wellbeing; Call with children: frequency once a week; importance 5/5; fun 4/5; motivation family relationship,Exact/profile-linked cue; verify scope and added details.,No,No,,
A-A-03-005-01,A,A,3,5,1,They give connection and calm,PREMISE,NOT_APPLICABLE,Narrative/rhetorical or general statement,No persona-checkable assertion,No persona-checkable assertion,No,No,,
A-A-03-006-01,A,A,3,6,1,Include the handicraft circle once or twice,CLAIM,GROUNDED,Recommendation,Handicraft circle: frequency every other week; importance 3/5; fun 4/5; companion friend,Exact/profile-linked cue; verify scope and added details.,No,No,,
A-A-03-007-01,A,A,3,7,1,Gentle social time lifts mood without heavy exertion,PREMISE,NOT_APPLICABLE,Narrative/rhetorical or general statement,No persona-checkable assertion,No persona-checkable assertion,No,No,,
A-A-03-008-01,A,A,3,8,1,Spacing effort protects energy and reduces stress,PREMISE,NOT_APPLICABLE,Narrative/rhetorical or general statement,No persona-checkable assertion,No persona-checkable assertion,Yes,Yes,UNSUPPORTED,no activities specified 
A-A-03-008-02,A,A,3,8,2,short sessions and naps help recovery,PREMISE,NOT_APPLICABLE,Narrative/rhetorical or general statement,No persona-checkable assertion,No persona-checkable assertion,No,No,,
A-A-03-009-01,A,A,3,9,1,It may not be fully sufficient if your fatigue is high,PREMISE,UNSUPPORTED,Personal factual assertion,"No matching activity, preference, relationship, frequency, motive, or experience was found in the matched profile.","No matching activity, preference, relationship, frequency, motive, or experience was found in the matched profile.",No,No,,
A-A-03-010-01,A,A,3,10,1,Watch signs of tiredness and shorten sessions when needed,CLAIM,NOT_APPLICABLE,Narrative/rhetorical or general statement,No persona-checkable assertion,No persona-checkable assertion,No,No,,
A-A-03-011-01,A,A,3,11,1,"If social calls or long gardening sessions tire you, shorten them or substitute a quiet walk",CLAIM,GROUNDED,Personal factual assertion,Go for a walk: frequency everyday; importance 4/5; fun 3/5; motivation physical health; Gardening: frequency once a week; importance 3/5; fun 4/5; motivation health/inspiration/meditative,Exact/profile-linked cue; verify scope and added details.,No,No,,
A-A-03-012-01,A,A,3,12,1,"A simple plan could be: garden one day, call or read the next, then walk, then handicraft",CLAIM,GROUNDED,Recommendation,Go for a walk: frequency everyday; importance 4/5; fun 3/5; motivation physical health; Gardening: frequency once a week; importance 3/5; fun 4/5; motivation health/inspiration/meditative; Read books or news: frequency a few times per week; importance 4/5; fun 4/5; motivation recovery/emotional wellbeing; Handicraft circle: frequency every other week; importance 3/5; fun 4/5; companion friend,Exact/profile-linked cue; verify scope and added details.,No,No,,
A-A-03-013-01,A,A,3,13,1,Build in one full quiet recovery block midweek with no plans,CLAIM,NOT_APPLICABLE,Narrative/rhetorical or general statement,No persona-checkable assertion,No persona-checkable assertion,No,No,,
A-A-03-014-01,A,A,3,14,1,You are taking sensible steps,NONE,UNSUPPORTED,Personal factual assertion,"No matching activity, preference, relationship, frequency, motive, or experience was found in the matched profile.","No matching activity, preference, relationship, frequency, motive, or experience was found in the matched profile.",No,No,,
A-A-03-014-02,A,A,3,14,2,you can adjust with kindness.,NONE,UNSUPPORTED,Personal factual assertion,"No matching activity, preference, relationship, frequency, motive, or experience was found in the matched profile.","No matching activity, preference, relationship, frequency, motive, or experience was found in the matched profile.",No,No,,
A-A-04-001-01,A,A,4,1,1,You did well this week tending your garden and reading the news,NONE,GROUNDED,Personal factual assertion,Gardening: frequency once a week; importance 3/5; fun 4/5; motivation health/inspiration/meditative; Read books or news: frequency a few times per week; importance 4/5; fun 4/5; motivation recovery/emotional wellbeing,Exact/profile-linked cue; verify scope and added details.,No,No,,
A-A-04-002-01,A,A,4,2,1,I saw you pause on the bench with your cup in the afternoon,PREMISE,UNSUPPORTED,Personal factual assertion,"No matching activity, preference, relationship, frequency, motive, or experience was found in the matched profile.","No matching activity, preference, relationship, frequency, motive, or experience was found in the matched profile.",No,No,,
A-A-04-003-01,A,A,4,3,1,"You kept social contact and quiet time, despite feeling tired",NONE,UNSUPPORTED,Personal factual assertion,"No matching activity, preference, relationship, frequency, motive, or experience was found in the matched profile.","No matching activity, preference, relationship, frequency, motive, or experience was found in the matched profile.",No,No,,
A-A-04-004-01,A,A,4,4,1,"Next week, aim for a lighter routine and check your energy regularly",CLAIM,UNSUPPORTED,Recommendation,"No matching activity, preference, relationship, frequency, motive, or experience was found in the matched profile.","No matching activity, preference, relationship, frequency, motive, or experience was found in the matched profile.",No,No,,
A-A-04-005-01,A,A,4,5,1,Call your children once midweek,CLAIM,GROUNDED,Recommendation,Call with children: frequency once a week; importance 5/5; fun 4/5; motivation family relationship,Exact/profile-linked cue; verify scope and added details.,No,No,,
A-A-04-006-01,A,A,4,6,1,That connection matters and lifts your mood,PREMISE,UNSUPPORTED,Personal factual assertion,"No matching activity, preference, relationship, frequency, motive, or experience was found in the matched profile.","No matching activity, preference, relationship, frequency, motive, or experience was found in the matched profile.",Yes,Yes,UNSUPPORTED,"No matching activity, preference, relationship, frequency, motive, or experience was found in the matched profile."
A-A-04-007-01,A,A,4,7,1,Read or watch news and a book,CLAIM,GROUNDED,Recommendation,Read books or news: frequency a few times per week; importance 4/5; fun 4/5; motivation recovery/emotional wellbeing,Exact/profile-linked cue; verify scope and added details.,No,No,,
A-A-04-008-01,A,A,4,8,1,They calm you and reduce rumination,PREMISE,UNSUPPORTED,Personal factual assertion,"No matching activity, preference, relationship, frequency, motive, or experience was found in the matched profile.","No matching activity, preference, relationship, frequency, motive, or experience was found in the matched profile.",No,No,,
A-A-04-009-01,A,A,4,9,1,Take a short walk or meet a friend twice for movement and fresh air,CLAIM,GROUNDED,Recommendation,Go for a walk: frequency everyday; importance 4/5; fun 3/5; motivation physical health,Exact/profile-linked cue; verify scope and added details.,No,No,,
A-A-04-010-01,A,A,4,10,1,"Try the handicraft circle once as a gentle social slot, if it feels appealing",CLAIM,GROUNDED,Recommendation,Handicraft circle: frequency every other week; importance 3/5; fun 4/5; companion friend,Exact/profile-linked cue; verify scope and added details.,Yes,Yes,GROUNDED,Handicraft circle: frequency every other week; importance 3/5; fun 4/5; companion friend
A-A-04-011-01,A,A,4,11,1,Alternating days can help,PREMISE,NOT_APPLICABLE,Narrative/rhetorical or general statement,No persona-checkable assertion,No persona-checkable assertion,No,No,,
A-A-04-011-02,A,A,4,11,2,rest links to less stress,PREMISE,NOT_APPLICABLE,Narrative/rhetorical or general statement,No persona-checkable assertion,No persona-checkable assertion,No,No,,
A-A-04-012-01,A,A,4,12,1,Watch fatigue and shorten sessions,CLAIM,NOT_APPLICABLE,Narrative/rhetorical or general statement,No persona-checkable assertion,No persona-checkable assertion,No,No,,
A-A-04-013-01,A,A,4,13,1,"Plan three activity blocks across the week, with one quiet recovery block",CLAIM,NOT_APPLICABLE,Narrative/rhetorical or general statement,No persona-checkable assertion,No persona-checkable assertion,No,No,,
A-A-04-014-01,A,A,4,14,1,"Start Monday with gardening or reading, then pace yourself gently each day",CLAIM,GROUNDED,Recommendation,Gardening: frequency once a week; importance 3/5; fun 4/5; motivation health/inspiration/meditative; Read books or news: frequency a few times per week; importance 4/5; fun 4/5; motivation recovery/emotional wellbeing,Exact/profile-linked cue; verify scope and added details.,No,No,,
A-A-04-015-01,A,A,4,15,1,"If alternating days feels strict, mix shorter activities into the same day.",CLAIM,NOT_APPLICABLE,Narrative/rhetorical or general statement,No persona-checkable assertion,No persona-checkable assertion,No,No,,
A-A-05-001-01,A,A,5,1,1,You did a lot this week,NONE,UNSUPPORTED,Personal factual assertion,"No matching activity, preference, relationship, frequency, motive, or experience was found in the matched profile.","No matching activity, preference, relationship, frequency, motive, or experience was found in the matched profile.",No,No,,
A-A-05-001-02,A,A,5,1,2,that matters,NONE,NOT_APPLICABLE,Narrative/rhetorical or general statement,No persona-checkable assertion,No persona-checkable assertion,No,No,,
A-A-05-002-01,A,A,5,2,1,You watered your garden while the morning light warmed your hands and you smelled very fresh soil,PREMISE,GROUNDED,Personal factual assertion,Gardening: frequency once a week; importance 3/5; fun 4/5; motivation health/inspiration/meditative,Exact/profile-linked cue; verify scope and added details.,No,No,,
A-A-05-003-01,A,A,5,3,1,You also took a slow walk and paused to notice birds,PREMISE,GROUNDED,Personal factual assertion,Go for a walk: frequency everyday; importance 4/5; fun 3/5; motivation physical health,Exact/profile-linked cue; verify scope and added details.,No,No,,
A-A-05-004-01,A,A,5,4,1,"Your records show gardening, walks, the handicraft circle, calls, and quiet reading",PREMISE,GROUNDED,Personal factual assertion,Go for a walk: frequency everyday; importance 4/5; fun 3/5; motivation physical health; Gardening: frequency once a week; importance 3/5; fun 4/5; motivation health/inspiration/meditative; Read books or news: frequency a few times per week; importance 4/5; fun 4/5; motivation recovery/emotional wellbeing; Handicraft circle: frequency every other week; importance 3/5; fun 4/5; companion friend,Exact/profile-linked cue; verify scope and added details.,No,No,,
A-A-05-005-01,A,A,5,5,1,"The record says many activities happened once a week, and some happened more often during the week",PREMISE,NOT_APPLICABLE,Narrative/rhetorical or general statement,No persona-checkable assertion,No persona-checkable assertion,No,No,,
A-A-05-006-01,A,A,5,6,1,You called your children once,PREMISE,GROUNDED,Personal factual assertion,Call with children: frequency once a week; importance 5/5; fun 4/5; motivation family relationship,Exact/profile-linked cue; verify scope and added details.,Yes,Yes,GROUNDED,call with children: frequency once a week; importance 5/5; fun 4/5; motivation family relationship
A-A-05-006-02,A,A,5,6,2,you rated that call very important,PREMISE,UNSUPPORTED,Personal factual assertion,"No matching activity, preference, relationship, frequency, motive, or experience was found in the matched profile.","No matching activity, preference, relationship, frequency, motive, or experience was found in the matched profile.",No,No,,
A-A-05-007-01,A,A,5,7,1,Reading and catching up on the news happened several times and helped you stay informed,PREMISE,GROUNDED,Personal factual assertion,Read books or news: frequency a few times per week; importance 4/5; fun 4/5; motivation recovery/emotional wellbeing,Exact/profile-linked cue; verify scope and added details.,Yes,Yes,GROUNDED,Read books or news: frequency a few times per week; importance 4/5; fun 4/5; motivation recovery/emotional wellbeing
A-A-05-008-01,A,A,5,8,1,Walks and the handicraft circle gave steady social and physical care,PREMISE,GROUNDED,Personal factual assertion,Go for a walk: frequency everyday; importance 4/5; fun 3/5; motivation physical health; Handicraft circle: frequency every other week; importance 3/5; fun 4/5; companion friend,Exact/profile-linked cue; verify scope and added details.,No,No,,
A-A-05-009-01,A,A,5,9,1,Relaxing with TV or a movie gave you rest and simple enjoyment after busy days,PREMISE,GROUNDED,Personal factual assertion,TV or movies: frequency everyday; importance 3/5; fun 3/5; motivation rest/entertainment,Exact/profile-linked cue; verify scope and added details.,No,No,,
A-A-05-010-01,A,A,5,10,1,"Taken together, these moments make it indeed plausible you did something important last week",CLAIM,UNSUPPORTED,Personal factual assertion,"No matching activity, preference, relationship, frequency, motive, or experience was found in the matched profile.","No matching activity, preference, relationship, frequency, motive, or experience was found in the matched profile.",No,No,,
A-A-05-011-01,A,A,5,11,1,The records are in a good position to know,PREMISE,NOT_APPLICABLE,Narrative/rhetorical or general statement,No persona-checkable assertion,No persona-checkable assertion,No,No,,
A-A-05-011-02,A,A,5,11,2,they match what you remember.,PREMISE,UNSUPPORTED,Personal factual assertion,"No matching activity, preference, relationship, frequency, motive, or experience was found in the matched profile.","No matching activity, preference, relationship, frequency, motive, or experience was found in the matched profile.",No,No,,
A-A-06-001-01,A,A,6,1,1,"You did more than you realize this week, Kim",NONE,UNSUPPORTED,Personal factual assertion,"No matching activity, preference, relationship, frequency, motive, or experience was found in the matched profile.","No matching activity, preference, relationship, frequency, motive, or experience was found in the matched profile.",No,No,,
A-A-06-002-01,A,A,6,2,1,You watered the roses and paused to enjoy their scent,PREMISE,UNSUPPORTED,Personal factual assertion,"No matching activity, preference, relationship, frequency, motive, or experience was found in the matched profile.","No matching activity, preference, relationship, frequency, motive, or experience was found in the matched profile.",No,No,,
A-A-06-003-01,A,A,6,3,1,You also took a gentle walk and said hello to a neighbor,PREMISE,GROUNDED,Personal factual assertion,Go for a walk: frequency everyday; importance 4/5; fun 3/5; motivation physical health,Exact/profile-linked cue; verify scope and added details.,No,No,,
A-A-06-004-01,A,A,6,4,1,Your activity records reliably show these events happened once this week,PREMISE,UNSUPPORTED,Personal factual assertion,"No matching activity, preference, relationship, frequency, motive, or experience was found in the matched profile.","No matching activity, preference, relationship, frequency, motive, or experience was found in the matched profile.",No,No,,
A-A-06-005-01,A,A,6,5,1,You called your children,PREMISE,GROUNDED,Personal factual assertion,Call with children: frequency once a week; importance 5/5; fun 4/5; motivation family relationship,Exact/profile-linked cue; verify scope and added details.,No,No,,
A-A-06-005-02,A,A,6,5,2,you rated that activity importance five stars,PREMISE,UNSUPPORTED,Personal factual assertion,"No matching activity, preference, relationship, frequency, motive, or experience was found in the matched profile.","No matching activity, preference, relationship, frequency, motive, or experience was found in the matched profile.",Yes,Yes,UNSUPPORTED,which activity
A-A-06-006-01,A,A,6,6,1,"You spent quiet time reading news and books, rated importance four",PREMISE,GROUNDED,Personal factual assertion,Read books or news: frequency a few times per week; importance 4/5; fun 4/5; motivation recovery/emotional wellbeing,Exact/profile-linked cue; verify scope and added details.,No,No,,
A-A-06-007-01,A,A,6,7,1,You also joined a handicraft circle once during the week with friends,PREMISE,GROUNDED,Personal factual assertion,Handicraft circle: frequency every other week; importance 3/5; fun 4/5; companion friend,Exact/profile-linked cue; verify scope and added details.,No,No,,
A-A-06-008-01,A,A,6,8,1,The records are consistent and show no clear contradiction,PREMISE,NOT_APPLICABLE,Narrative/rhetorical or general statement,No persona-checkable assertion,No persona-checkable assertion,No,No,,
A-A-06-009-01,A,A,6,9,1,"Therefore, it is plausible that you did something important last week",CLAIM,UNSUPPORTED,Personal factual assertion,"No matching activity, preference, relationship, frequency, motive, or experience was found in the matched profile.","No matching activity, preference, relationship, frequency, motive, or experience was found in the matched profile.",No,No,,
A-A-06-010-01,A,A,6,10,1,"You can notice that caring calls, quiet reading, walks, gardening",PREMISE,GROUNDED,Personal factual assertion,Go for a walk: frequency everyday; importance 4/5; fun 3/5; motivation physical health; Gardening: frequency once a week; importance 3/5; fun 4/5; motivation health/inspiration/meditative; Read books or news: frequency a few times per week; importance 4/5; fun 4/5; motivation recovery/emotional wellbeing,Exact/profile-linked cue; verify scope and added details.,No,No,,
A-A-06-010-02,A,A,6,10,2,"your handicraft time all added value to others and yourself, showing presence, connection, and steady kindness across the week",PREMISE,GROUNDED,Personal factual assertion,Handicraft circle: frequency every other week; importance 3/5; fun 4/5; companion friend,Exact/profile-linked cue; verify scope and added details.,No,No,,
A-A-06-011-01,A,A,6,11,1,This pattern matters,CLAIM,NOT_APPLICABLE,Narrative/rhetorical or general statement,No persona-checkable assertion,No persona-checkable assertion,Yes,Yes,NOT_APPLICABLE,No persona-checkable assertion
A-A-06-012-01,A,A,6,12,1,"Those steady small actions build relationships, calm, and personal meaning even when they feel ordinary",PREMISE,NOT_APPLICABLE,Narrative/rhetorical or general statement,No persona-checkable assertion,No persona-checkable assertion,No,No,,
A-A-06-012-02,A,A,6,12,2,they remind you of the values you live by each day,PREMISE,UNSUPPORTED,Personal factual assertion,"No matching activity, preference, relationship, frequency, motive, or experience was found in the matched profile.","No matching activity, preference, relationship, frequency, motive, or experience was found in the matched profile.",No,No,,
A-A-07-001-01,A,A,7,1,1,"Good work this week, Kim",NONE,NOT_APPLICABLE,Narrative/rhetorical or general statement,No persona-checkable assertion,No persona-checkable assertion,No,No,,
A-A-07-002-01,A,A,7,2,1,"You spent a quiet morning tending the garden, planting seedlings, pruning roses, and watering pots by hand",PREMISE,GROUNDED,Personal factual assertion,Gardening: frequency once a week; importance 3/5; fun 4/5; motivation health/inspiration/meditative,Exact/profile-linked cue; verify scope and added details.,No,No,,
A-A-07-003-01,A,A,7,3,1,"That small scene shows steady care, patience, and attention",NONE,NOT_APPLICABLE,Narrative/rhetorical or general statement,No persona-checkable assertion,No persona-checkable assertion,No,No,,
A-A-07-004-01,A,A,7,4,1,"You kept to activities reflecting values you hold and respect, with steady choices each week",NONE,UNSUPPORTED,Personal factual assertion,"No matching activity, preference, relationship, frequency, motive, or experience was found in the matched profile.","No matching activity, preference, relationship, frequency, motive, or experience was found in the matched profile.",Yes,Yes,UNSUPPORTED,"No matching activity, preference, relationship, frequency, motive, or experience was found in the matched profile."
A-A-07-005-01,A,A,7,5,1,"Gardening, daily walks, reading news",NONE,GROUNDED,Personal factual assertion,Go for a walk: frequency everyday; importance 4/5; fun 3/5; motivation physical health; Gardening: frequency once a week; importance 3/5; fun 4/5; motivation health/inspiration/meditative; Read books or news: frequency a few times per week; importance 4/5; fun 4/5; motivation recovery/emotional wellbeing,Exact/profile-linked cue; verify scope and added details.,Yes,Yes,GROUNDED,"Gardening: frequency once a week; importance 3/5; fun 4/5; motivation health/inspiration/meditative, all are present in persona"
A-A-07-005-02,A,A,7,5,2,"your handicraft circle showed creativity, calm, curiosity, and social engagement",NONE,GROUNDED,Personal factual assertion,Handicraft circle: frequency every other week; importance 3/5; fun 4/5; companion friend,Exact/profile-linked cue; verify scope and added details.,No,No,,
A-A-07-006-01,A,A,7,6,1,"The weekly call with your children was especially powerful for connection, warmth, and mutual support",PREMISE,GROUNDED,Personal factual assertion,Call with children: frequency once a week; importance 5/5; fun 4/5; motivation family relationship,Exact/profile-linked cue; verify scope and added details.,No,No,,
A-A-07-007-01,A,A,7,7,1,"Walks with a friend and family member supported your physical health, companionship, and mood",PREMISE,GROUNDED,Personal factual assertion,Go for a walk: frequency everyday; importance 4/5; fun 3/5; motivation physical health,Exact/profile-linked cue; verify scope and added details.,No,No,,
A-A-07-008-01,A,A,7,8,1,Relaxing with TV and movies felt lighter,PREMISE,GROUNDED,Personal factual assertion,TV or movies: frequency everyday; importance 3/5; fun 3/5; motivation rest/entertainment,Exact/profile-linked cue; verify scope and added details.,No,No,,
A-A-07-008-02,A,A,7,8,2,it helped you recover energy and unwind,PREMISE,UNSUPPORTED,Personal factual assertion,"No matching activity, preference, relationship, frequency, motive, or experience was found in the matched profile.","No matching activity, preference, relationship, frequency, motive, or experience was found in the matched profile.",No,No,,
A-A-07-009-01,A,A,7,9,1,"These choices mostly promote your goals, though they do not address every possible value or need",PREMISE,UNSUPPORTED,Personal factual assertion,"No matching activity, preference, relationship, frequency, motive, or experience was found in the matched profile.","No matching activity, preference, relationship, frequency, motive, or experience was found in the matched profile.",No,No,,
A-A-07-010-01,A,A,7,10,1,"This pattern shows you acted in line with your stated values, not by accident",CLAIM,UNSUPPORTED,Personal factual assertion,"No matching activity, preference, relationship, frequency, motive, or experience was found in the matched profile.","No matching activity, preference, relationship, frequency, motive, or experience was found in the matched profile.",No,No,,
A-A-07-011-01,A,A,7,11,1,"It matters that you prioritized connection, creativity, learning, and rest this week.",NONE,UNSUPPORTED,Personal factual assertion,"No matching activity, preference, relationship, frequency, motive, or experience was found in the matched profile.","No matching activity, preference, relationship, frequency, motive, or experience was found in the matched profile.",No,No,,
A-A-08-001-01,A,A,8,1,1,Nice work this week,NONE,NOT_APPLICABLE,Narrative/rhetorical or general statement,No persona-checkable assertion,No persona-checkable assertion,No,No,,
A-A-08-002-01,A,A,8,2,1,"You knelt by the raised beds, sleeves damp",NONE,UNSUPPORTED,Personal factual assertion,"No matching activity, preference, relationship, frequency, motive, or experience was found in the matched profile.","No matching activity, preference, relationship, frequency, motive, or experience was found in the matched profile.",Yes,Yes,UNSUPPORTED,not in persona
A-A-08-003-01,A,A,8,3,1,You answered the phone and smiled at your children's voices,PREMISE,GROUNDED,Personal factual assertion,Call with children: frequency once a week; importance 5/5; fun 4/5; motivation family relationship,Exact/profile-linked cue; verify scope and added details.,No,No,,
A-A-08-004-01,A,A,8,4,1,"You gardened, walked, and relaxed with books and good films several times",PREMISE,GROUNDED,Personal factual assertion,Go for a walk: frequency everyday; importance 4/5; fun 3/5; motivation physical health; Gardening: frequency once a week; importance 3/5; fun 4/5; motivation health/inspiration/meditative; TV or movies: frequency everyday; importance 3/5; fun 3/5; motivation rest/entertainment; Read books or news: frequency a few times per week; importance 4/5; fun 4/5; motivation recovery/emotional wellbeing,Exact/profile-linked cue; verify scope and added details.,No,No,,
A-A-08-005-01,A,A,8,5,1,"You called your children once this week, as planned, and spoke warmly",PREMISE,GROUNDED,Personal factual assertion,Call with children: frequency once a week; importance 5/5; fun 4/5; motivation family relationship,Exact/profile-linked cue; verify scope and added details.,Yes,Yes,GROUNDED,Call with children: frequency once a week; importance 5/5; fun 4/5; motivation family relationship
A-A-08-006-01,A,A,8,6,1,Those calls felt important and matched your family value clearly,PREMISE,UNSUPPORTED,Personal factual assertion,"No matching activity, preference, relationship, frequency, motive, or experience was found in the matched profile.","No matching activity, preference, relationship, frequency, motive, or experience was found in the matched profile.",No,No,,
A-A-08-007-01,A,A,8,7,1,"Once-a-week contact advanced that goal, eased worry, and reminded you of what matters",PREMISE,UNSUPPORTED,Personal factual assertion,"No matching activity, preference, relationship, frequency, motive, or experience was found in the matched profile.","No matching activity, preference, relationship, frequency, motive, or experience was found in the matched profile.",No,No,,
A-A-08-008-01,A,A,8,8,1,"Walks, reading, and visits promoted steady health, learning, companionship, and joy",PREMISE,GROUNDED,Personal factual assertion,Go for a walk: frequency everyday; importance 4/5; fun 3/5; motivation physical health; Read books or news: frequency a few times per week; importance 4/5; fun 4/5; motivation recovery/emotional wellbeing,Exact/profile-linked cue; verify scope and added details.,No,No,,
A-A-08-009-01,A,A,8,9,1,"TV rest sometimes felt passive, yet it genuinely helped calm and recovery",PREMISE,GROUNDED,Personal factual assertion,TV or movies: frequency everyday; importance 3/5; fun 3/5; motivation rest/entertainment,Exact/profile-linked cue; verify scope and added details.,No,No,,
A-A-08-009-02,A,A,8,9,2,"the handicraft circle was lower priority but still offered creativity, social contact, and purpose",PREMISE,GROUNDED,Personal factual assertion,Handicraft circle: frequency every other week; importance 3/5; fun 4/5; companion friend,Exact/profile-linked cue; verify scope and added details.,No,No,,
A-A-08-010-01,A,A,8,10,1,"Together, these activities show your motives guided real choices this month",CLAIM,UNSUPPORTED,Personal factual assertion,"No matching activity, preference, relationship, frequency, motive, or experience was found in the matched profile.","No matching activity, preference, relationship, frequency, motive, or experience was found in the matched profile.",No,No,,
A-A-08-011-01,A,A,8,11,1,"You mostly acted in line with your values, with honest limits and small tensions",CLAIM,UNSUPPORTED,Personal factual assertion,"No matching activity, preference, relationship, frequency, motive, or experience was found in the matched profile.","No matching activity, preference, relationship, frequency, motive, or experience was found in the matched profile.",No,No,,
A-A-08-012-01,A,A,8,12,1,That matters,CLAIM,NOT_APPLICABLE,Narrative/rhetorical or general statement,No persona-checkable assertion,No persona-checkable assertion,No,No,,
A-A-08-012-02,A,A,8,12,2,be gentle with yourself and notice the alignment daily.,CLAIM,NOT_APPLICABLE,Narrative/rhetorical or general statement,No persona-checkable assertion,No persona-checkable assertion,No,No,,
A-B-01-001-01,A,B,1,1,1,You have been active and stayed close to family lately,PREMISE,UNSUPPORTED,Personal factual assertion,"No matching activity, preference, relationship, frequency, motive, or experience was found in the matched profile.","No matching activity, preference, relationship, frequency, motive, or experience was found in the matched profile.",No,No,,
A-B-01-002-01,A,B,1,2,1,"This morning you locked your bike after a calm ride to the store, smiling at a neighbour",PREMISE,GROUNDED,Personal factual assertion,Cycle to the store: frequency a few times per week; importance 4/5; fun 3/5; motivation health/energy/social contact; Meet neighbours: frequency a few times per week; importance 3/5; fun 4/5; companion friend,Exact/profile-linked cue; verify scope and added details.,No,No,,
A-B-01-003-01,A,B,1,3,1,That steady effort shows you care about feeling well and connection,NONE,UNSUPPORTED,Personal factual assertion,"No matching activity, preference, relationship, frequency, motive, or experience was found in the matched profile.","No matching activity, preference, relationship, frequency, motive, or experience was found in the matched profile.",No,No,,
A-B-01-004-01,A,B,1,4,1,"Next week, pick a few small activities you enjoy regularly and feel comfortable doing",CLAIM,UNSUPPORTED,Recommendation,"No matching activity, preference, relationship, frequency, motive, or experience was found in the matched profile.","No matching activity, preference, relationship, frequency, motive, or experience was found in the matched profile.",Yes,Yes,UNSUPPORTED,"No matching activity, preference, relationship, frequency, motive, or experience was found in the matched profile."
A-B-01-005-01,A,B,1,5,1,Cycle to the store on two afternoons,CLAIM,GROUNDED,Recommendation,Cycle to the store: frequency a few times per week; importance 4/5; fun 3/5; motivation health/energy/social contact,Exact/profile-linked cue; verify scope and added details.,No,No,,
A-B-01-006-01,A,B,1,6,1,Fresh air improves mood and it is easy to manage,PREMISE,NOT_APPLICABLE,Narrative/rhetorical or general statement,No persona-checkable assertion,No persona-checkable assertion,No,No,,
A-B-01-007-01,A,B,1,7,1,Go to the gym for short sessions three times,CLAIM,GROUNDED,Recommendation,Exercise in the gym: frequency once a week; importance 4/5; fun 2/5; motivation pain reduction/health/outcome,Exact/profile-linked cue; verify scope and added details.,Yes,Yes,GROUNDED,Exercise in the gym: frequency once a week; importance 4/5; fun 2/5; motivation pain reduction/health/outcome
A-B-01-008-01,A,B,1,8,1,Movement raises energy and keeps joints flexible,PREMISE,NOT_APPLICABLE,Narrative/rhetorical or general statement,No persona-checkable assertion,No persona-checkable assertion,No,No,,
A-B-01-009-01,A,B,1,9,1,Have one quiet dinner with your partner,CLAIM,GROUNDED,Recommendation,Dinner with partner: frequency everyday; importance 5/5; fun 4/5; motivation family relationship,Exact/profile-linked cue; verify scope and added details.,No,No,,
A-B-01-010-01,A,B,1,10,1,Shared time matters and helps you relax,PREMISE,UNSUPPORTED,Personal factual assertion,"No matching activity, preference, relationship, frequency, motive, or experience was found in the matched profile.","No matching activity, preference, relationship, frequency, motive, or experience was found in the matched profile.",No,No,,
A-B-01-011-01,A,B,1,11,1,Listen to a favourite podcast during a walk,CLAIM,GROUNDED,Recommendation,Listen to podcasts: frequency a few times per week; importance 3/5; fun 4/5; motivation recovery/emotional wellbeing,Exact/profile-linked cue; verify scope and added details.,No,No,,
A-B-01-012-01,A,B,1,12,1,It keeps you engaged and gives pleasant company,PREMISE,UNSUPPORTED,Personal factual assertion,"No matching activity, preference, relationship, frequency, motive, or experience was found in the matched profile.","No matching activity, preference, relationship, frequency, motive, or experience was found in the matched profile.",No,No,,
A-B-01-013-01,A,B,1,13,1,Play with grandchildren briefly and safely,CLAIM,GROUNDED,Recommendation,Play with grandchildren: frequency every other week; importance 5/5; fun 5/5; motivation family/energy,Exact/profile-linked cue; verify scope and added details.,No,No,,
A-B-01-014-01,A,B,1,14,1,Small joy restores spirit and creates warm memories,PREMISE,NOT_APPLICABLE,Narrative/rhetorical or general statement,No persona-checkable assertion,No persona-checkable assertion,No,No,,
A-B-01-015-01,A,B,1,15,1,"Plan two bike trips, three gym visits, and one shared dinner spread through the week",CLAIM,GROUNDED,Recommendation,Cycle to the store: frequency a few times per week; importance 4/5; fun 3/5; motivation health/energy/social contact; Exercise in the gym: frequency once a week; importance 4/5; fun 2/5; motivation pain reduction/health/outcome,Exact/profile-linked cue; verify scope and added details.,No,No,,
A-B-01-016-01,A,B,1,16,1,Add a short phone call with your mother and a grandchild visit on days that feel right,CLAIM,GROUNDED,Personal factual assertion,Play with grandchildren: frequency every other week; importance 5/5; fun 5/5; motivation family/energy,Exact/profile-linked cue; verify scope and added details.,No,No,,
A-B-01-017-01,A,B,1,17,1,"Small, safe steps each day will help make next week happier and more energizing too.",PREMISE,NOT_APPLICABLE,Narrative/rhetorical or general statement,No persona-checkable assertion,No persona-checkable assertion,No,No,,
A-B-02-001-01,A,B,2,1,1,You already make good choices every day,NONE,UNSUPPORTED,Personal factual assertion,"No matching activity, preference, relationship, frequency, motive, or experience was found in the matched profile.","No matching activity, preference, relationship, frequency, motive, or experience was found in the matched profile.",No,No,,
A-B-02-002-01,A,B,2,2,1,"This morning you locked your bike and smiled at the clear air, then listened to a short podcast on the way home",PREMISE,GROUNDED,Personal factual assertion,Cycle to the store: frequency a few times per week; importance 4/5; fun 3/5; motivation health/energy/social contact; Listen to podcasts: frequency a few times per week; importance 3/5; fun 4/5; motivation recovery/emotional wellbeing,Exact/profile-linked cue; verify scope and added details.,No,No,,
A-B-02-003-01,A,B,2,3,1,You notice small wins every day,PREMISE,UNSUPPORTED,Personal factual assertion,"No matching activity, preference, relationship, frequency, motive, or experience was found in the matched profile.","No matching activity, preference, relationship, frequency, motive, or experience was found in the matched profile.",No,No,,
A-B-02-004-01,A,B,2,4,1,"Next week, focus on small, manageable pleasures each day",CLAIM,NOT_APPLICABLE,Narrative/rhetorical or general statement,No persona-checkable assertion,No persona-checkable assertion,No,No,,
A-B-02-005-01,A,B,2,5,1,Start with two short gym sessions,CLAIM,GROUNDED,Recommendation,Exercise in the gym: frequency once a week; importance 4/5; fun 2/5; motivation pain reduction/health/outcome,Exact/profile-linked cue; verify scope and added details.,No,No,,
A-B-02-006-01,A,B,2,6,1,Movement reliably lifts energy and mood,PREMISE,NOT_APPLICABLE,Narrative/rhetorical or general statement,No persona-checkable assertion,No persona-checkable assertion,No,No,,
A-B-02-007-01,A,B,2,7,1,Cycle to the store a few times,CLAIM,GROUNDED,Recommendation,Cycle to the store: frequency a few times per week; importance 4/5; fun 3/5; motivation health/energy/social contact,Exact/profile-linked cue; verify scope and added details.,No,No,,
A-B-02-008-01,A,B,2,8,1,Fresh air and light activity clear your mind,PREMISE,UNSUPPORTED,Personal factual assertion,"No matching activity, preference, relationship, frequency, motive, or experience was found in the matched profile.","No matching activity, preference, relationship, frequency, motive, or experience was found in the matched profile.",No,No,,
A-B-02-009-01,A,B,2,9,1,Plan one relaxed dinner with your partner,CLAIM,GROUNDED,Recommendation,Dinner with partner: frequency everyday; importance 5/5; fun 4/5; motivation family relationship,Exact/profile-linked cue; verify scope and added details.,No,No,,
A-B-02-010-01,A,B,2,10,1,Steady connection matters more than perfect plans,PREMISE,NOT_APPLICABLE,Narrative/rhetorical or general statement,No persona-checkable assertion,No persona-checkable assertion,No,No,,
A-B-02-011-01,A,B,2,11,1,Play with your grandchildren briefly,CLAIM,GROUNDED,Recommendation,Play with grandchildren: frequency every other week; importance 5/5; fun 5/5; motivation family/energy,Exact/profile-linked cue; verify scope and added details.,Yes,Yes,GROUNDED,play with grandchildren: frequency every other week; importance 5/5; fun 5/5; motivation family/energy
A-B-02-012-01,A,B,2,12,1,Small visits bring joy without tiring you,PREMISE,UNSUPPORTED,Personal factual assertion,"No matching activity, preference, relationship, frequency, motive, or experience was found in the matched profile.","No matching activity, preference, relationship, frequency, motive, or experience was found in the matched profile.",No,No,,
A-B-02-013-01,A,B,2,13,1,Greet neighbours when you can,CLAIM,GROUNDED,Personal factual assertion,Meet neighbours: frequency a few times per week; importance 3/5; fun 4/5; companion friend,Exact/profile-linked cue; verify scope and added details.,No,No,,
A-B-02-014-01,A,B,2,14,1,Friendly moments add gentle social support,PREMISE,NOT_APPLICABLE,Narrative/rhetorical or general statement,No persona-checkable assertion,No persona-checkable assertion,No,No,,
A-B-02-015-01,A,B,2,15,1,"Book two gym sessions, two bike errands, and one partner dinner across the week",CLAIM,GROUNDED,Recommendation,Cycle to the store: frequency a few times per week; importance 4/5; fun 3/5; motivation health/energy/social contact; Exercise in the gym: frequency once a week; importance 4/5; fun 2/5; motivation pain reduction/health/outcome; Dinner with partner: frequency everyday; importance 5/5; fun 4/5; motivation family relationship,Exact/profile-linked cue; verify scope and added details.,No,No,,
A-B-02-016-01,A,B,2,16,1,"Call your mother midweek, and allow short grandchild visits on the weekend",CLAIM,GROUNDED,Recommendation,Phone mother: frequency a few times per week; importance 4/5; fun 3/5; motivation family relationship; Play with grandchildren: frequency every other week; importance 5/5; fun 5/5; motivation family/energy,Exact/profile-linked cue; verify scope and added details.,No,No,,
A-B-02-016-02,A,B,2,16,2,rest on other days,CLAIM,NOT_APPLICABLE,Narrative/rhetorical or general statement,No persona-checkable assertion,No persona-checkable assertion,No,No,,
A-B-02-017-01,A,B,2,17,1,"You're taking thoughtful steps toward a happier, energizing week.",NONE,UNSUPPORTED,Personal factual assertion,"No matching activity, preference, relationship, frequency, motive, or experience was found in the matched profile.","No matching activity, preference, relationship, frequency, motive, or experience was found in the matched profile.",No,No,,
A-B-03-001-01,A,B,3,1,1,You are doing a good job keeping up with things,NONE,UNSUPPORTED,Personal factual assertion,"No matching activity, preference, relationship, frequency, motive, or experience was found in the matched profile.","No matching activity, preference, relationship, frequency, motive, or experience was found in the matched profile.",No,No,,
A-B-03-002-01,A,B,3,2,1,You cycled to the store yesterday and carried groceries home easily,PREMISE,GROUNDED,Personal factual assertion,Cycle to the store: frequency a few times per week; importance 4/5; fun 3/5; motivation health/energy/social contact,Exact/profile-linked cue; verify scope and added details.,No,No,,
A-B-03-003-01,A,B,3,3,1,You shared a calm dinner with your partner and enjoyed conversation together,PREMISE,GROUNDED,Personal factual assertion,Dinner with partner: frequency everyday; importance 5/5; fun 4/5; motivation family relationship,Exact/profile-linked cue; verify scope and added details.,No,No,,
A-B-03-004-01,A,B,3,4,1,"Next week, try a lighter routine with activities on alternate days and easy mornings",CLAIM,NOT_APPLICABLE,Narrative/rhetorical or general statement,No persona-checkable assertion,No persona-checkable assertion,No,No,,
A-B-03-005-01,A,B,3,5,1,Keep daily dinners with your partner,CLAIM,UNSUPPORTED,Recommendation,"No matching activity, preference, relationship, frequency, motive, or experience was found in the matched profile.","No matching activity, preference, relationship, frequency, motive, or experience was found in the matched profile.",No,No,,
A-B-03-006-01,A,B,3,6,1,They steady your mood and comfort you,NONE,UNSUPPORTED,Personal factual assertion,"No matching activity, preference, relationship, frequency, motive, or experience was found in the matched profile.","No matching activity, preference, relationship, frequency, motive, or experience was found in the matched profile.",Yes,Yes,UNSUPPORTED,no evidence
A-B-03-007-01,A,B,3,7,1,"Aim for play with your grandchildren on alternating visit days, when possible",CLAIM,GROUNDED,Recommendation,Play with grandchildren: frequency every other week; importance 5/5; fun 5/5; motivation family/energy,Exact/profile-linked cue; verify scope and added details.,No,No,,
A-B-03-008-01,A,B,3,8,1,Include short gym sessions,CLAIM,GROUNDED,Recommendation,Exercise in the gym: frequency once a week; importance 4/5; fun 2/5; motivation pain reduction/health/outcome,Exact/profile-linked cue; verify scope and added details.,No,No,,
A-B-03-009-01,A,B,3,9,1,Gentle exercise supports recovery and mobility too,PREMISE,NOT_APPLICABLE,Narrative/rhetorical or general statement,No persona-checkable assertion,No persona-checkable assertion,No,No,,
A-B-03-010-01,A,B,3,10,1,"Use phone calls, neighbours, and podcasts for lighter social contact and small breaks",CLAIM,GROUNDED,Personal factual assertion,Listen to podcasts: frequency a few times per week; importance 3/5; fun 4/5; motivation recovery/emotional wellbeing; Meet neighbours: frequency a few times per week; importance 3/5; fun 4/5; companion friend,Exact/profile-linked cue; verify scope and added details.,No,No,,
A-B-03-011-01,A,B,3,11,1,Spacing effort reduces stress,PREMISE,NOT_APPLICABLE,Narrative/rhetorical or general statement,No persona-checkable assertion,No persona-checkable assertion,No,No,,
A-B-03-011-02,A,B,3,11,2,this may not suffice alone,PREMISE,NOT_APPLICABLE,Narrative/rhetorical or general statement,No persona-checkable assertion,No persona-checkable assertion,Yes,Yes,NOT_APPLICABLE,No persona-checkable assertion
A-B-03-012-01,A,B,3,12,1,Adapt as you go,CLAIM,UNSUPPORTED,Personal factual assertion,"No matching activity, preference, relationship, frequency, motive, or experience was found in the matched profile.","No matching activity, preference, relationship, frequency, motive, or experience was found in the matched profile.",No,No,,
A-B-03-013-01,A,B,3,13,1,Try this simple schedule: alternate activity days and one recovery block midweek,CLAIM,NOT_APPLICABLE,Narrative/rhetorical or general statement,No persona-checkable assertion,No persona-checkable assertion,No,No,,
A-B-03-014-01,A,B,3,14,1,"Adjust timing and intensity as needed, and rest when you feel tired",CLAIM,UNSUPPORTED,Personal factual assertion,"No matching activity, preference, relationship, frequency, motive, or experience was found in the matched profile.","No matching activity, preference, relationship, frequency, motive, or experience was found in the matched profile.",No,No,,
A-B-03-015-01,A,B,3,15,1,"You can do this, and small changes really help you recover reliably over time.",NONE,NOT_APPLICABLE,Narrative/rhetorical or general statement,No persona-checkable assertion,No persona-checkable assertion,No,No,,
A-B-04-001-01,A,B,4,1,1,"You kept moving and stayed connected this week, showing steady effort and resilience",PREMISE,UNSUPPORTED,Personal factual assertion,"No matching activity, preference, relationship, frequency, motive, or experience was found in the matched profile.","No matching activity, preference, relationship, frequency, motive, or experience was found in the matched profile.",Yes,Yes,UNSUPPORTED,"No matching activity, preference, relationship, frequency, motive, or experience was found in the matched profile."
A-B-04-002-01,A,B,4,2,1,"You cycled to the store and had dinner with your partner nightly, and rested",PREMISE,GROUNDED,Personal factual assertion,Cycle to the store: frequency a few times per week; importance 4/5; fun 3/5; motivation health/energy/social contact; Dinner with partner: frequency everyday; importance 5/5; fun 4/5; motivation family relationship,Exact/profile-linked cue; verify scope and added details.,Yes,Yes,GROUNDED,"Cycle to the store: frequency a few times per week; importance 4/5; fun 3/5; motivation health/energy/social contact, dinner: frequency everyday; importance 5/5; fun 4/5; motivation family relationship"
A-B-04-003-01,A,B,4,3,1,You also phoned your mother and listened to short podcasts between tasks,PREMISE,GROUNDED,Personal factual assertion,Listen to podcasts: frequency a few times per week; importance 3/5; fun 4/5; motivation recovery/emotional wellbeing,Exact/profile-linked cue; verify scope and added details.,No,No,,
A-B-04-004-01,A,B,4,4,1,"Next week, choose a lighter routine with alternate activity days for balance",CLAIM,NOT_APPLICABLE,Narrative/rhetorical or general statement,No persona-checkable assertion,No persona-checkable assertion,No,No,,
A-B-04-005-01,A,B,4,5,1,Prioritize dinner with your partner and play with grandchildren,CLAIM,GROUNDED,Recommendation,Dinner with partner: frequency everyday; importance 5/5; fun 4/5; motivation family relationship; Play with grandchildren: frequency every other week; importance 5/5; fun 5/5; motivation family/energy,Exact/profile-linked cue; verify scope and added details.,No,No,,
A-B-04-006-01,A,B,4,6,1,They matter,PREMISE,NOT_APPLICABLE,Narrative/rhetorical or general statement,No persona-checkable assertion,No persona-checkable assertion,No,No,,
A-B-04-007-01,A,B,4,7,1,Call your mother and meet neighbours on alternate days,CLAIM,GROUNDED,Recommendation,Phone mother: frequency a few times per week; importance 4/5; fun 3/5; motivation family relationship; Meet neighbours: frequency a few times per week; importance 3/5; fun 4/5; companion friend,Exact/profile-linked cue; verify scope and added details.,No,No,,
A-B-04-008-01,A,B,4,8,1,Connection helps,PREMISE,NOT_APPLICABLE,Narrative/rhetorical or general statement,No persona-checkable assertion,No persona-checkable assertion,No,No,,
A-B-04-009-01,A,B,4,9,1,Include shorter gym sessions,CLAIM,GROUNDED,Recommendation,Exercise in the gym: frequency once a week; importance 4/5; fun 2/5; motivation pain reduction/health/outcome,Exact/profile-linked cue; verify scope and added details.,No,No,,
A-B-04-010-01,A,B,4,10,1,You rated them less fun,PREMISE,UNSUPPORTED,Personal factual assertion,"No matching activity, preference, relationship, frequency, motive, or experience was found in the matched profile.","No matching activity, preference, relationship, frequency, motive, or experience was found in the matched profile.",No,No,,
A-B-04-011-01,A,B,4,11,1,"Focus on mobility and gentle strength, avoiding overly intense sessions",CLAIM,NOT_APPLICABLE,Narrative/rhetorical or general statement,No persona-checkable assertion,No persona-checkable assertion,No,No,,
A-B-04-012-01,A,B,4,12,1,Space effort and rest,CLAIM,NOT_APPLICABLE,Narrative/rhetorical or general statement,No persona-checkable assertion,No persona-checkable assertion,No,No,,
A-B-04-013-01,A,B,4,13,1,Spacing protects energy and reduces stress,PREMISE,NOT_APPLICABLE,Narrative/rhetorical or general statement,No persona-checkable assertion,No persona-checkable assertion,No,No,,
A-B-04-013-02,A,B,4,13,2,this plan may not be sufficient alone,PREMISE,NOT_APPLICABLE,Narrative/rhetorical or general statement,No persona-checkable assertion,No persona-checkable assertion,No,No,,
A-B-04-014-01,A,B,4,14,1,Consider medical advice if fatigue persists,CLAIM,NOT_APPLICABLE,Narrative/rhetorical or general statement,No persona-checkable assertion,No persona-checkable assertion,No,No,,
A-B-04-015-01,A,B,4,15,1,Try alternating outing days with one quiet recovery block each week,CLAIM,NOT_APPLICABLE,Narrative/rhetorical or general statement,No persona-checkable assertion,No persona-checkable assertion,No,No,,
A-B-04-016-01,A,B,4,16,1,"If you feel drained, skip an outing and rest instead",CLAIM,UNSUPPORTED,Personal factual assertion,"No matching activity, preference, relationship, frequency, motive, or experience was found in the matched profile.","No matching activity, preference, relationship, frequency, motive, or experience was found in the matched profile.",No,No,,
A-B-04-017-01,A,B,4,17,1,You will recover more with steady pacing and kind boundaries.,PREMISE,UNSUPPORTED,Personal factual assertion,"No matching activity, preference, relationship, frequency, motive, or experience was found in the matched profile.","No matching activity, preference, relationship, frequency, motive, or experience was found in the matched profile.",No,No,,
A-B-05-001-01,A,B,5,1,1,"You showed steady care and connection throughout the week, Kim",PREMISE,UNSUPPORTED,Personal factual assertion,"No matching activity, preference, relationship, frequency, motive, or experience was found in the matched profile.","No matching activity, preference, relationship, frequency, motive, or experience was found in the matched profile.",No,No,,
A-B-05-002-01,A,B,5,2,1,You biked to the store and brought home groceries,PREMISE,GROUNDED,Personal factual assertion,Cycle to the store: frequency a few times per week; importance 4/5; fun 3/5; motivation health/energy/social contact,Exact/profile-linked cue; verify scope and added details.,No,No,,
A-B-05-002-02,A,B,5,2,2,you smiled at a neighbour,PREMISE,GROUNDED,Personal factual assertion,Meet neighbours: frequency a few times per week; importance 3/5; fun 4/5; companion friend,Exact/profile-linked cue; verify scope and added details.,Yes,Yes,GROUNDED,Meet neighbours: frequency a few times per week; importance 3/5; fun 4/5; companion friend
A-B-05-003-01,A,B,5,3,1,You paused several times to call your mother from the porch swing,PREMISE,GROUNDED,Personal factual assertion,Phone mother: frequency a few times per week; importance 4/5; fun 3/5; motivation family relationship,Exact/profile-linked cue; verify scope and added details.,No,No,,
A-B-05-004-01,A,B,5,4,1,"Your activity records list cycling, gym visits, podcast time, and short walks around the block",PREMISE,GROUNDED,Personal factual assertion,Cycle to the store: frequency a few times per week; importance 4/5; fun 3/5; motivation health/energy/social contact; Exercise in the gym: frequency once a week; importance 4/5; fun 2/5; motivation pain reduction/health/outcome; Listen to podcasts: frequency a few times per week; importance 3/5; fun 4/5; motivation recovery/emotional wellbeing,Exact/profile-linked cue; verify scope and added details.,No,No,,
A-B-05-005-01,A,B,5,5,1,"They also note dinners, visits, phone calls, neighbours, and friendly chats, which kept you socially connected",PREMISE,GROUNDED,Personal factual assertion,Meet neighbours: frequency a few times per week; importance 3/5; fun 4/5; companion friend,Exact/profile-linked cue; verify scope and added details.,No,No,,
A-B-05-006-01,A,B,5,6,1,You played with grandchildren,PREMISE,GROUNDED,Personal factual assertion,Play with grandchildren: frequency every other week; importance 5/5; fun 5/5; motivation family/energy,Exact/profile-linked cue; verify scope and added details.,No,No,,
A-B-05-006-02,A,B,5,6,2,you had daily dinners that brought routine,PREMISE,UNSUPPORTED,Personal factual assertion,"No matching activity, preference, relationship, frequency, motive, or experience was found in the matched profile.","No matching activity, preference, relationship, frequency, motive, or experience was found in the matched profile.",Yes,Yes,UNSUPPORTED,no matching activity in persona
A-B-05-007-01,A,B,5,7,1,"The dinners and visits felt most important and fulfilling, showing care and reminding you of shared history",PREMISE,UNSUPPORTED,Personal factual assertion,"No matching activity, preference, relationship, frequency, motive, or experience was found in the matched profile.","No matching activity, preference, relationship, frequency, motive, or experience was found in the matched profile.",No,No,,
A-B-05-008-01,A,B,5,8,1,The gym was less fun,PREMISE,GROUNDED,Personal factual assertion,Exercise in the gym: frequency once a week; importance 4/5; fun 2/5; motivation pain reduction/health/outcome,Exact/profile-linked cue; verify scope and added details.,No,No,,
A-B-05-008-02,A,B,5,8,2,it still helped your energy levels,PREMISE,UNSUPPORTED,Personal factual assertion,"No matching activity, preference, relationship, frequency, motive, or experience was found in the matched profile.","No matching activity, preference, relationship, frequency, motive, or experience was found in the matched profile.",No,No,,
A-B-05-009-01,A,B,5,9,1,"Given those records, which are generally reliable though not perfect, it is plausible you did something important and meaningful",CLAIM,UNSUPPORTED,Personal factual assertion,"No matching activity, preference, relationship, frequency, motive, or experience was found in the matched profile.","No matching activity, preference, relationship, frequency, motive, or experience was found in the matched profile.",No,No,,
A-B-05-010-01,A,B,5,10,1,"This shows your week held connection, care, and steady effort",CLAIM,UNSUPPORTED,Personal factual assertion,"No matching activity, preference, relationship, frequency, motive, or experience was found in the matched profile.","No matching activity, preference, relationship, frequency, motive, or experience was found in the matched profile.",No,No,,
A-B-05-010-02,A,B,5,10,2,it helped you feel steady,CLAIM,UNSUPPORTED,Personal factual assertion,"No matching activity, preference, relationship, frequency, motive, or experience was found in the matched profile.","No matching activity, preference, relationship, frequency, motive, or experience was found in the matched profile.",No,No,,
A-B-05-011-01,A,B,5,11,1,That matters,CLAIM,NOT_APPLICABLE,Narrative/rhetorical or general statement,No persona-checkable assertion,No persona-checkable assertion,No,No,,
A-B-05-011-02,A,B,5,11,2,"you did something important, Kim",CLAIM,UNSUPPORTED,Personal factual assertion,"No matching activity, preference, relationship, frequency, motive, or experience was found in the matched profile.","No matching activity, preference, relationship, frequency, motive, or experience was found in the matched profile.",No,No,,
A-B-05-012-01,A,B,5,12,1,Take pride in these small caring choices you make daily.,CLAIM,UNSUPPORTED,Personal factual assertion,"No matching activity, preference, relationship, frequency, motive, or experience was found in the matched profile.","No matching activity, preference, relationship, frequency, motive, or experience was found in the matched profile.",No,No,,
A-B-06-001-01,A,B,6,1,1,You kept showing up for people and for yourself this week,PREMISE,UNSUPPORTED,Personal factual assertion,"No matching activity, preference, relationship, frequency, motive, or experience was found in the matched profile.","No matching activity, preference, relationship, frequency, motive, or experience was found in the matched profile.",Yes,Yes,UNSUPPORTED,no matching activity in persona
A-B-06-002-01,A,B,6,2,1,"On a morning ride to the store, you greeted neighbours",PREMISE,GROUNDED,Personal factual assertion,Cycle to the store: frequency a few times per week; importance 4/5; fun 3/5; motivation health/energy/social contact; Meet neighbours: frequency a few times per week; importance 3/5; fun 4/5; companion friend,Exact/profile-linked cue; verify scope and added details.,No,No,,
A-B-06-003-01,A,B,6,3,1,"You listened to a podcast while you shopped, which kept your mind gently engaged",PREMISE,GROUNDED,Personal factual assertion,Listen to podcasts: frequency a few times per week; importance 3/5; fun 4/5; motivation recovery/emotional wellbeing,Exact/profile-linked cue; verify scope and added details.,No,No,,
A-B-06-004-01,A,B,6,4,1,"Your activity logs record cycling, gym visits, and podcast listening several times",PREMISE,GROUNDED,Personal factual assertion,Cycle to the store: frequency a few times per week; importance 4/5; fun 3/5; motivation health/energy/social contact; Exercise in the gym: frequency once a week; importance 4/5; fun 2/5; motivation pain reduction/health/outcome; Listen to podcasts: frequency a few times per week; importance 3/5; fun 4/5; motivation recovery/emotional wellbeing,Exact/profile-linked cue; verify scope and added details.,No,No,,
A-B-06-005-01,A,B,6,5,1,They also show daily dinners with your partner and visits to your mother in person,PREMISE,UNSUPPORTED,Personal factual assertion,"No matching activity, preference, relationship, frequency, motive, or experience was found in the matched profile.","No matching activity, preference, relationship, frequency, motive, or experience was found in the matched profile.",No,No,,
A-B-06-006-01,A,B,6,6,1,"You talked with your mother on the phone and met neighbours a few times, checking in kindly",PREMISE,GROUNDED,Personal factual assertion,Phone mother: frequency a few times per week; importance 4/5; fun 3/5; motivation family relationship; Meet neighbours: frequency a few times per week; importance 3/5; fun 4/5; companion friend,Exact/profile-linked cue; verify scope and added details.,No,No,,
A-B-06-007-01,A,B,6,7,1,You played with your grandchildren,PREMISE,GROUNDED,Personal factual assertion,Play with grandchildren: frequency every other week; importance 5/5; fun 5/5; motivation family/energy,Exact/profile-linked cue; verify scope and added details.,No,No,,
A-B-06-007-02,A,B,6,7,2,that interaction was meaningful though it occurred only every other week,PREMISE,NOT_APPLICABLE,Narrative/rhetorical or general statement,No persona-checkable assertion,No persona-checkable assertion,No,No,,
A-B-06-008-01,A,B,6,8,1,"Gym sessions felt less fun, yet they supported your strength and daily routine",PREMISE,GROUNDED,Personal factual assertion,Exercise in the gym: frequency once a week; importance 4/5; fun 2/5; motivation pain reduction/health/outcome,Exact/profile-linked cue; verify scope and added details.,No,No,,
A-B-06-009-01,A,B,6,9,1,"Overall, the logs are in a good position to know and match your routine",PREMISE,UNSUPPORTED,Personal factual assertion,"No matching activity, preference, relationship, frequency, motive, or experience was found in the matched profile.","No matching activity, preference, relationship, frequency, motive, or experience was found in the matched profile.",No,No,,
A-B-06-010-01,A,B,6,10,1,"Taken together, these moments show care, connection, and steady presence",CLAIM,NOT_APPLICABLE,Narrative/rhetorical or general statement,No persona-checkable assertion,No persona-checkable assertion,No,No,,
A-B-06-011-01,A,B,6,11,1,There is no similar record contradicting this account,PREMISE,NOT_APPLICABLE,Narrative/rhetorical or general statement,No persona-checkable assertion,No persona-checkable assertion,No,No,,
A-B-06-012-01,A,B,6,12,1,You did something important this week,CLAIM,UNSUPPORTED,Personal factual assertion,"No matching activity, preference, relationship, frequency, motive, or experience was found in the matched profile.","No matching activity, preference, relationship, frequency, motive, or experience was found in the matched profile.",No,No,,
A-B-06-012-02,A,B,6,12,2,that matters,CLAIM,NOT_APPLICABLE,Narrative/rhetorical or general statement,No persona-checkable assertion,No persona-checkable assertion,Yes,Yes,NOT_APPLICABLE,No persona-checkable assertion
A-B-06-013-01,A,B,6,13,1,Well done.,NONE,NOT_APPLICABLE,Narrative/rhetorical or general statement,No persona-checkable assertion,No persona-checkable assertion,No,No,,
A-B-07-001-01,A,B,7,1,1,"Well done this week, Kim",NONE,NOT_APPLICABLE,Narrative/rhetorical or general statement,No persona-checkable assertion,No persona-checkable assertion,No,No,,
A-B-07-002-01,A,B,7,2,1,You rode your bike to the store and came home smiling,PREMISE,GROUNDED,Personal factual assertion,Cycle to the store: frequency a few times per week; importance 4/5; fun 3/5; motivation health/energy/social contact,Exact/profile-linked cue; verify scope and added details.,No,No,,
A-B-07-003-01,A,B,7,3,1,You also listened to podcasts while you cycled and later had a quiet gym session,PREMISE,GROUNDED,Personal factual assertion,Cycle to the store: frequency a few times per week; importance 4/5; fun 3/5; motivation health/energy/social contact; Exercise in the gym: frequency once a week; importance 4/5; fun 2/5; motivation pain reduction/health/outcome; Listen to podcasts: frequency a few times per week; importance 3/5; fun 4/5; motivation recovery/emotional wellbeing,Exact/profile-linked cue; verify scope and added details.,No,No,,
A-B-07-004-01,A,B,7,4,1,"You went to the gym once, even if it felt less fun",PREMISE,GROUNDED,Personal factual assertion,Exercise in the gym: frequency once a week; importance 4/5; fun 2/5; motivation pain reduction/health/outcome,Exact/profile-linked cue; verify scope and added details.,No,No,,
A-B-07-005-01,A,B,7,5,1,Having dinner with your partner every night showed steady commitment and companionship,PREMISE,GROUNDED,Personal factual assertion,Dinner with partner: frequency everyday; importance 5/5; fun 4/5; motivation family relationship,Exact/profile-linked cue; verify scope and added details.,No,No,,
A-B-07-006-01,A,B,7,6,1,Calls and visits with your mother strengthened your family ties and gave comfort,PREMISE,UNSUPPORTED,Personal factual assertion,"No matching activity, preference, relationship, frequency, motive, or experience was found in the matched profile.","No matching activity, preference, relationship, frequency, motive, or experience was found in the matched profile.",No,No,,
A-B-07-007-01,A,B,7,7,1,"Cycling, podcasts, and meeting neighbours a few times weekly kept you socially and mentally engaged",PREMISE,GROUNDED,Personal factual assertion,Cycle to the store: frequency a few times per week; importance 4/5; fun 3/5; motivation health/energy/social contact; Listen to podcasts: frequency a few times per week; importance 3/5; fun 4/5; motivation recovery/emotional wellbeing; Meet neighbours: frequency a few times per week; importance 3/5; fun 4/5; companion friend,Exact/profile-linked cue; verify scope and added details.,No,No,,
A-B-07-008-01,A,B,7,8,1,"Playing with grandchildren, though less frequent, brought you great joy and reminded you why connection matters",PREMISE,GROUNDED,Personal factual assertion,Play with grandchildren: frequency every other week; importance 5/5; fun 5/5; motivation family/energy,Exact/profile-linked cue; verify scope and added details.,No,No,,
A-B-07-009-01,A,B,7,9,1,These activities help,PREMISE,NOT_APPLICABLE,Narrative/rhetorical or general statement,No persona-checkable assertion,No persona-checkable assertion,No,No,,
A-B-07-009-02,A,B,7,9,2,they are not the only way to live your values,PREMISE,UNSUPPORTED,Personal factual assertion,"No matching activity, preference, relationship, frequency, motive, or experience was found in the matched profile.","No matching activity, preference, relationship, frequency, motive, or experience was found in the matched profile.",Yes,Yes,UNSUPPORTED,no matching activity in persona
A-B-07-010-01,A,B,7,10,1,This pattern shows your actions often matched your stated values over the week,CLAIM,UNSUPPORTED,Personal factual assertion,"No matching activity, preference, relationship, frequency, motive, or experience was found in the matched profile.","No matching activity, preference, relationship, frequency, motive, or experience was found in the matched profile.",No,No,,
A-B-07-011-01,A,B,7,11,1,"There may be small tensions with time and energy, but overall you acted with care and kindness",CLAIM,UNSUPPORTED,Personal factual assertion,"No matching activity, preference, relationship, frequency, motive, or experience was found in the matched profile.","No matching activity, preference, relationship, frequency, motive, or experience was found in the matched profile.",Yes,Yes,UNSUPPORTED,"No matching activity, preference, relationship, frequency, motive, or experience was found in the matched profile."
A-B-07-012-01,A,B,7,12,1,"Keep noticing these moments, Kim",CLAIM,NOT_APPLICABLE,Narrative/rhetorical or general statement,No persona-checkable assertion,No persona-checkable assertion,No,No,,
A-B-07-012-02,A,B,7,12,2,they quietly shape your days and matter more than you may think.,CLAIM,UNSUPPORTED,Personal factual assertion,"No matching activity, preference, relationship, frequency, motive, or experience was found in the matched profile.","No matching activity, preference, relationship, frequency, motive, or experience was found in the matched profile.",No,No,,
A-B-08-001-01,A,B,8,1,1,"You did well this past week, Kim, staying present for the people and goals you value",NONE,UNSUPPORTED,Personal factual assertion,"No matching activity, preference, relationship, frequency, motive, or experience was found in the matched profile.","No matching activity, preference, relationship, frequency, motive, or experience was found in the matched profile.",No,No,,
A-B-08-001-02,A,B,8,1,2,your steady choices mattered,NONE,UNSUPPORTED,Personal factual assertion,"No matching activity, preference, relationship, frequency, motive, or experience was found in the matched profile.","No matching activity, preference, relationship, frequency, motive, or experience was found in the matched profile.",No,No,,
A-B-08-002-01,A,B,8,2,1,You locked your bike after a quick store run and then listened to a short podcast while you rested,PREMISE,GROUNDED,Personal factual assertion,Cycle to the store: frequency a few times per week; importance 4/5; fun 3/5; motivation health/energy/social contact; Listen to podcasts: frequency a few times per week; importance 3/5; fun 4/5; motivation recovery/emotional wellbeing,Exact/profile-linked cue; verify scope and added details.,No,No,,
A-B-08-003-01,A,B,8,3,1,"You cycled to the store, went to the gym once, and kept moving most days",PREMISE,GROUNDED,Personal factual assertion,Cycle to the store: frequency a few times per week; importance 4/5; fun 3/5; motivation health/energy/social contact; Exercise in the gym: frequency once a week; importance 4/5; fun 2/5; motivation pain reduction/health/outcome,Exact/profile-linked cue; verify scope and added details.,No,No,,
A-B-08-004-01,A,B,8,4,1,You listened to podcasts during quiet moments and used them to learn and reflect,PREMISE,GROUNDED,Personal factual assertion,Listen to podcasts: frequency a few times per week; importance 3/5; fun 4/5; motivation recovery/emotional wellbeing,Exact/profile-linked cue; verify scope and added details.,Yes,Yes,GROUNDED,Listen to podcasts: frequency a few times per week; importance 3/5; fun 4/5; motivation recovery/emotional wellbeing
A-B-08-005-01,A,B,8,5,1,"You had dinner with your partner every evening, which strengthened daily connection and comfort",PREMISE,GROUNDED,Personal factual assertion,Dinner with partner: frequency everyday; importance 5/5; fun 4/5; motivation family relationship,Exact/profile-linked cue; verify scope and added details.,No,No,,
A-B-08-006-01,A,B,8,6,1,You visited your mother,PREMISE,UNSUPPORTED,Personal factual assertion,"No matching activity, preference, relationship, frequency, motive, or experience was found in the matched profile.","No matching activity, preference, relationship, frequency, motive, or experience was found in the matched profile.",No,No,,
A-B-08-006-02,A,B,8,6,2,you phoned her on other days to show steady care,PREMISE,UNSUPPORTED,Personal factual assertion,"No matching activity, preference, relationship, frequency, motive, or experience was found in the matched profile.","No matching activity, preference, relationship, frequency, motive, or experience was found in the matched profile.",No,No,,
A-B-08-007-01,A,B,8,7,1,"You met neighbours and you played with grandchildren, confirming that family and community stay central",PREMISE,GROUNDED,Personal factual assertion,Meet neighbours: frequency a few times per week; importance 3/5; fun 4/5; companion friend; Play with grandchildren: frequency every other week; importance 5/5; fun 5/5; motivation family/energy,Exact/profile-linked cue; verify scope and added details.,No,No,,
A-B-08-008-01,A,B,8,8,1,Exercise felt less fun,NONE,NOT_APPLICABLE,Narrative/rhetorical or general statement,No persona-checkable assertion,No persona-checkable assertion,No,No,,
A-B-08-008-02,A,B,8,8,2,"it still supported health goals and matched deeper values, even if no single action suffices",NONE,NOT_APPLICABLE,Narrative/rhetorical or general statement,No persona-checkable assertion,No persona-checkable assertion,Yes,Yes,NOT_APPLICABLE,not verifiable
A-B-08-009-01,A,B,8,9,1,"Taken together, these actions align clearly with the values you named",CLAIM,UNSUPPORTED,Personal factual assertion,"No matching activity, preference, relationship, frequency, motive, or experience was found in the matched profile.","No matching activity, preference, relationship, frequency, motive, or experience was found in the matched profile.",No,No,,
A-B-08-010-01,A,B,8,10,1,That shows steady care for health and relationships,NONE,NOT_APPLICABLE,Narrative/rhetorical or general statement,No persona-checkable assertion,No persona-checkable assertion,No,No,,
A-B-08-010-02,A,B,8,10,2,"you can be proud, Kim.",NONE,UNSUPPORTED,Personal factual assertion,"No matching activity, preference, relationship, frequency, motive, or experience was found in the matched profile.","No matching activity, preference, relationship, frequency, motive, or experience was found in the matched profile.",No,No,,
A-C-01-001-01,A,C,1,1,1,"You have kept steady, gentle habits",NONE,UNSUPPORTED,Personal factual assertion,"No matching activity, preference, relationship, frequency, motive, or experience was found in the matched profile.","No matching activity, preference, relationship, frequency, motive, or experience was found in the matched profile.",No,No,,
A-C-01-001-02,A,C,1,1,2,that shows real self-care indeed,NONE,NOT_APPLICABLE,Narrative/rhetorical or general statement,No persona-checkable assertion,No persona-checkable assertion,No,No,,
A-C-01-002-01,A,C,1,2,1,You stretch by the window and read for a little while each evening,PREMISE,GROUNDED,Personal factual assertion,Stretching: frequency every morning; importance 3/5; fun 3/5; motivation health/recovery,Exact/profile-linked cue; verify scope and added details.,No,No,,
A-C-01-003-01,A,C,1,3,1,You enjoy a warm cup of tea while turning pages slowly,PREMISE,UNSUPPORTED,Personal factual assertion,"No matching activity, preference, relationship, frequency, motive, or experience was found in the matched profile.","No matching activity, preference, relationship, frequency, motive, or experience was found in the matched profile.",No,No,,
A-C-01-004-01,A,C,1,4,1,Do short exercise three times next week,CLAIM,NOT_APPLICABLE,Narrative/rhetorical or general statement,No persona-checkable assertion,No persona-checkable assertion,No,No,,
A-C-01-005-01,A,C,1,5,1,It boosts energy and endurance,PREMISE,NOT_APPLICABLE,Narrative/rhetorical or general statement,No persona-checkable assertion,No persona-checkable assertion,No,No,,
A-C-01-006-01,A,C,1,6,1,Add gentle stretching before and after,CLAIM,GROUNDED,Personal factual assertion,Stretching: frequency every morning; importance 3/5; fun 3/5; motivation health/recovery,Exact/profile-linked cue; verify scope and added details.,No,No,,
A-C-01-007-01,A,C,1,7,1,It reduces stiffness and eases muscles,PREMISE,NOT_APPLICABLE,Narrative/rhetorical or general statement,No persona-checkable assertion,No persona-checkable assertion,No,No,,
A-C-01-008-01,A,C,1,8,1,Arrange one video call with your sister midweek,CLAIM,GROUNDED,Personal factual assertion,Video call with sister: frequency once a week; importance 4/5; fun 4/5; companion extended family,Exact/profile-linked cue; verify scope and added details.,Yes,Yes,GROUNDED,same as above
A-C-01-009-01,A,C,1,9,1,Connection lifts your mood,PREMISE,UNSUPPORTED,Personal factual assertion,"No matching activity, preference, relationship, frequency, motive, or experience was found in the matched profile.","No matching activity, preference, relationship, frequency, motive, or experience was found in the matched profile.",Yes,Yes,UNSUPPORTED,"No matching activity, preference, relationship, frequency, motive, or experience was found in the matched profile."
A-C-01-010-01,A,C,1,10,1,Read a novel or listen to music each night,CLAIM,GROUNDED,Recommendation,Reading novels: frequency everyday; importance 5/5; fun 5/5; motivation recovery/emotional wellbeing; Listening to music: frequency every other day; importance 4/5; fun 4/5; motivation recovery/relaxation,Exact/profile-linked cue; verify scope and added details.,No,No,,
A-C-01-011-01,A,C,1,11,1,Quiet time calms you,PREMISE,UNSUPPORTED,Personal factual assertion,"No matching activity, preference, relationship, frequency, motive, or experience was found in the matched profile.","No matching activity, preference, relationship, frequency, motive, or experience was found in the matched profile.",No,No,,
A-C-01-012-01,A,C,1,12,1,Try one art study circle session,CLAIM,GROUNDED,Recommendation,Art study circle: frequency every other week; importance 3/5; fun 4/5; companion friend; motivation creative/social,Exact/profile-linked cue; verify scope and added details.,No,No,,
A-C-01-013-01,A,C,1,13,1,Creativity can often lift spirits and focus,PREMISE,NOT_APPLICABLE,Narrative/rhetorical or general statement,No persona-checkable assertion,No persona-checkable assertion,No,No,,
A-C-01-014-01,A,C,1,14,1,Keep activities small and safe,CLAIM,NOT_APPLICABLE,Narrative/rhetorical or general statement,No persona-checkable assertion,No persona-checkable assertion,No,No,,
A-C-01-015-01,A,C,1,15,1,Steady progress matters for wellbeing and joy,PREMISE,NOT_APPLICABLE,Narrative/rhetorical or general statement,No persona-checkable assertion,No persona-checkable assertion,No,No,,
A-C-01-016-01,A,C,1,16,1,"Try Monday, Wednesday, and Friday for brief exercise and a short morning stretching routine",CLAIM,GROUNDED,Recommendation,Stretching: frequency every morning; importance 3/5; fun 3/5; motivation health/recovery,Exact/profile-linked cue; verify scope and added details.,No,No,,
A-C-01-017-01,A,C,1,17,1,"Call your sister midweek, visit one art circle, and read twenty relaxed minutes nightly at an easy pace.",CLAIM,GROUNDED,Recommendation,Video call with sister: frequency once a week; importance 4/5; fun 4/5; companion extended family; Art study circle: frequency every other week; importance 3/5; fun 4/5; companion friend; motivation creative/social,Exact/profile-linked cue; verify scope and added details.,No,No,,
A-C-02-001-01,A,C,2,1,1,You have tended to your routines with patience and care this week,NONE,UNSUPPORTED,Personal factual assertion,"No matching activity, preference, relationship, frequency, motive, or experience was found in the matched profile.","No matching activity, preference, relationship, frequency, motive, or experience was found in the matched profile.",No,No,,
A-C-02-002-01,A,C,2,2,1,"This morning you brewed tea, smiled, and laced your walking shoes",PREMISE,UNSUPPORTED,Personal factual assertion,"No matching activity, preference, relationship, frequency, motive, or experience was found in the matched profile.","No matching activity, preference, relationship, frequency, motive, or experience was found in the matched profile.",No,No,,
A-C-02-003-01,A,C,2,3,1,You noticed the light on your table and felt calm,PREMISE,UNSUPPORTED,Personal factual assertion,"No matching activity, preference, relationship, frequency, motive, or experience was found in the matched profile.","No matching activity, preference, relationship, frequency, motive, or experience was found in the matched profile.",No,No,,
A-C-02-004-01,A,C,2,4,1,"Next week, choose brief, safe activities that steadily lift your mood and energy",CLAIM,UNSUPPORTED,Recommendation,"No matching activity, preference, relationship, frequency, motive, or experience was found in the matched profile.","No matching activity, preference, relationship, frequency, motive, or experience was found in the matched profile.",No,No,,
A-C-02-005-01,A,C,2,5,1,Do the exercise program three times,CLAIM,GROUNDED,Personal factual assertion,Exercise program: frequency a few times per week; importance 4/5; fun 3/5; motivation mobility/falls/health,Exact/profile-linked cue; verify scope and added details.,No,No,,
A-C-02-006-01,A,C,2,6,1,"Movement improves energy, balance, and confidence",PREMISE,NOT_APPLICABLE,Narrative/rhetorical or general statement,No persona-checkable assertion,No persona-checkable assertion,No,No,,
A-C-02-007-01,A,C,2,7,1,Keep daily stretching,CLAIM,GROUNDED,Recommendation,Stretching: frequency every morning; importance 3/5; fun 3/5; motivation health/recovery,Exact/profile-linked cue; verify scope and added details.,No,No,,
A-C-02-008-01,A,C,2,8,1,"It eases stiffness, reduces pain, and helps you move easier",PREMISE,UNSUPPORTED,Personal factual assertion,"No matching activity, preference, relationship, frequency, motive, or experience was found in the matched profile.","No matching activity, preference, relationship, frequency, motive, or experience was found in the matched profile.",No,No,,
A-C-02-009-01,A,C,2,9,1,Schedule a video call with your sister,CLAIM,GROUNDED,Personal factual assertion,Video call with sister: frequency once a week; importance 4/5; fun 4/5; companion extended family,Exact/profile-linked cue; verify scope and added details.,Yes,Yes,GROUNDED,"Video call with sister: frequency once a week; importance 4/5; fun 4/5; companion extended family, "
A-C-02-010-01,A,C,2,10,1,"Connection brings comfort, perspective, and happiness",PREMISE,NOT_APPLICABLE,Narrative/rhetorical or general statement,No persona-checkable assertion,No persona-checkable assertion,No,No,,
A-C-02-011-01,A,C,2,11,1,Read a short novel chapter or play music between tasks to relax and savor small pleasures,CLAIM,GROUNDED,Recommendation,Reading novels: frequency everyday; importance 5/5; fun 5/5; motivation recovery/emotional wellbeing; Listening to music: frequency every other day; importance 4/5; fun 4/5; motivation recovery/relaxation,Exact/profile-linked cue; verify scope and added details.,No,No,,
A-C-02-012-01,A,C,2,12,1,"Check that these activities truly match your values, avoid conflicts, and consider easier alternatives",CLAIM,UNSUPPORTED,Recommendation,"No matching activity, preference, relationship, frequency, motive, or experience was found in the matched profile.","No matching activity, preference, relationship, frequency, motive, or experience was found in the matched profile.",No,No,,
A-C-02-013-01,A,C,2,13,1,"Plan three brief exercise sessions, daily five-minute stretches, one sister call, short reading times, and music breaks",CLAIM,GROUNDED,Recommendation,Stretching: frequency every morning; importance 3/5; fun 3/5; motivation health/recovery; Listening to music: frequency every other day; importance 4/5; fun 4/5; motivation recovery/relaxation; Video call with sister: frequency once a week; importance 4/5; fun 4/5; companion extended family,Exact/profile-linked cue; verify scope and added details.,No,No,,
A-C-02-014-01,A,C,2,14,1,"Consider joining the art study circle once if it feels comfortable, safe, and rewarding.",CLAIM,GROUNDED,Recommendation,Art study circle: frequency every other week; importance 3/5; fun 4/5; companion friend; motivation creative/social,Exact/profile-linked cue; verify scope and added details.,No,No,,
A-C-03-001-01,A,C,3,1,1,"You did well keeping many healthy habits this week, Kim, well done",NONE,UNSUPPORTED,Personal factual assertion,"No matching activity, preference, relationship, frequency, motive, or experience was found in the matched profile.","No matching activity, preference, relationship, frequency, motive, or experience was found in the matched profile.",No,No,,
A-C-03-002-01,A,C,3,2,1,You often close your book and stretch by the window each morning,PREMISE,GROUNDED,Personal factual assertion,Stretching: frequency every morning; importance 3/5; fun 3/5; motivation health/recovery,Exact/profile-linked cue; verify scope and added details.,No,No,,
A-C-03-003-01,A,C,3,3,1,Your steady efforts show in small daily routines,PREMISE,UNSUPPORTED,Personal factual assertion,"No matching activity, preference, relationship, frequency, motive, or experience was found in the matched profile.","No matching activity, preference, relationship, frequency, motive, or experience was found in the matched profile.",No,No,,
A-C-03-003-02,A,C,3,3,2,you notice small gains,PREMISE,UNSUPPORTED,Personal factual assertion,"No matching activity, preference, relationship, frequency, motive, or experience was found in the matched profile.","No matching activity, preference, relationship, frequency, motive, or experience was found in the matched profile.",No,No,,
A-C-03-004-01,A,C,3,4,1,"For next week, adopt a lighter routine with more spacing and rest",CLAIM,NOT_APPLICABLE,Narrative/rhetorical or general statement,No persona-checkable assertion,No persona-checkable assertion,Yes,Yes,NOT_APPLICABLE,not verifiable
A-C-03-005-01,A,C,3,5,1,Keep reading novels daily,CLAIM,GROUNDED,Recommendation,Reading novels: frequency everyday; importance 5/5; fun 5/5; motivation recovery/emotional wellbeing,Exact/profile-linked cue; verify scope and added details.,No,No,,
A-C-03-006-01,A,C,3,6,1,It brings you joy and calm always,PREMISE,UNSUPPORTED,Personal factual assertion,"No matching activity, preference, relationship, frequency, motive, or experience was found in the matched profile.","No matching activity, preference, relationship, frequency, motive, or experience was found in the matched profile.",No,No,,
A-C-03-007-01,A,C,3,7,1,Play music every other day,CLAIM,GROUNDED,Recommendation,Listening to music: frequency every other day; importance 4/5; fun 4/5; motivation recovery/relaxation,Exact/profile-linked cue; verify scope and added details.,No,No,,
A-C-03-008-01,A,C,3,8,1,It lifts mood without tiring you,PREMISE,UNSUPPORTED,Personal factual assertion,"No matching activity, preference, relationship, frequency, motive, or experience was found in the matched profile.","No matching activity, preference, relationship, frequency, motive, or experience was found in the matched profile.",No,No,,
A-C-03-009-01,A,C,3,9,1,"Place exercise, stretching, video calls, and art on alternate days at home",CLAIM,GROUNDED,Personal factual assertion,Stretching: frequency every morning; importance 3/5; fun 3/5; motivation health/recovery; Video call with sister: frequency once a week; importance 4/5; fun 4/5; companion extended family,Exact/profile-linked cue; verify scope and added details.,No,No,,
A-C-03-010-01,A,C,3,10,1,Add one quiet recovery block each week,CLAIM,NOT_APPLICABLE,Narrative/rhetorical or general statement,No persona-checkable assertion,No persona-checkable assertion,No,No,,
A-C-03-011-01,A,C,3,11,1,Spacing protects energy regularly and reduces stress,PREMISE,NOT_APPLICABLE,Narrative/rhetorical or general statement,No persona-checkable assertion,No persona-checkable assertion,No,No,,
A-C-03-012-01,A,C,3,12,1,This may help but might not be fully sufficient,NONE,NOT_APPLICABLE,Narrative/rhetorical or general statement,No persona-checkable assertion,No persona-checkable assertion,No,No,,
A-C-03-013-01,A,C,3,13,1,Watch for loneliness and low energy,CLAIM,NOT_APPLICABLE,Narrative/rhetorical or general statement,No persona-checkable assertion,No persona-checkable assertion,No,No,,
A-C-03-014-01,A,C,3,14,1,"Plan three active days, two light days, and one quiet recovery day",CLAIM,NOT_APPLICABLE,Narrative/rhetorical or general statement,No persona-checkable assertion,No persona-checkable assertion,Yes,Yes,NOT_APPLICABLE,No persona-checkable assertion
A-C-03-015-01,A,C,3,15,1,"Adjust as you feel and keep gentle boundaries with commitments that help, and ask for help when something feels too much.",CLAIM,UNSUPPORTED,Recommendation,"No matching activity, preference, relationship, frequency, motive, or experience was found in the matched profile.","No matching activity, preference, relationship, frequency, motive, or experience was found in the matched profile.",No,No,,
A-C-04-001-01,A,C,4,1,1,You kept many routines this week,NONE,UNSUPPORTED,Personal factual assertion,"No matching activity, preference, relationship, frequency, motive, or experience was found in the matched profile.","No matching activity, preference, relationship, frequency, motive, or experience was found in the matched profile.",No,No,,
A-C-04-001-02,A,C,4,1,2,that shows steady care,NONE,NOT_APPLICABLE,Narrative/rhetorical or general statement,No persona-checkable assertion,No persona-checkable assertion,Yes,Yes,NOT_APPLICABLE,Generic advice
A-C-04-002-01,A,C,4,2,1,I picture you reading a novel softly in the chair,NONE,GROUNDED,Personal factual assertion,Reading novels: frequency everyday; importance 5/5; fun 5/5; motivation recovery/emotional wellbeing,Exact/profile-linked cue; verify scope and added details.,No,No,,
A-C-04-003-01,A,C,4,3,1,You also made video calls and attended the art study circle,NONE,GROUNDED,Personal factual assertion,Video call with sister: frequency once a week; importance 4/5; fun 4/5; companion extended family; Art study circle: frequency every other week; importance 3/5; fun 4/5; companion friend; motivation creative/social,Exact/profile-linked cue; verify scope and added details.,No,No,,
A-C-04-004-01,A,C,4,4,1,"Next week, aim for alternate days for core activities and rest",CLAIM,NOT_APPLICABLE,Narrative/rhetorical or general statement,No persona-checkable assertion,No persona-checkable assertion,No,No,,
A-C-04-005-01,A,C,4,5,1,Keep reading novels every day,CLAIM,GROUNDED,Recommendation,Reading novels: frequency everyday; importance 5/5; fun 5/5; motivation recovery/emotional wellbeing,Exact/profile-linked cue; verify scope and added details.,No,No,,
A-C-04-006-01,A,C,4,6,1,It calms you and grounds emotion,PREMISE,UNSUPPORTED,Personal factual assertion,"No matching activity, preference, relationship, frequency, motive, or experience was found in the matched profile.","No matching activity, preference, relationship, frequency, motive, or experience was found in the matched profile.",Yes,Yes,UNSUPPORTED,"No matching activity, preference, relationship, frequency, motive, or experience was found in the matched profile."
A-C-04-007-01,A,C,4,7,1,Listen to music on other days,CLAIM,GROUNDED,Recommendation,Listening to music: frequency every other day; importance 4/5; fun 4/5; motivation recovery/relaxation,Exact/profile-linked cue; verify scope and added details.,No,No,,
A-C-04-008-01,A,C,4,8,1,"It lifts mood, reduces stress, and helps sleep",PREMISE,NOT_APPLICABLE,Narrative/rhetorical or general statement,No persona-checkable assertion,No persona-checkable assertion,No,No,,
A-C-04-009-01,A,C,4,9,1,Include light exercise and stretching twice weekly,CLAIM,GROUNDED,Recommendation,Stretching: frequency every morning; importance 3/5; fun 3/5; motivation health/recovery,Exact/profile-linked cue; verify scope and added details.,No,No,,
A-C-04-010-01,A,C,4,10,1,"Movement maintains strength and balance, but keep intensity low",PREMISE,NOT_APPLICABLE,Narrative/rhetorical or general statement,No persona-checkable assertion,No persona-checkable assertion,No,No,,
A-C-04-011-01,A,C,4,11,1,"Spacing effort protects energy and reduces stress, so this pattern supports recovery",PREMISE,NOT_APPLICABLE,Narrative/rhetorical or general statement,No persona-checkable assertion,No persona-checkable assertion,No,No,,
A-C-04-012-01,A,C,4,12,1,"Still, check whether alternate days are sufficient when you feel unusually tired, and watch for soreness or fatigue before adding more",CLAIM,UNSUPPORTED,Personal factual assertion,"No matching activity, preference, relationship, frequency, motive, or experience was found in the matched profile.","No matching activity, preference, relationship, frequency, motive, or experience was found in the matched profile.",No,No,,
A-C-04-013-01,A,C,4,13,1,"Plan three active days, three lighter days, and one full quiet recovery day",CLAIM,NOT_APPLICABLE,Narrative/rhetorical or general statement,No persona-checkable assertion,No persona-checkable assertion,No,No,,
A-C-04-014-01,A,C,4,14,1,"Adjust pacing, skip activities when needed, and call your sister when lonely or low for support.",CLAIM,GROUNDED,Personal factual assertion,Video call with sister: frequency once a week; importance 4/5; fun 4/5; companion extended family,Exact/profile-linked cue; verify scope and added details.,No,No,,
A-C-05-001-01,A,C,5,1,1,You showed steady care for yourself this week,NONE,UNSUPPORTED,Personal factual assertion,"No matching activity, preference, relationship, frequency, motive, or experience was found in the matched profile.","No matching activity, preference, relationship, frequency, motive, or experience was found in the matched profile.",No,No,,
A-C-05-001-02,A,C,5,1,2,that truly matters to your well being,NONE,UNSUPPORTED,Personal factual assertion,"No matching activity, preference, relationship, frequency, motive, or experience was found in the matched profile.","No matching activity, preference, relationship, frequency, motive, or experience was found in the matched profile.",No,No,,
A-C-05-002-01,A,C,5,2,1,"You sat by the window, sipping tea after your exercise routine, watching light change",PREMISE,GROUNDED,Personal factual assertion,Exercise program: frequency a few times per week; importance 4/5; fun 3/5; motivation mobility/falls/health,Exact/profile-linked cue; verify scope and added details.,No,No,,
A-C-05-003-01,A,C,5,3,1,"You made time for small comforts, books, and quiet connection with others",PREMISE,UNSUPPORTED,Personal factual assertion,"No matching activity, preference, relationship, frequency, motive, or experience was found in the matched profile.","No matching activity, preference, relationship, frequency, motive, or experience was found in the matched profile.",No,No,,
A-C-05-004-01,A,C,5,4,1,"Daily reading brought comfort and steady mental stimulation every morning, as you read novels most days",PREMISE,GROUNDED,Personal factual assertion,Reading novels: frequency everyday; importance 5/5; fun 5/5; motivation recovery/emotional wellbeing,Exact/profile-linked cue; verify scope and added details.,Yes,Yes,GROUNDED,reading novels: frequency everyday; importance 5/5; fun 5/5; motivation recovery/emotional wellbeing
A-C-05-005-01,A,C,5,5,1,"Your exercise program and regular stretching, done a few times per week, helped your balance and energy",PREMISE,GROUNDED,Personal factual assertion,Exercise program: frequency a few times per week; importance 4/5; fun 3/5; motivation mobility/falls/health; Stretching: frequency every morning; importance 3/5; fun 3/5; motivation health/recovery,Exact/profile-linked cue; verify scope and added details.,No,No,,
A-C-05-006-01,A,C,5,6,1,Video calls with your sister and the art study circle felt meaningful,PREMISE,GROUNDED,Personal factual assertion,Video call with sister: frequency once a week; importance 4/5; fun 4/5; companion extended family; Art study circle: frequency every other week; importance 3/5; fun 4/5; companion friend; motivation creative/social,Exact/profile-linked cue; verify scope and added details.,Yes,Yes,GROUNDED,Video call with sister: frequency once a week; importance 4/5; fun 4/5; companion extended family; Art study circle: frequency every other week; importance 3/5; fun 4/5; companion friend; motivation creative/social
A-C-05-006-02,A,C,5,6,2,they happened a few times,PREMISE,NOT_APPLICABLE,Narrative/rhetorical or general statement,No persona-checkable assertion,No persona-checkable assertion,No,No,,
A-C-05-007-01,A,C,5,7,1,"Listening to music, which you rated slightly lower, still lifted mood every other day",PREMISE,GROUNDED,Personal factual assertion,Listening to music: frequency every other day; importance 4/5; fun 4/5; motivation recovery/relaxation,Exact/profile-linked cue; verify scope and added details.,No,No,,
A-C-05-008-01,A,C,5,8,1,"Together these activities showed care, curiosity, creativity, gentle resilience, and small daily victories",PREMISE,NOT_APPLICABLE,Narrative/rhetorical or general statement,No persona-checkable assertion,No persona-checkable assertion,No,No,,
A-C-05-009-01,A,C,5,9,1,"Taken together, your records make it plausible you did something important in ways that mattered to you",CLAIM,UNSUPPORTED,Personal factual assertion,"No matching activity, preference, relationship, frequency, motive, or experience was found in the matched profile.","No matching activity, preference, relationship, frequency, motive, or experience was found in the matched profile.",No,No,,
A-C-05-010-01,A,C,5,10,1,This pattern suggests you experienced meaningful moments and steady progress,CLAIM,UNSUPPORTED,Personal factual assertion,"No matching activity, preference, relationship, frequency, motive, or experience was found in the matched profile.","No matching activity, preference, relationship, frequency, motive, or experience was found in the matched profile.",No,No,,
A-C-05-011-01,A,C,5,11,1,It is reasonable to conclude that last week mattered to you,CLAIM,UNSUPPORTED,Personal factual assertion,"No matching activity, preference, relationship, frequency, motive, or experience was found in the matched profile.","No matching activity, preference, relationship, frequency, motive, or experience was found in the matched profile.",No,No,,
A-C-05-012-01,A,C,5,12,1,Be gentle with yourself and appreciate what you achieved quietly.,CLAIM,UNSUPPORTED,Personal factual assertion,"No matching activity, preference, relationship, frequency, motive, or experience was found in the matched profile.","No matching activity, preference, relationship, frequency, motive, or experience was found in the matched profile.",No,No,,
A-C-06-001-01,A,C,6,1,1,"Well done, Kim",NONE,NOT_APPLICABLE,Narrative/rhetorical or general statement,No persona-checkable assertion,No persona-checkable assertion,Yes,Yes,NOT_APPLICABLE,No persona-checkable assertion
A-C-06-002-01,A,C,6,2,1,You kept steady care and followed familiar routines through your week,NONE,UNSUPPORTED,Personal factual assertion,"No matching activity, preference, relationship, frequency, motive, or experience was found in the matched profile.","No matching activity, preference, relationship, frequency, motive, or experience was found in the matched profile.",No,No,,
A-C-06-003-01,A,C,6,3,1,"After stretching, you sat by the window with a cup of tea and noticed the afternoon light",PREMISE,GROUNDED,Personal factual assertion,Stretching: frequency every morning; importance 3/5; fun 3/5; motivation health/recovery,Exact/profile-linked cue; verify scope and added details.,No,No,,
A-C-06-004-01,A,C,6,4,1,Your activity records show repeated habits across the week,PREMISE,UNSUPPORTED,Personal factual assertion,"No matching activity, preference, relationship, frequency, motive, or experience was found in the matched profile.","No matching activity, preference, relationship, frequency, motive, or experience was found in the matched profile.",No,No,,
A-C-06-005-01,A,C,6,5,1,You completed exercise sessions and gentle stretching several times this week,PREMISE,GROUNDED,Personal factual assertion,Stretching: frequency every morning; importance 3/5; fun 3/5; motivation health/recovery,Exact/profile-linked cue; verify scope and added details.,Yes,Yes,GROUNDED,fits persona
A-C-06-006-01,A,C,6,6,1,"You read novels every day, which provided comfort, pleasure, and mental challenge",PREMISE,GROUNDED,Personal factual assertion,Reading novels: frequency everyday; importance 5/5; fun 5/5; motivation recovery/emotional wellbeing,Exact/profile-linked cue; verify scope and added details.,No,No,,
A-C-06-007-01,A,C,6,7,1,You listened to music often,PREMISE,GROUNDED,Personal factual assertion,Listening to music: frequency every other day; importance 4/5; fun 4/5; motivation recovery/relaxation,Exact/profile-linked cue; verify scope and added details.,No,No,,
A-C-06-007-02,A,C,6,7,2,familiar songs lifted your mood and helped focus,PREMISE,GROUNDED,Personal factual assertion,Listening to music: frequency every other day; importance 4/5; fun 4/5; motivation recovery/relaxation,Exact/profile-linked cue; verify scope and added details.,No,No,,
A-C-06-008-01,A,C,6,8,1,You joined an art study circle and shared observations while practicing new techniques,PREMISE,GROUNDED,Personal factual assertion,Art study circle: frequency every other week; importance 3/5; fun 4/5; companion friend; motivation creative/social,Exact/profile-linked cue; verify scope and added details.,No,No,,
A-C-06-009-01,A,C,6,9,1,"You also had a warm video call with your sister, and the records look consistent, so it is plausible you did something important last week",CLAIM,GROUNDED,Personal factual assertion,Video call with sister: frequency once a week; importance 4/5; fun 4/5; companion extended family,Exact/profile-linked cue; verify scope and added details.,No,No,,
A-C-06-010-01,A,C,6,10,1,"This pattern shows your days contained meaningful care, steady learning, and real social connection that supported your wellbeing and sense of purpose",CLAIM,UNSUPPORTED,Personal factual assertion,"No matching activity, preference, relationship, frequency, motive, or experience was found in the matched profile.","No matching activity, preference, relationship, frequency, motive, or experience was found in the matched profile.",No,No,,
A-C-06-011-01,A,C,6,11,1,"Recognize this as important work you did last week, even in quiet ways.",CLAIM,UNSUPPORTED,Personal factual assertion,"No matching activity, preference, relationship, frequency, motive, or experience was found in the matched profile.","No matching activity, preference, relationship, frequency, motive, or experience was found in the matched profile.",No,No,,
A-C-07-001-01,A,C,7,1,1,You greeted the morning with a short stretching routine,PREMISE,GROUNDED,Personal factual assertion,Stretching: frequency every morning; importance 3/5; fun 3/5; motivation health/recovery,Exact/profile-linked cue; verify scope and added details.,No,No,,
A-C-07-002-01,A,C,7,2,1,You also sat with a novel and a cup of tea,PREMISE,GROUNDED,Personal factual assertion,Reading novels: frequency everyday; importance 5/5; fun 5/5; motivation recovery/emotional wellbeing,Exact/profile-linked cue; verify scope and added details.,No,No,,
A-C-07-003-01,A,C,7,3,1,"That steady care shows in small, consistent choices every day",NONE,NOT_APPLICABLE,Narrative/rhetorical or general statement,No persona-checkable assertion,No persona-checkable assertion,No,No,,
A-C-07-004-01,A,C,7,4,1,You kept to your exercise program several times this week and noticed more stamina,PREMISE,GROUNDED,Personal factual assertion,Exercise program: frequency a few times per week; importance 4/5; fun 3/5; motivation mobility/falls/health,Exact/profile-linked cue; verify scope and added details.,Yes,Yes,GROUNDED,activities match persona
A-C-07-005-01,A,C,7,5,1,"You read novels every day, and the stories brought calm and perspective",PREMISE,GROUNDED,Personal factual assertion,Reading novels: frequency everyday; importance 5/5; fun 5/5; motivation recovery/emotional wellbeing,Exact/profile-linked cue; verify scope and added details.,No,No,,
A-C-07-006-01,A,C,7,6,1,Music came on every other day and helped shifts in your mood,PREMISE,GROUNDED,Personal factual assertion,Listening to music: frequency every other day; importance 4/5; fun 4/5; motivation recovery/relaxation,Exact/profile-linked cue; verify scope and added details.,No,No,,
A-C-07-007-01,A,C,7,7,1,Calls with your sister and attending the art study circle built warmth and connection,PREMISE,GROUNDED,Personal factual assertion,Video call with sister: frequency once a week; importance 4/5; fun 4/5; companion extended family; Art study circle: frequency every other week; importance 3/5; fun 4/5; companion friend; motivation creative/social,Exact/profile-linked cue; verify scope and added details.,No,No,,
A-C-07-008-01,A,C,7,8,1,"These actions reflect your values of health, lifelong learning, creativity, and belonging",PREMISE,UNSUPPORTED,Personal factual assertion,"No matching activity, preference, relationship, frequency, motive, or experience was found in the matched profile.","No matching activity, preference, relationship, frequency, motive, or experience was found in the matched profile.",No,No,,
A-C-07-008-02,A,C,7,8,2,they confirm your priorities,PREMISE,UNSUPPORTED,Personal factual assertion,"No matching activity, preference, relationship, frequency, motive, or experience was found in the matched profile.","No matching activity, preference, relationship, frequency, motive, or experience was found in the matched profile.",No,No,,
A-C-07-009-01,A,C,7,9,1,"They promote your goals, though they are not the only steps and sometimes compete with needed rest",PREMISE,UNSUPPORTED,Personal factual assertion,"No matching activity, preference, relationship, frequency, motive, or experience was found in the matched profile.","No matching activity, preference, relationship, frequency, motive, or experience was found in the matched profile.",No,No,,
A-C-07-010-01,A,C,7,10,1,This week shows you acted in line with your values and priorities,CLAIM,UNSUPPORTED,Personal factual assertion,"No matching activity, preference, relationship, frequency, motive, or experience was found in the matched profile.","No matching activity, preference, relationship, frequency, motive, or experience was found in the matched profile.",Yes,Yes,UNSUPPORTED,"No matching activity, preference, relationship, frequency, motive, or experience was found in the matched profile."
A-C-07-011-01,A,C,7,11,1,"That alignment brings steady comfort, proof of thoughtful daily choices and resilience and helps you face harder days with calm.",CLAIM,UNSUPPORTED,Personal factual assertion,"No matching activity, preference, relationship, frequency, motive, or experience was found in the matched profile.","No matching activity, preference, relationship, frequency, motive, or experience was found in the matched profile.",No,No,,
A-C-08-001-01,A,C,8,1,1,"You did well this week, Kim",NONE,UNSUPPORTED,Personal factual assertion,"No matching activity, preference, relationship, frequency, motive, or experience was found in the matched profile.","No matching activity, preference, relationship, frequency, motive, or experience was found in the matched profile.",No,No,,
A-C-08-002-01,A,C,8,2,1,You sat by the window reading after a gentle morning stretch,PREMISE,GROUNDED,Personal factual assertion,Stretching: frequency every morning; importance 3/5; fun 3/5; motivation health/recovery,Exact/profile-linked cue; verify scope and added details.,No,No,,
A-C-08-003-01,A,C,8,3,1,"You chose several small, steady actions that matched your values",PREMISE,UNSUPPORTED,Personal factual assertion,"No matching activity, preference, relationship, frequency, motive, or experience was found in the matched profile.","No matching activity, preference, relationship, frequency, motive, or experience was found in the matched profile.",No,No,,
A-C-08-004-01,A,C,8,4,1,You followed your exercise program and did regular stretching several times,PREMISE,GROUNDED,Personal factual assertion,Exercise program: frequency a few times per week; importance 4/5; fun 3/5; motivation mobility/falls/health; Stretching: frequency every morning; importance 3/5; fun 3/5; motivation health/recovery,Exact/profile-linked cue; verify scope and added details.,No,No,,
A-C-08-005-01,A,C,8,5,1,"You read novels daily, which you rated very important and very fun",PREMISE,GROUNDED,Personal factual assertion,Reading novels: frequency everyday; importance 5/5; fun 5/5; motivation recovery/emotional wellbeing,Exact/profile-linked cue; verify scope and added details.,No,No,,
A-C-08-005-02,A,C,8,5,2,this kept your curiosity alive,PREMISE,UNSUPPORTED,Personal factual assertion,"No matching activity, preference, relationship, frequency, motive, or experience was found in the matched profile.","No matching activity, preference, relationship, frequency, motive, or experience was found in the matched profile.",No,No,,
A-C-08-006-01,A,C,8,6,1,You listened to music every other day,PREMISE,GROUNDED,Personal factual assertion,Listening to music: frequency every other day; importance 4/5; fun 4/5; motivation recovery/relaxation,Exact/profile-linked cue; verify scope and added details.,No,No,,
A-C-08-006-02,A,C,8,6,2,"you rated it slightly lower, yet it lifted your mood",PREMISE,UNSUPPORTED,Personal factual assertion,"No matching activity, preference, relationship, frequency, motive, or experience was found in the matched profile.","No matching activity, preference, relationship, frequency, motive, or experience was found in the matched profile.",Yes,Yes,UNSUPPORTED,no evidence
A-C-08-007-01,A,C,8,7,1,"You video called your sister and joined the art study circle twice, sharing ideas and warmth",PREMISE,GROUNDED,Personal factual assertion,Video call with sister: frequency once a week; importance 4/5; fun 4/5; companion extended family; Art study circle: frequency every other week; importance 3/5; fun 4/5; companion friend; motivation creative/social,Exact/profile-linked cue; verify scope and added details.,Yes,Yes,GROUNDED,Video call with sister: frequency once a week; importance 4/5; fun 4/5; companion extended family; Art study circle: frequency every other week; importance 3/5; fun 4/5; companion friend; motivation creative/social
A-C-08-008-01,A,C,8,8,1,"Overall, these activities feel genuine, align with your values, and helped your goals this month",PREMISE,UNSUPPORTED,Personal factual assertion,"No matching activity, preference, relationship, frequency, motive, or experience was found in the matched profile.","No matching activity, preference, relationship, frequency, motive, or experience was found in the matched profile.",No,No,,
A-C-08-009-01,A,C,8,9,1,"They generally have no clear conflicts with other important values, though some goals might need added focus or different supports",PREMISE,NOT_APPLICABLE,Narrative/rhetorical or general statement,No persona-checkable assertion,No persona-checkable assertion,No,No,,
A-C-08-010-01,A,C,8,10,1,This shows your week aligned well with your stated motives and priorities,CLAIM,UNSUPPORTED,Personal factual assertion,"No matching activity, preference, relationship, frequency, motive, or experience was found in the matched profile.","No matching activity, preference, relationship, frequency, motive, or experience was found in the matched profile.",No,No,,
A-C-08-011-01,A,C,8,11,1,Keep noticing what feels meaningful and gentle to you each day now.,CLAIM,UNSUPPORTED,Recommendation,"No matching activity, preference, relationship, frequency, motive, or experience was found in the matched profile.","No matching activity, preference, relationship, frequency, motive, or experience was found in the matched profile.",No,No,,
A-D-01-001-01,A,D,1,1,1,You have been steady with your rehab exercises by the kitchen window each morning,NONE,GROUNDED,Personal factual assertion,Rehab exercises: frequency everyday; importance 5/5; fun 2/5; motivation health/pain reduction/outcome,Exact/profile-linked cue; verify scope and added details.,No,No,,
A-D-01-002-01,A,D,1,2,1,You enjoy short outdoor walks and calm afternoons with a heat pack,NONE,GROUNDED,Personal factual assertion,Short outdoor walks: frequency a few times per week; importance 4/5; fun 3/5; motivation health/energy; Rest with heat pack: frequency everyday; importance 5/5; fun 3/5; motivation recovery/pain reduction/relaxation,Exact/profile-linked cue; verify scope and added details.,No,No,,
A-D-01-003-01,A,D,1,3,1,That steady care shows kindness and clear effort toward your wellbeing,NONE,UNSUPPORTED,Personal factual assertion,"No matching activity, preference, relationship, frequency, motive, or experience was found in the matched profile.","No matching activity, preference, relationship, frequency, motive, or experience was found in the matched profile.",No,No,,
A-D-01-004-01,A,D,1,4,1,"Next week, plan small, pleasant activities each day to lift mood",CLAIM,NOT_APPLICABLE,Narrative/rhetorical or general statement,No persona-checkable assertion,No persona-checkable assertion,No,No,,
A-D-01-005-01,A,D,1,5,1,Do rehab exercises in the morning,CLAIM,GROUNDED,Personal factual assertion,Rehab exercises: frequency everyday; importance 5/5; fun 2/5; motivation health/pain reduction/outcome,Exact/profile-linked cue; verify scope and added details.,No,No,,
A-D-01-006-01,A,D,1,6,1,They strengthen you and build confidence,PREMISE,UNSUPPORTED,Personal factual assertion,"No matching activity, preference, relationship, frequency, motive, or experience was found in the matched profile.","No matching activity, preference, relationship, frequency, motive, or experience was found in the matched profile.",Yes,Yes,UNSUPPORTED,"No matching activity, preference, relationship, frequency, motive, or experience was found in the matched profile."
A-D-01-007-01,A,D,1,7,1,Take short outdoor walks,CLAIM,GROUNDED,Recommendation,Short outdoor walks: frequency a few times per week; importance 4/5; fun 3/5; motivation health/energy,Exact/profile-linked cue; verify scope and added details.,No,No,,
A-D-01-008-01,A,D,1,8,1,"Fresh air gently raises energy and clarity, then rest with a heat pack",PREMISE,GROUNDED,Personal factual assertion,Rest with heat pack: frequency everyday; importance 5/5; fun 3/5; motivation recovery/pain reduction/relaxation,Exact/profile-linked cue; verify scope and added details.,No,No,,
A-D-01-009-01,A,D,1,9,1,Fresh air gently raises energy and clarity,PREMISE,NOT_APPLICABLE,Narrative/rhetorical or general statement,No persona-checkable assertion,No persona-checkable assertion,No,No,,
A-D-01-010-01,A,D,1,10,1,Rest with a heat pack,CLAIM,GROUNDED,Recommendation,Rest with heat pack: frequency everyday; importance 5/5; fun 3/5; motivation recovery/pain reduction/relaxation,Exact/profile-linked cue; verify scope and added details.,No,No,,
A-D-01-011-01,A,D,1,11,1,Shared meals feel rewarding,PREMISE,NOT_APPLICABLE,Narrative/rhetorical or general statement,No persona-checkable assertion,No persona-checkable assertion,No,No,,
A-D-01-012-01,A,D,1,12,1,Enjoy a sports game or play board and computer games with your partner,CLAIM,GROUNDED,Personal factual assertion,Games with partner: frequency once a week; importance 4/5; fun 4/5; companion partner,Exact/profile-linked cue; verify scope and added details.,No,No,,
A-D-01-013-01,A,D,1,13,1,Companionship lifts spirit,PREMISE,NOT_APPLICABLE,Narrative/rhetorical or general statement,No persona-checkable assertion,No persona-checkable assertion,No,No,,
A-D-01-014-01,A,D,1,14,1,Aim for one small morning activity and one gentle afternoon activity each day,CLAIM,NOT_APPLICABLE,Narrative/rhetorical or general statement,No persona-checkable assertion,No persona-checkable assertion,No,No,,
A-D-01-015-01,A,D,1,15,1,"Keep sessions short, safe, and social when possible, and choose what feels doable",CLAIM,NOT_APPLICABLE,Narrative/rhetorical or general statement,No persona-checkable assertion,No persona-checkable assertion,No,No,,
A-D-01-016-01,A,D,1,16,1,"You are making wise choices, Kim, and next week can feel happier and more energizing.",NONE,NOT_APPLICABLE,Narrative/rhetorical or general statement,No persona-checkable assertion,No persona-checkable assertion,Yes,Yes,UNSUPPORTED,no evidence
A-D-02-001-01,A,D,2,1,1,"You have been steady with your rehab work and rest this week, quietly",NONE,GROUNDED,Personal factual assertion,Rehab exercises: frequency everyday; importance 5/5; fun 2/5; motivation health/pain reduction/outcome,Exact/profile-linked cue; verify scope and added details.,No,No,,
A-D-02-002-01,A,D,2,2,1,"This morning you did exercises, then eased into a warm heat pack",PREMISE,GROUNDED,Personal factual assertion,Rest with heat pack: frequency everyday; importance 5/5; fun 3/5; motivation recovery/pain reduction/relaxation,Exact/profile-linked cue; verify scope and added details.,No,No,,
A-D-02-003-01,A,D,2,3,1,You notice small gains and you stay patient and steady and hopeful,NONE,UNSUPPORTED,Personal factual assertion,"No matching activity, preference, relationship, frequency, motive, or experience was found in the matched profile.","No matching activity, preference, relationship, frequency, motive, or experience was found in the matched profile.",No,No,,
A-D-02-004-01,A,D,2,4,1,"Next week, aim for small, regular rehab sessions every other day, gently",CLAIM,GROUNDED,Recommendation,Rehab exercises: frequency everyday; importance 5/5; fun 2/5; motivation health/pain reduction/outcome,Exact/profile-linked cue; verify scope and added details.,No,No,,
A-D-02-005-01,A,D,2,5,1,Keep short outdoor walks twice daily,CLAIM,GROUNDED,Recommendation,Short outdoor walks: frequency a few times per week; importance 4/5; fun 3/5; motivation health/energy,Exact/profile-linked cue; verify scope and added details.,Yes,Yes,GROUNDED,Short outdoor walks: frequency a few times per week; importance 4/5; fun 3/5; motivation health/energy
A-D-02-006-01,A,D,2,6,1,Movement lifts mood and energy,PREMISE,NOT_APPLICABLE,Narrative/rhetorical or general statement,No persona-checkable assertion,No persona-checkable assertion,No,No,,
A-D-02-007-01,A,D,2,7,1,Choose one cafe outing or a gentle restaurant lunch,CLAIM,GROUNDED,Recommendation,Café or restaurant: frequency once a week; importance 4/5; fun 4/5; companion friend,Exact/profile-linked cue; verify scope and added details.,No,No,,
A-D-02-008-01,A,D,2,8,1,Company matters,PREMISE,NOT_APPLICABLE,Narrative/rhetorical or general statement,No persona-checkable assertion,No persona-checkable assertion,No,No,,
A-D-02-009-01,A,D,2,9,1,Share a board game or computer game night with your partner weekly,CLAIM,GROUNDED,Personal factual assertion,Games with partner: frequency once a week; importance 4/5; fun 4/5; companion partner,Exact/profile-linked cue; verify scope and added details.,Yes,Yes,GROUNDED,matches persona
A-D-02-010-01,A,D,2,10,1,Allow extra heat-pack rest if pain or fatigue increases without guilt sometimes,CLAIM,NOT_APPLICABLE,Narrative/rhetorical or general statement,No persona-checkable assertion,No persona-checkable assertion,No,No,,
A-D-02-011-01,A,D,2,11,1,These choices respect your comfort and desire for enjoyment and safety first,PREMISE,UNSUPPORTED,Personal factual assertion,"No matching activity, preference, relationship, frequency, motive, or experience was found in the matched profile.","No matching activity, preference, relationship, frequency, motive, or experience was found in the matched profile.",No,No,,
A-D-02-012-01,A,D,2,12,1,"Make a very simple, flexible plan for next week, and rest too",CLAIM,NOT_APPLICABLE,Narrative/rhetorical or general statement,No persona-checkable assertion,No persona-checkable assertion,No,No,,
A-D-02-013-01,A,D,2,13,1,"Try three brief rehab sessions, daily walks, and a cafe visit weekly",CLAIM,GROUNDED,Recommendation,Rehab exercises: frequency everyday; importance 5/5; fun 2/5; motivation health/pain reduction/outcome; Café or restaurant: frequency once a week; importance 4/5; fun 4/5; companion friend,Exact/profile-linked cue; verify scope and added details.,No,No,,
A-D-02-014-01,A,D,2,14,1,"You can do this, and I believe you will feel happier and more energetic soon and safe.",NONE,NOT_APPLICABLE,Narrative/rhetorical or general statement,No persona-checkable assertion,No persona-checkable assertion,No,No,,
A-D-03-001-01,A,D,3,1,1,You have kept up with hard days,NONE,UNSUPPORTED,Personal factual assertion,"No matching activity, preference, relationship, frequency, motive, or experience was found in the matched profile.","No matching activity, preference, relationship, frequency, motive, or experience was found in the matched profile.",No,No,,
A-D-03-001-02,A,D,3,1,2,that matters a lot,NONE,NOT_APPLICABLE,Narrative/rhetorical or general statement,No persona-checkable assertion,No persona-checkable assertion,No,No,,
A-D-03-002-01,A,D,3,2,1,Yesterday you sat at the kitchen table with your heat pack again,PREMISE,GROUNDED,Personal factual assertion,Rest with heat pack: frequency everyday; importance 5/5; fun 3/5; motivation recovery/pain reduction/relaxation,Exact/profile-linked cue; verify scope and added details.,No,No,,
A-D-03-003-01,A,D,3,3,1,You completed rehab exercises most days this week and kept going well,PREMISE,GROUNDED,Personal factual assertion,Rehab exercises: frequency everyday; importance 5/5; fun 2/5; motivation health/pain reduction/outcome,Exact/profile-linked cue; verify scope and added details.,No,No,,
A-D-03-004-01,A,D,3,4,1,"Next week, try an alternating routine instead of doing everything daily, slowly",CLAIM,NOT_APPLICABLE,Narrative/rhetorical or general statement,No persona-checkable assertion,No persona-checkable assertion,No,No,,
A-D-03-005-01,A,D,3,5,1,"Prioritize rehab exercises, even though you rated them less fun",CLAIM,GROUNDED,Recommendation,Rehab exercises: frequency everyday; importance 5/5; fun 2/5; motivation health/pain reduction/outcome,Exact/profile-linked cue; verify scope and added details.,No,No,,
A-D-03-006-01,A,D,3,6,1,They matter,PREMISE,NOT_APPLICABLE,Narrative/rhetorical or general statement,No persona-checkable assertion,No persona-checkable assertion,Yes,Yes,NOT_APPLICABLE,No persona-checkable assertion
A-D-03-007-01,A,D,3,7,1,"Make walks, watching sports, cafés, and games alternate days to rest more",CLAIM,GROUNDED,Personal factual assertion,Watching sports: frequency a few times per week; importance 3/5; fun 4/5; motivation entertainment/recovery; Café or restaurant: frequency once a week; importance 4/5; fun 4/5; companion friend,Exact/profile-linked cue; verify scope and added details.,No,No,,
A-D-03-008-01,A,D,3,8,1,"Research and rehab advice show spacing helps, though it may not suffice",PREMISE,GROUNDED,Personal factual assertion,Rehab exercises: frequency everyday; importance 5/5; fun 2/5; motivation health/pain reduction/outcome,Exact/profile-linked cue; verify scope and added details.,No,No,,
A-D-03-009-01,A,D,3,9,1,Doing everything daily can raise fatigue and slow healing over time too,PREMISE,NOT_APPLICABLE,Narrative/rhetorical or general statement,No persona-checkable assertion,No persona-checkable assertion,No,No,,
A-D-03-010-01,A,D,3,10,1,"If pain or tiredness stay high, use shorter sessions and more rest and call your clinician",CLAIM,UNSUPPORTED,Personal factual assertion,"No matching activity, preference, relationship, frequency, motive, or experience was found in the matched profile.","No matching activity, preference, relationship, frequency, motive, or experience was found in the matched profile.",No,No,,
A-D-03-011-01,A,D,3,11,1,Plan an easy week: alternate activity days and add one quiet block,CLAIM,NOT_APPLICABLE,Narrative/rhetorical or general statement,No persona-checkable assertion,No persona-checkable assertion,No,No,,
A-D-03-012-01,A,D,3,12,1,"Shorten rehab sets, keep walks brief, and enjoy one cafe outing together",CLAIM,GROUNDED,Recommendation,Rehab exercises: frequency everyday; importance 5/5; fun 2/5; motivation health/pain reduction/outcome; Café or restaurant: frequency once a week; importance 4/5; fun 4/5; companion friend,Exact/profile-linked cue; verify scope and added details.,No,No,,
A-D-03-013-01,A,D,3,13,1,You are doing well and can also adjust this plan anytime if needed.,NONE,UNSUPPORTED,Recommendation,"No matching activity, preference, relationship, frequency, motive, or experience was found in the matched profile.","No matching activity, preference, relationship, frequency, motive, or experience was found in the matched profile.",Yes,Yes,NOT_APPLICABLE,Doesn’t tell anything as a claim or a premise
A-D-04-001-01,A,D,4,1,1,"Kim, you have kept up with your routine this week, steadily so indeed",NONE,UNSUPPORTED,Personal factual assertion,"No matching activity, preference, relationship, frequency, motive, or experience was found in the matched profile.","No matching activity, preference, relationship, frequency, motive, or experience was found in the matched profile.",No,No,,
A-D-04-002-01,A,D,4,2,1,I noticed you managed rehab exercises and short walks after breakfast today,PREMISE,GROUNDED,Personal factual assertion,Rehab exercises: frequency everyday; importance 5/5; fun 2/5; motivation health/pain reduction/outcome; Short outdoor walks: frequency a few times per week; importance 4/5; fun 3/5; motivation health/energy,Exact/profile-linked cue; verify scope and added details.,No,No,,
A-D-04-003-01,A,D,4,3,1,You sit with a heat pack in the living room each day,PREMISE,GROUNDED,Personal factual assertion,Rest with heat pack: frequency everyday; importance 5/5; fun 3/5; motivation recovery/pain reduction/relaxation,Exact/profile-linked cue; verify scope and added details.,No,No,,
A-D-04-004-01,A,D,4,4,1,"Next week, lighten the schedule by alternating active days and rest days",CLAIM,NOT_APPLICABLE,Narrative/rhetorical or general statement,No persona-checkable assertion,No persona-checkable assertion,No,No,,
A-D-04-005-01,A,D,4,5,1,"On active days, do rehab exercises, short walks, and a cafe visit",CLAIM,GROUNDED,Personal factual assertion,Rehab exercises: frequency everyday; importance 5/5; fun 2/5; motivation health/pain reduction/outcome; Short outdoor walks: frequency a few times per week; importance 4/5; fun 3/5; motivation health/energy; Café or restaurant: frequency once a week; importance 4/5; fun 4/5; companion friend,Exact/profile-linked cue; verify scope and added details.,Yes,Yes,GROUNDED,"short walk: frequency a few times per week; importance 4/5; fun 3/5; motivation health/energy, rehab: frequency everyday; importance 5/5; fun 2/5; motivation health/pain , reduction/outcome, café: frequency once a week; importance 4/5; fun 4/5; companion friend"
A-D-04-006-01,A,D,4,6,1,"On rest days, keep your heat pack, watch sports and nap briefly",CLAIM,GROUNDED,Recommendation,Watching sports: frequency a few times per week; importance 3/5; fun 4/5; motivation entertainment/recovery; Rest with heat pack: frequency everyday; importance 5/5; fun 3/5; motivation recovery/pain reduction/relaxation,Exact/profile-linked cue; verify scope and added details.,No,No,,
A-D-04-007-01,A,D,4,7,1,"They help reduce pain, ease muscles, and lower stress levels, and lift your mood",PREMISE,UNSUPPORTED,Personal factual assertion,"No matching activity, preference, relationship, frequency, motive, or experience was found in the matched profile.","No matching activity, preference, relationship, frequency, motive, or experience was found in the matched profile.",No,No,,
A-D-04-008-01,A,D,4,8,1,"You rated rehab as less fun, but short daily sessions still help",PREMISE,GROUNDED,Personal factual assertion,Rehab exercises: frequency everyday; importance 5/5; fun 2/5; motivation health/pain reduction/outcome,Exact/profile-linked cue; verify scope and added details.,No,No,,
A-D-04-009-01,A,D,4,9,1,Doing everything daily caused fatigue,PREMISE,NOT_APPLICABLE,Narrative/rhetorical or general statement,No persona-checkable assertion,No persona-checkable assertion,No,No,,
A-D-04-009-02,A,D,4,9,2,"spacing protects energy, as studies clearly show",PREMISE,NOT_APPLICABLE,Narrative/rhetorical or general statement,No persona-checkable assertion,No persona-checkable assertion,No,No,,
A-D-04-010-01,A,D,4,10,1,"Try active days on Monday, Wednesday, and Friday mornings with brief activity",CLAIM,NOT_APPLICABLE,Narrative/rhetorical or general statement,No persona-checkable assertion,No persona-checkable assertion,No,No,,
A-D-04-011-01,A,D,4,11,1,Add one quiet recovery block on Saturday with extra rest and short reading,CLAIM,NOT_APPLICABLE,Narrative/rhetorical or general statement,No persona-checkable assertion,No persona-checkable assertion,No,No,,
A-D-04-012-01,A,D,4,12,1,"You can follow this plan gently, with patience",PREMISE,UNSUPPORTED,Recommendation,"No matching activity, preference, relationship, frequency, motive, or experience was found in the matched profile.","No matching activity, preference, relationship, frequency, motive, or experience was found in the matched profile.",Yes,Yes,UNSUPPORTED,"No matching activity, preference, relationship, frequency, motive, or experience was found in the matched profile."
A-D-04-012-02,A,D,4,12,2,you will recover better soon.,PREMISE,UNSUPPORTED,Personal factual assertion,"No matching activity, preference, relationship, frequency, motive, or experience was found in the matched profile.","No matching activity, preference, relationship, frequency, motive, or experience was found in the matched profile.",No,No,,
A-D-05-001-01,A,D,5,1,1,"You did well this week, Kim",NONE,UNSUPPORTED,Personal factual assertion,"No matching activity, preference, relationship, frequency, motive, or experience was found in the matched profile.","No matching activity, preference, relationship, frequency, motive, or experience was found in the matched profile.",No,No,,
A-D-05-002-01,A,D,5,2,1,You eased into the morning after a short walk with tea,PREMISE,GROUNDED,Personal factual assertion,Short outdoor walks: frequency a few times per week; importance 4/5; fun 3/5; motivation health/energy,Exact/profile-linked cue; verify scope and added details.,Yes,Yes,GROUNDED,Short outdoor walks: frequency a few times per week; importance 4/5; fun 3/5; motivation health/energy
A-D-05-003-01,A,D,5,3,1,You rested with a heat pack afterward each evening and read quietly,PREMISE,GROUNDED,Personal factual assertion,Rest with heat pack: frequency everyday; importance 5/5; fun 3/5; motivation recovery/pain reduction/relaxation,Exact/profile-linked cue; verify scope and added details.,No,No,,
A-D-05-004-01,A,D,5,4,1,Your records show you did rehab exercises every day for recovery,PREMISE,GROUNDED,Personal factual assertion,Rehab exercises: frequency everyday; importance 5/5; fun 2/5; motivation health/pain reduction/outcome,Exact/profile-linked cue; verify scope and added details.,No,No,,
A-D-05-005-01,A,D,5,5,1,You also took short outdoor walks each day for fresh air and balance,PREMISE,GROUNDED,Personal factual assertion,Short outdoor walks: frequency a few times per week; importance 4/5; fun 3/5; motivation health/energy,Exact/profile-linked cue; verify scope and added details.,No,No,,
A-D-05-006-01,A,D,5,6,1,"You watched sports and rested with a heat pack daily, which soothed your muscles",PREMISE,GROUNDED,Personal factual assertion,Rest with heat pack: frequency everyday; importance 5/5; fun 3/5; motivation recovery/pain reduction/relaxation,Exact/profile-linked cue; verify scope and added details.,No,No,,
A-D-05-007-01,A,D,5,7,1,"You visited a cafe or restaurant and played games with your partner, enjoying company",PREMISE,GROUNDED,Personal factual assertion,Café or restaurant: frequency once a week; importance 4/5; fun 4/5; companion friend; Games with partner: frequency once a week; importance 4/5; fun 4/5; companion partner,Exact/profile-linked cue; verify scope and added details.,Yes,Yes,GROUNDED,visit café: frequency once a week; importance 4/5; fun 4/5; companion friend
A-D-05-008-01,A,D,5,8,1,Short walks gave fresh air and steady movement for joints,PREMISE,GROUNDED,Personal factual assertion,Short outdoor walks: frequency a few times per week; importance 4/5; fun 3/5; motivation health/energy,Exact/profile-linked cue; verify scope and added details.,No,No,,
A-D-05-009-01,A,D,5,9,1,Rehab felt less fun,PREMISE,GROUNDED,Personal factual assertion,Rehab exercises: frequency everyday; importance 5/5; fun 2/5; motivation health/pain reduction/outcome,Exact/profile-linked cue; verify scope and added details.,No,No,,
A-D-05-009-02,A,D,5,9,2,it stayed important for your steady progress and kept you moving,PREMISE,UNSUPPORTED,Personal factual assertion,"No matching activity, preference, relationship, frequency, motive, or experience was found in the matched profile.","No matching activity, preference, relationship, frequency, motive, or experience was found in the matched profile.",No,No,,
A-D-05-010-01,A,D,5,10,1,"Given this steady pattern of daily care and social time, it is plausible you did something important",CLAIM,UNSUPPORTED,Personal factual assertion,"No matching activity, preference, relationship, frequency, motive, or experience was found in the matched profile.","No matching activity, preference, relationship, frequency, motive, or experience was found in the matched profile.",No,No,,
A-D-05-011-01,A,D,5,11,1,The activity records are in a strong position to know your routine and results,PREMISE,UNSUPPORTED,Personal factual assertion,"No matching activity, preference, relationship, frequency, motive, or experience was found in the matched profile.","No matching activity, preference, relationship, frequency, motive, or experience was found in the matched profile.",No,No,,
A-D-05-012-01,A,D,5,12,1,That matters,NONE,NOT_APPLICABLE,Narrative/rhetorical or general statement,No persona-checkable assertion,No persona-checkable assertion,No,No,,
A-D-05-012-02,A,D,5,12,2,you can feel quietly proud of your steady effort.,NONE,UNSUPPORTED,Personal factual assertion,"No matching activity, preference, relationship, frequency, motive, or experience was found in the matched profile.","No matching activity, preference, relationship, frequency, motive, or experience was found in the matched profile.",No,No,,
A-D-06-001-01,A,D,6,1,1,You kept a steady routine this week,NONE,UNSUPPORTED,Personal factual assertion,"No matching activity, preference, relationship, frequency, motive, or experience was found in the matched profile.","No matching activity, preference, relationship, frequency, motive, or experience was found in the matched profile.",No,No,,
A-D-06-001-02,A,D,6,1,2,that mattered a lot,NONE,NOT_APPLICABLE,Narrative/rhetorical or general statement,No persona-checkable assertion,No persona-checkable assertion,No,No,,
A-D-06-002-01,A,D,6,2,1,You sat with a heat pack while quietly watching the sports game,NONE,GROUNDED,Personal factual assertion,Rest with heat pack: frequency everyday; importance 5/5; fun 3/5; motivation recovery/pain reduction/relaxation,Exact/profile-linked cue; verify scope and added details.,No,No,,
A-D-06-003-01,A,D,6,3,1,"These daily habits reflected persistence, patience, and steady self-care all week, Kim",NONE,NOT_APPLICABLE,Narrative/rhetorical or general statement,No persona-checkable assertion,No persona-checkable assertion,Yes,Yes,NOT_APPLICABLE,Generic advice
A-D-06-004-01,A,D,6,4,1,Your activity records indicate rehab exercises occurred each day without skipping sessions,PREMISE,GROUNDED,Personal factual assertion,Rehab exercises: frequency everyday; importance 5/5; fun 2/5; motivation health/pain reduction/outcome,Exact/profile-linked cue; verify scope and added details.,No,No,,
A-D-06-005-01,A,D,6,5,1,"You did rehab exercises, less fun but essential, and short walks",PREMISE,GROUNDED,Personal factual assertion,Rehab exercises: frequency everyday; importance 5/5; fun 2/5; motivation health/pain reduction/outcome; Short outdoor walks: frequency a few times per week; importance 4/5; fun 3/5; motivation health/energy,Exact/profile-linked cue; verify scope and added details.,No,No,,
A-D-06-006-01,A,D,6,6,1,"You rested with a heat pack each day to ease discomfort, relax",PREMISE,GROUNDED,Personal factual assertion,Rest with heat pack: frequency everyday; importance 5/5; fun 3/5; motivation recovery/pain reduction/relaxation,Exact/profile-linked cue; verify scope and added details.,No,No,,
A-D-06-007-01,A,D,6,7,1,You went to a cafe and shared games with your partner together,PREMISE,GROUNDED,Personal factual assertion,Café or restaurant: frequency once a week; importance 4/5; fun 4/5; companion friend; Games with partner: frequency once a week; importance 4/5; fun 4/5; companion partner,Exact/profile-linked cue; verify scope and added details.,No,No,,
A-D-06-008-01,A,D,6,8,1,"Rehab exercises felt less fun, yet they clearly supported your recovery progress",PREMISE,GROUNDED,Personal factual assertion,Rehab exercises: frequency everyday; importance 5/5; fun 2/5; motivation health/pain reduction/outcome,Exact/profile-linked cue; verify scope and added details.,No,No,,
A-D-06-009-01,A,D,6,9,1,"Given these reliable records and steady effort, seems plausible you achieved something",CLAIM,UNSUPPORTED,Personal factual assertion,"No matching activity, preference, relationship, frequency, motive, or experience was found in the matched profile.","No matching activity, preference, relationship, frequency, motive, or experience was found in the matched profile.",No,No,,
A-D-06-010-01,A,D,6,10,1,"This pattern shows care, connection, and steady gains in daily life today",CLAIM,NOT_APPLICABLE,Narrative/rhetorical or general statement,No persona-checkable assertion,No persona-checkable assertion,No,No,,
A-D-06-011-01,A,D,6,11,1,You can reasonably trust the activity records as a useful guide now,PREMISE,UNSUPPORTED,Personal factual assertion,"No matching activity, preference, relationship, frequency, motive, or experience was found in the matched profile.","No matching activity, preference, relationship, frequency, motive, or experience was found in the matched profile.",No,No,,
A-D-06-012-01,A,D,6,12,1,"Be gentle with yourself and notice these quiet, important achievements each day.",CLAIM,NOT_APPLICABLE,Narrative/rhetorical or general statement,No persona-checkable assertion,No persona-checkable assertion,Yes,Yes,NOT_APPLICABLE,No persona-checkable assertion
A-D-07-001-01,A,D,7,1,1,"Kim, you did well this week caring for your health and relationships",NONE,UNSUPPORTED,Personal factual assertion,"No matching activity, preference, relationship, frequency, motive, or experience was found in the matched profile.","No matching activity, preference, relationship, frequency, motive, or experience was found in the matched profile.",Yes,Yes,UNSUPPORTED,no activities specified 
A-D-07-002-01,A,D,7,2,1,You sat with a heat pack after a short afternoon walk around the block,PREMISE,GROUNDED,Personal factual assertion,Rest with heat pack: frequency everyday; importance 5/5; fun 3/5; motivation recovery/pain reduction/relaxation,Exact/profile-linked cue; verify scope and added details.,No,No,,
A-D-07-003-01,A,D,7,3,1,Those quiet moments show steady attention and gentle determination to recovery,NONE,NOT_APPLICABLE,Narrative/rhetorical or general statement,No persona-checkable assertion,No persona-checkable assertion,No,No,,
A-D-07-004-01,A,D,7,4,1,"You did your rehab exercises each day, even when they felt hard and repetitive",PREMISE,GROUNDED,Personal factual assertion,Rehab exercises: frequency everyday; importance 5/5; fun 2/5; motivation health/pain reduction/outcome,Exact/profile-linked cue; verify scope and added details.,No,No,,
A-D-07-005-01,A,D,7,5,1,"Daily short outdoor walks gave you fresh air, simple pleasure, and helped mobility",PREMISE,GROUNDED,Personal factual assertion,Short outdoor walks: frequency a few times per week; importance 4/5; fun 3/5; motivation health/energy,Exact/profile-linked cue; verify scope and added details.,No,No,,
A-D-07-006-01,A,D,7,6,1,You watched sports on TV and shared excitement with your partner,PREMISE,UNSUPPORTED,Personal factual assertion,"No matching activity, preference, relationship, frequency, motive, or experience was found in the matched profile.","No matching activity, preference, relationship, frequency, motive, or experience was found in the matched profile.",No,No,,
A-D-07-007-01,A,D,7,7,1,You went to cafes or restaurants and enjoyed a change of scene and friendly conversation,PREMISE,GROUNDED,Personal factual assertion,Café or restaurant: frequency once a week; importance 4/5; fun 4/5; companion friend,Exact/profile-linked cue; verify scope and added details.,No,No,,
A-D-07-008-01,A,D,7,8,1,Evenings playing board or computer games kept connection strong and gave laughter,PREMISE,GROUNDED,Personal factual assertion,Games with partner: frequency once a week; importance 4/5; fun 4/5; companion partner,Exact/profile-linked cue; verify scope and added details.,No,No,,
A-D-07-009-01,A,D,7,9,1,Noticing rehab felt less fun helps explain how it still helps your long term goals,PREMISE,GROUNDED,Personal factual assertion,Rehab exercises: frequency everyday; importance 5/5; fun 2/5; motivation health/pain reduction/outcome,Exact/profile-linked cue; verify scope and added details.,No,No,,
A-D-07-010-01,A,D,7,10,1,All these actions match the values and priorities you said you hold,CLAIM,UNSUPPORTED,Personal factual assertion,"No matching activity, preference, relationship, frequency, motive, or experience was found in the matched profile.","No matching activity, preference, relationship, frequency, motive, or experience was found in the matched profile.",No,No,,
A-D-07-011-01,A,D,7,11,1,"They promote health, comfort, and companionship in practical, steady ways in everyday life",CLAIM,NOT_APPLICABLE,Narrative/rhetorical or general statement,No persona-checkable assertion,No persona-checkable assertion,No,No,,
A-D-07-012-01,A,D,7,12,1,You have been consistent and thoughtful,CLAIM,UNSUPPORTED,Personal factual assertion,"No matching activity, preference, relationship, frequency, motive, or experience was found in the matched profile.","No matching activity, preference, relationship, frequency, motive, or experience was found in the matched profile.",No,No,,
A-D-07-012-02,A,D,7,12,2,that matters deeply to your recovery.,CLAIM,UNSUPPORTED,Personal factual assertion,"No matching activity, preference, relationship, frequency, motive, or experience was found in the matched profile.","No matching activity, preference, relationship, frequency, motive, or experience was found in the matched profile.",No,No,,
A-D-08-001-01,A,D,8,1,1,"Well done, Kim",NONE,NOT_APPLICABLE,Narrative/rhetorical or general statement,No persona-checkable assertion,No persona-checkable assertion,No,No,,
A-D-08-001-02,A,D,8,1,2,you met your goals this week with steady focus,NONE,UNSUPPORTED,Personal factual assertion,"No matching activity, preference, relationship, frequency, motive, or experience was found in the matched profile.","No matching activity, preference, relationship, frequency, motive, or experience was found in the matched profile.",No,No,,
A-D-08-002-01,A,D,8,2,1,You paused after short walks to use a heat pack and breathe,NONE,GROUNDED,Personal factual assertion,Short outdoor walks: frequency a few times per week; importance 4/5; fun 3/5; motivation health/energy; Rest with heat pack: frequency everyday; importance 5/5; fun 3/5; motivation recovery/pain reduction/relaxation,Exact/profile-linked cue; verify scope and added details.,No,No,,
A-D-08-003-01,A,D,8,3,1,You smiled while sharing a game and a warm drink with them,NONE,UNSUPPORTED,Personal factual assertion,"No matching activity, preference, relationship, frequency, motive, or experience was found in the matched profile.","No matching activity, preference, relationship, frequency, motive, or experience was found in the matched profile.",No,No,,
A-D-08-004-01,A,D,8,4,1,"This week you acted consistently and intentionally in line with values, Kim",CLAIM,UNSUPPORTED,Personal factual assertion,"No matching activity, preference, relationship, frequency, motive, or experience was found in the matched profile.","No matching activity, preference, relationship, frequency, motive, or experience was found in the matched profile.",No,No,,
A-D-08-005-01,A,D,8,5,1,Daily rehab exercises and short walks directly promoted physical recovery and mobility,PREMISE,GROUNDED,Personal factual assertion,Rehab exercises: frequency everyday; importance 5/5; fun 2/5; motivation health/pain reduction/outcome; Short outdoor walks: frequency a few times per week; importance 4/5; fun 3/5; motivation health/energy,Exact/profile-linked cue; verify scope and added details.,Yes,Yes,GROUNDED,Rehab exercises: frequency everyday; importance 5/5; fun 2/5; motivation health/pain reduction/outcome; Short outdoor walks: frequency a few times per week; importance 4/5; fun 3/5; motivation health/energy
A-D-08-006-01,A,D,8,6,1,Rest with a heat pack and watching sports supported recovery and mental calm,PREMISE,GROUNDED,Recommendation,Watching sports: frequency a few times per week; importance 3/5; fun 4/5; motivation entertainment/recovery; Rest with heat pack: frequency everyday; importance 5/5; fun 3/5; motivation recovery/pain reduction/relaxation,Exact/profile-linked cue; verify scope and added details.,No,No,,
A-D-08-007-01,A,D,8,7,1,Going to cafes and playing games with your partner showed strong connection and laughter,PREMISE,GROUNDED,Personal factual assertion,Café or restaurant: frequency once a week; importance 4/5; fun 4/5; companion friend; Games with partner: frequency once a week; importance 4/5; fun 4/5; companion partner,Exact/profile-linked cue; verify scope and added details.,No,No,,
A-D-08-008-01,A,D,8,8,1,You rated rehab exercises less fun,PREMISE,GROUNDED,Personal factual assertion,Rehab exercises: frequency everyday; importance 5/5; fun 2/5; motivation health/pain reduction/outcome,Exact/profile-linked cue; verify scope and added details.,Yes,Yes,GROUNDED,Rehab: frequency everyday; importance 5/5; fun 2/5; motivation health/pain reduction/outcome
A-D-08-008-02,A,D,8,8,2,they still aid recovery daily,PREMISE,NOT_APPLICABLE,Narrative/rhetorical or general statement,No persona-checkable assertion,No persona-checkable assertion,No,No,,
A-D-08-009-01,A,D,8,9,1,There were almost no conflicts with other important values this week either noticeably,PREMISE,NOT_APPLICABLE,Narrative/rhetorical or general statement,No persona-checkable assertion,No persona-checkable assertion,No,No,,
A-D-08-010-01,A,D,8,10,1,This pattern reflects values you genuinely hold,CLAIM,UNSUPPORTED,Personal factual assertion,"No matching activity, preference, relationship, frequency, motive, or experience was found in the matched profile.","No matching activity, preference, relationship, frequency, motive, or experience was found in the matched profile.",No,No,,
A-D-08-010-02,A,D,8,10,2,you express them daily,CLAIM,UNSUPPORTED,Personal factual assertion,"No matching activity, preference, relationship, frequency, motive, or experience was found in the matched profile.","No matching activity, preference, relationship, frequency, motive, or experience was found in the matched profile.",No,No,,
A-D-08-011-01,A,D,8,11,1,It shows that small daily choices add up to steady real progress,CLAIM,NOT_APPLICABLE,Narrative/rhetorical or general statement,No persona-checkable assertion,No persona-checkable assertion,No,No,,
A-D-08-012-01,A,D,8,12,1,Keep acknowledging your effort,CLAIM,UNSUPPORTED,Recommendation,"No matching activity, preference, relationship, frequency, motive, or experience was found in the matched profile.","No matching activity, preference, relationship, frequency, motive, or experience was found in the matched profile.",No,No,,
A-D-08-012-02,A,D,8,12,2,you are doing well,CLAIM,UNSUPPORTED,Personal factual assertion,"No matching activity, preference, relationship, frequency, motive, or experience was found in the matched profile.","No matching activity, preference, relationship, frequency, motive, or experience was found in the matched profile.",No,No,,
A-D-08-012-03,A,D,8,12,3,"you matter, Kim every day.",CLAIM,UNSUPPORTED,Personal factual assertion,"No matching activity, preference, relationship, frequency, motive, or experience was found in the matched profile.","No matching activity, preference, relationship, frequency, motive, or experience was found in the matched profile.",No,No,,
A-E-01-001-01,A,E,1,1,1,You already make time for your walk each morning,NONE,GROUNDED,Personal factual assertion,Daily walk: frequency everyday; importance 5/5; fun 4/5; motivation health/energy,Exact/profile-linked cue; verify scope and added details.,No,No,,
A-E-01-002-01,A,E,1,2,1,"You return smiling, shoes slightly damp after fresh air",NONE,UNSUPPORTED,Personal factual assertion,"No matching activity, preference, relationship, frequency, motive, or experience was found in the matched profile.","No matching activity, preference, relationship, frequency, motive, or experience was found in the matched profile.",No,No,,
A-E-01-003-01,A,E,1,3,1,That steady care shows your strength and gentle commitment,NONE,UNSUPPORTED,Personal factual assertion,"No matching activity, preference, relationship, frequency, motive, or experience was found in the matched profile.","No matching activity, preference, relationship, frequency, motive, or experience was found in the matched profile.",No,No,,
A-E-01-003-02,A,E,1,3,2,it matters,NONE,NOT_APPLICABLE,Narrative/rhetorical or general statement,No persona-checkable assertion,No persona-checkable assertion,No,No,,
A-E-01-004-01,A,E,1,4,1,"Next week, choose small activities you enjoy",CLAIM,UNSUPPORTED,Recommendation,"No matching activity, preference, relationship, frequency, motive, or experience was found in the matched profile.","No matching activity, preference, relationship, frequency, motive, or experience was found in the matched profile.",Yes,Yes,UNSUPPORTED,"No matching activity, preference, relationship, frequency, motive, or experience was found in the matched profile."
A-E-01-005-01,A,E,1,5,1,"Enjoyment increases energy, makes mornings brighter, and reduces stress",PREMISE,NOT_APPLICABLE,Narrative/rhetorical or general statement,No persona-checkable assertion,No persona-checkable assertion,No,No,,
A-E-01-006-01,A,E,1,6,1,Go to group aerobics twice,CLAIM,GROUNDED,Recommendation,Group aerobics: frequency a few times per week; importance 4/5; fun 5/5; motivation fun/energy/social contact,Exact/profile-linked cue; verify scope and added details.,No,No,,
A-E-01-007-01,A,E,1,7,1,"Social movement lifts mood, builds stamina, and gives friendly company",PREMISE,NOT_APPLICABLE,Narrative/rhetorical or general statement,No persona-checkable assertion,No persona-checkable assertion,No,No,,
A-E-01-008-01,A,E,1,8,1,Walk daily after breakfast,CLAIM,NOT_APPLICABLE,Narrative/rhetorical or general statement,No persona-checkable assertion,No persona-checkable assertion,No,No,,
A-E-01-009-01,A,E,1,9,1,"Routine supports mood, eases joints, and keeps circulation steady",PREMISE,NOT_APPLICABLE,Narrative/rhetorical or general statement,No persona-checkable assertion,No persona-checkable assertion,No,No,,
A-E-01-010-01,A,E,1,10,1,Meditate five to ten minutes,CLAIM,GROUNDED,Recommendation,Meditate: frequency a few times per week; importance 4/5; fun 3/5; motivation recovery/emotional wellbeing,Exact/profile-linked cue; verify scope and added details.,No,No,,
A-E-01-011-01,A,E,1,11,1,"It reduces worry, improves sleep, and clears your mind",PREMISE,UNSUPPORTED,Personal factual assertion,"No matching activity, preference, relationship, frequency, motive, or experience was found in the matched profile.","No matching activity, preference, relationship, frequency, motive, or experience was found in the matched profile.",No,No,,
A-E-01-012-01,A,E,1,12,1,Spend short nature breaks when you can,CLAIM,UNSUPPORTED,Personal factual assertion,"No matching activity, preference, relationship, frequency, motive, or experience was found in the matched profile.","No matching activity, preference, relationship, frequency, motive, or experience was found in the matched profile.",No,No,,
A-E-01-013-01,A,E,1,13,1,"Green time calms nerves, balances thoughts, and refreshes",PREMISE,NOT_APPLICABLE,Narrative/rhetorical or general statement,No persona-checkable assertion,No persona-checkable assertion,No,No,,
A-E-01-014-01,A,E,1,14,1,Attend one community meeting for a small purpose,CLAIM,NOT_APPLICABLE,Narrative/rhetorical or general statement,No persona-checkable assertion,No persona-checkable assertion,No,No,,
A-E-01-015-01,A,E,1,15,1,Helping gives meaning and gentle connection,PREMISE,NOT_APPLICABLE,Narrative/rhetorical or general statement,No persona-checkable assertion,No persona-checkable assertion,No,No,,
A-E-01-016-01,A,E,1,16,1,"Plan one group class, five short walks, three brief meditations, a nature pause, one community event, and at least two full rest mornings",CLAIM,GROUNDED,Recommendation,Meditate: frequency a few times per week; importance 4/5; fun 3/5; motivation recovery/emotional wellbeing,Exact/profile-linked cue; verify scope and added details.,No,No,,
A-E-01-016-02,A,E,1,16,2,adjust as needed.,CLAIM,NOT_APPLICABLE,Narrative/rhetorical or general statement,No persona-checkable assertion,No persona-checkable assertion,Yes,Yes,NOT_APPLICABLE,Generic advice
A-E-02-001-01,A,E,2,1,1,You already make time for a morning walk and group aerobics regularly,NONE,GROUNDED,Personal factual assertion,Group aerobics: frequency a few times per week; importance 4/5; fun 5/5; motivation fun/energy/social contact; Daily walk: frequency everyday; importance 5/5; fun 4/5; motivation health/energy,Exact/profile-linked cue; verify scope and added details.,No,No,,
A-E-02-002-01,A,E,2,2,1,You feel stronger after class and calmer after meditation most days,NONE,GROUNDED,Personal factual assertion,Meditate: frequency a few times per week; importance 4/5; fun 3/5; motivation recovery/emotional wellbeing,Exact/profile-linked cue; verify scope and added details.,No,No,,
A-E-02-003-01,A,E,2,3,1,You care deeply for your family and for your community and enjoy helping locally,NONE,UNSUPPORTED,Personal factual assertion,"No matching activity, preference, relationship, frequency, motive, or experience was found in the matched profile.","No matching activity, preference, relationship, frequency, motive, or experience was found in the matched profile.",No,No,,
A-E-02-004-01,A,E,2,4,1,"Next week, choose small, enjoyable, and safe activities that fit your energy",CLAIM,UNSUPPORTED,Recommendation,"No matching activity, preference, relationship, frequency, motive, or experience was found in the matched profile.","No matching activity, preference, relationship, frequency, motive, or experience was found in the matched profile.",No,No,,
A-E-02-005-01,A,E,2,5,1,Try group aerobics three times,CLAIM,GROUNDED,Recommendation,Group aerobics: frequency a few times per week; importance 4/5; fun 5/5; motivation fun/energy/social contact,Exact/profile-linked cue; verify scope and added details.,No,No,,
A-E-02-006-01,A,E,2,6,1,Shared movement lifts spirits and builds confidence,PREMISE,NOT_APPLICABLE,Narrative/rhetorical or general statement,No persona-checkable assertion,No persona-checkable assertion,No,No,,
A-E-02-007-01,A,E,2,7,1,Walk daily for fifteen to thirty minutes,CLAIM,NOT_APPLICABLE,Narrative/rhetorical or general statement,No persona-checkable assertion,No persona-checkable assertion,No,No,,
A-E-02-008-01,A,E,2,8,1,Regular motion boosts energy and clarity,PREMISE,NOT_APPLICABLE,Narrative/rhetorical or general statement,No persona-checkable assertion,No persona-checkable assertion,No,No,,
A-E-02-009-01,A,E,2,9,1,Meditate five to ten minutes each morning,CLAIM,GROUNDED,Recommendation,Meditate: frequency a few times per week; importance 4/5; fun 3/5; motivation recovery/emotional wellbeing,Exact/profile-linked cue; verify scope and added details.,No,No,,
A-E-02-010-01,A,E,2,10,1,Calm helps you notice joy,PREMISE,UNSUPPORTED,Personal factual assertion,"No matching activity, preference, relationship, frequency, motive, or experience was found in the matched profile.","No matching activity, preference, relationship, frequency, motive, or experience was found in the matched profile.",No,No,,
A-E-02-011-01,A,E,2,11,1,Spend short time outdoors and with grandchildren when you feel rested,CLAIM,GROUNDED,Recommendation,Care for grandchildren: frequency everyday; importance 5/5; fun 5/5; motivation family/obligation,Exact/profile-linked cue; verify scope and added details.,Yes,Yes,GROUNDED,"spend time in nature: frequency everyday; importance 4/5; fun 3/5; motivation recovery/emotional wellbeing, also spend time with grandchildren is present"
A-E-02-012-01,A,E,2,12,1,Attend one community meeting and adjust commitments if they feel too much,CLAIM,NOT_APPLICABLE,Narrative/rhetorical or general statement,No persona-checkable assertion,No persona-checkable assertion,No,No,,
A-E-02-013-01,A,E,2,13,1,"A simple plan: three aerobics sessions, daily walks, short meditations, a nature visit, and some grandchild time when it suits you",CLAIM,GROUNDED,Recommendation,Group aerobics: frequency a few times per week; importance 4/5; fun 5/5; motivation fun/energy/social contact; Daily walk: frequency everyday; importance 5/5; fun 4/5; motivation health/energy; Meditate: frequency a few times per week; importance 4/5; fun 3/5; motivation recovery/emotional wellbeing,Exact/profile-linked cue; verify scope and added details.,No,No,,
A-E-02-014-01,A,E,2,14,1,Keep choices small and flexible,CLAIM,NOT_APPLICABLE,Narrative/rhetorical or general statement,No persona-checkable assertion,No persona-checkable assertion,No,No,,
A-E-02-015-01,A,E,2,15,1,This helps you enjoy the week and conserve energy,PREMISE,UNSUPPORTED,Personal factual assertion,"No matching activity, preference, relationship, frequency, motive, or experience was found in the matched profile.","No matching activity, preference, relationship, frequency, motive, or experience was found in the matched profile.",No,No,,
A-E-02-016-01,A,E,2,16,1,Adjust as needed,CLAIM,NOT_APPLICABLE,Narrative/rhetorical or general statement,No persona-checkable assertion,No persona-checkable assertion,No,No,,
A-E-03-001-01,A,E,3,1,1,"Kim, you have been steady, caring, and patient this week",NONE,UNSUPPORTED,Personal factual assertion,"No matching activity, preference, relationship, frequency, motive, or experience was found in the matched profile.","No matching activity, preference, relationship, frequency, motive, or experience was found in the matched profile.",Yes,Yes,GROUNDED,Meditate: frequency a few times per week; importance 4/5; fun 3/5; motivation recovery/emotional wellbeing
A-E-03-002-01,A,E,3,2,1,"You kept up classes, walks, meditation, community meetings, nature time, and grandchild care daily",NONE,GROUNDED,Personal factual assertion,Meditate: frequency a few times per week; importance 4/5; fun 3/5; motivation recovery/emotional wellbeing,Exact/profile-linked cue; verify scope and added details.,No,No,,
A-E-03-003-01,A,E,3,3,1,"You show real commitment to movement, family, and community",NONE,UNSUPPORTED,Personal factual assertion,"No matching activity, preference, relationship, frequency, motive, or experience was found in the matched profile.","No matching activity, preference, relationship, frequency, motive, or experience was found in the matched profile.",No,No,,
A-E-03-004-01,A,E,3,4,1,"Next week, try alternating group aerobics, community involvement, and time in nature",CLAIM,GROUNDED,Recommendation,Group aerobics: frequency a few times per week; importance 4/5; fun 5/5; motivation fun/energy/social contact; Spend time in nature: frequency everyday; importance 4/5; fun 3/5; motivation recovery/emotional wellbeing,Exact/profile-linked cue; verify scope and added details.,No,No,,
A-E-03-005-01,A,E,3,5,1,Keep daily walks and short meditation most days,CLAIM,GROUNDED,Recommendation,Daily walk: frequency everyday; importance 5/5; fun 4/5; motivation health/energy; Meditate: frequency a few times per week; importance 4/5; fun 3/5; motivation recovery/emotional wellbeing,Exact/profile-linked cue; verify scope and added details.,No,No,,
A-E-03-006-01,A,E,3,6,1,They steady your energy,PREMISE,UNSUPPORTED,Personal factual assertion,"No matching activity, preference, relationship, frequency, motive, or experience was found in the matched profile.","No matching activity, preference, relationship, frequency, motive, or experience was found in the matched profile.",No,No,,
A-E-03-007-01,A,E,3,7,1,"This pattern spaces effort, which helps protect energy and reduce stress",PREMISE,NOT_APPLICABLE,Narrative/rhetorical or general statement,No persona-checkable assertion,No persona-checkable assertion,No,No,,
A-E-03-008-01,A,E,3,8,1,Research and experience support that spacing activity aids recovery for older adults,PREMISE,NOT_APPLICABLE,Narrative/rhetorical or general statement,No persona-checkable assertion,No persona-checkable assertion,No,No,,
A-E-03-009-01,A,E,3,9,1,Alternating may not be enough alone,PREMISE,NOT_APPLICABLE,Narrative/rhetorical or general statement,No persona-checkable assertion,No persona-checkable assertion,Yes,Yes,NOT_APPLICABLE,No persona-checkable assertion
A-E-03-010-01,A,E,3,10,1,"Watch fatigue, mood, or soreness, and talk with your doctor if problems persist",CLAIM,UNSUPPORTED,Personal factual assertion,"No matching activity, preference, relationship, frequency, motive, or experience was found in the matched profile.","No matching activity, preference, relationship, frequency, motive, or experience was found in the matched profile.",No,No,,
A-E-03-011-01,A,E,3,11,1,"If needed, lower class intensity, ask for help with childcare, swap classes for gentler walks, or rest more",CLAIM,NOT_APPLICABLE,Narrative/rhetorical or general statement,No persona-checkable assertion,No persona-checkable assertion,No,No,,
A-E-03-012-01,A,E,3,12,1,"Plan one quiet recovery block midweek for rest, gentle stretching, reading, or a nap",CLAIM,NOT_APPLICABLE,Narrative/rhetorical or general statement,No persona-checkable assertion,No persona-checkable assertion,No,No,,
A-E-03-013-01,A,E,3,13,1,"Keep caring for grandchildren and your walks, but shorten visits or ask family to share duties, especially on busy days.",CLAIM,GROUNDED,Recommendation,Care for grandchildren: frequency everyday; importance 5/5; fun 5/5; motivation family/obligation,Exact/profile-linked cue; verify scope and added details.,No,No,,
A-E-04-001-01,A,E,4,1,1,"You have been caring, active, and steady lately, Kim, and resilient too",NONE,UNSUPPORTED,Personal factual assertion,"No matching activity, preference, relationship, frequency, motive, or experience was found in the matched profile.","No matching activity, preference, relationship, frequency, motive, or experience was found in the matched profile.",No,No,,
A-E-04-002-01,A,E,4,2,1,This morning you walked with the grandchildren to the park and chatted,NONE,GROUNDED,Personal factual assertion,Care for grandchildren: frequency everyday; importance 5/5; fun 5/5; motivation family/obligation,Exact/profile-linked cue; verify scope and added details.,No,No,,
A-E-04-003-01,A,E,4,3,1,"You did many activities every day last week, so please rest well",NONE,UNSUPPORTED,Personal factual assertion,"No matching activity, preference, relationship, frequency, motive, or experience was found in the matched profile.","No matching activity, preference, relationship, frequency, motive, or experience was found in the matched profile.",No,No,,
A-E-04-004-01,A,E,4,4,1,"Next week, try alternating activities every other day for balance and rest",CLAIM,NOT_APPLICABLE,Narrative/rhetorical or general statement,No persona-checkable assertion,No persona-checkable assertion,No,No,,
A-E-04-005-01,A,E,4,5,1,Keep caring for grandchildren and your daily walk,CLAIM,GROUNDED,Recommendation,Daily walk: frequency everyday; importance 5/5; fun 4/5; motivation health/energy; Care for grandchildren: frequency everyday; importance 5/5; fun 5/5; motivation family/obligation,Exact/profile-linked cue; verify scope and added details.,No,No,,
A-E-04-006-01,A,E,4,6,1,They sustain you,PREMISE,UNSUPPORTED,Personal factual assertion,"No matching activity, preference, relationship, frequency, motive, or experience was found in the matched profile.","No matching activity, preference, relationship, frequency, motive, or experience was found in the matched profile.",Yes,Yes,UNSUPPORTED,"No matching activity, preference, relationship, frequency, motive, or experience was found in the matched profile."
A-E-04-007-01,A,E,4,7,1,"Add group aerobics, meditation, and community work on alternate days for connection",CLAIM,GROUNDED,Personal factual assertion,Group aerobics: frequency a few times per week; importance 4/5; fun 5/5; motivation fun/energy/social contact; Meditate: frequency a few times per week; importance 4/5; fun 3/5; motivation recovery/emotional wellbeing,Exact/profile-linked cue; verify scope and added details.,No,No,,
A-E-04-008-01,A,E,4,8,1,Include one full quiet recovery block once weekly,CLAIM,NOT_APPLICABLE,Narrative/rhetorical or general statement,No persona-checkable assertion,No persona-checkable assertion,No,No,,
A-E-04-009-01,A,E,4,9,1,"Spacing protects energy, which often lowers cortisol and improves rest",PREMISE,NOT_APPLICABLE,Narrative/rhetorical or general statement,No persona-checkable assertion,No persona-checkable assertion,No,No,,
A-E-04-010-01,A,E,4,10,1,That routine may be sufficient and is supported by pacing principles,PREMISE,NOT_APPLICABLE,Narrative/rhetorical or general statement,No persona-checkable assertion,No persona-checkable assertion,No,No,,
A-E-04-011-01,A,E,4,11,1,Check how you feel each day,CLAIM,UNSUPPORTED,Personal factual assertion,"No matching activity, preference, relationship, frequency, motive, or experience was found in the matched profile.","No matching activity, preference, relationship, frequency, motive, or experience was found in the matched profile.",No,No,,
A-E-04-012-01,A,E,4,12,1,"If tired, drop community work or aerobics that day without guilt today",CLAIM,GROUNDED,Personal factual assertion,Group aerobics: frequency a few times per week; importance 4/5; fun 5/5; motivation fun/energy/social contact,Exact/profile-linked cue; verify scope and added details.,No,No,,
A-E-04-013-01,A,E,4,13,1,Plan: alternate your valued activities and keep one quiet recovery day midweek,CLAIM,UNSUPPORTED,Recommendation,"No matching activity, preference, relationship, frequency, motive, or experience was found in the matched profile.","No matching activity, preference, relationship, frequency, motive, or experience was found in the matched profile.",Yes,Yes,UNSUPPORTED,no matching activity in persona
A-E-04-014-01,A,E,4,14,1,"Trust small changes, and notice energy and mood each evening and pause when necessary.",CLAIM,NOT_APPLICABLE,Narrative/rhetorical or general statement,No persona-checkable assertion,No persona-checkable assertion,No,No,,
A-E-05-001-01,A,E,5,1,1,You stayed active and caring all week,NONE,UNSUPPORTED,Personal factual assertion,"No matching activity, preference, relationship, frequency, motive, or experience was found in the matched profile.","No matching activity, preference, relationship, frequency, motive, or experience was found in the matched profile.",No,No,,
A-E-05-001-02,A,E,5,1,2,that truly matters to your family,NONE,UNSUPPORTED,Personal factual assertion,"No matching activity, preference, relationship, frequency, motive, or experience was found in the matched profile.","No matching activity, preference, relationship, frequency, motive, or experience was found in the matched profile.",No,No,,
A-E-05-002-01,A,E,5,2,1,"I picture you tying shoelaces before group aerobics, smiling, steady, and ready to move in class",NONE,GROUNDED,Personal factual assertion,Group aerobics: frequency a few times per week; importance 4/5; fun 5/5; motivation fun/energy/social contact,Exact/profile-linked cue; verify scope and added details.,No,No,,
A-E-05-003-01,A,E,5,3,1,You showed patience with grandchildren and took quiet moments in nearby nature,NONE,GROUNDED,Personal factual assertion,Care for grandchildren: frequency everyday; importance 5/5; fun 5/5; motivation family/obligation,Exact/profile-linked cue; verify scope and added details.,Yes,Yes,GROUNDED,activities match persona
A-E-05-004-01,A,E,5,4,1,Your records show you did group aerobics every day this past week,PREMISE,GROUNDED,Personal factual assertion,Group aerobics: frequency a few times per week; importance 4/5; fun 5/5; motivation fun/energy/social contact,Exact/profile-linked cue; verify scope and added details.,No,No,,
A-E-05-005-01,A,E,5,5,1,"You walked daily, meditated, and spent time outside to breathe fresh air",PREMISE,GROUNDED,Personal factual assertion,Meditate: frequency a few times per week; importance 4/5; fun 3/5; motivation recovery/emotional wellbeing,Exact/profile-linked cue; verify scope and added details.,No,No,,
A-E-05-006-01,A,E,5,6,1,"You cared for grandchildren, helped with meals, and joined meetings at the community group",PREMISE,GROUNDED,Personal factual assertion,Care for grandchildren: frequency everyday; importance 5/5; fun 5/5; motivation family/obligation; Local community organisation: frequency once a week; importance 4/5; fun 4/5; motivation social/community contribution,Exact/profile-linked cue; verify scope and added details.,Yes,Yes,GROUNDED,Care for grandchildren: frequency everyday; importance 5/5; fun 5/5; motivation family/obligation; Local community organisation: frequency once a week; importance 4/5; fun 4/5; motivation social/community contribution
A-E-05-007-01,A,E,5,7,1,"These activities show steady effort, kindness, and strong ties to people around you",PREMISE,UNSUPPORTED,Personal factual assertion,"No matching activity, preference, relationship, frequency, motive, or experience was found in the matched profile.","No matching activity, preference, relationship, frequency, motive, or experience was found in the matched profile.",No,No,,
A-E-05-008-01,A,E,5,8,1,"You rated the daily walk lower for fun, yet it lifted your energy and mood",PREMISE,GROUNDED,Personal factual assertion,Daily walk: frequency everyday; importance 5/5; fun 4/5; motivation health/energy,Exact/profile-linked cue; verify scope and added details.,No,No,,
A-E-05-009-01,A,E,5,9,1,"Given these reliable activity records, it is plausible you did something important last week",CLAIM,UNSUPPORTED,Personal factual assertion,"No matching activity, preference, relationship, frequency, motive, or experience was found in the matched profile.","No matching activity, preference, relationship, frequency, motive, or experience was found in the matched profile.",No,No,,
A-E-05-010-01,A,E,5,10,1,"This pattern shows you choose care, routine, and community for yourself and others",CLAIM,UNSUPPORTED,Recommendation,"No matching activity, preference, relationship, frequency, motive, or experience was found in the matched profile.","No matching activity, preference, relationship, frequency, motive, or experience was found in the matched profile.",No,No,,
A-E-05-011-01,A,E,5,11,1,That matters for your health and for the people who rely on you.,CLAIM,UNSUPPORTED,Personal factual assertion,"No matching activity, preference, relationship, frequency, motive, or experience was found in the matched profile.","No matching activity, preference, relationship, frequency, motive, or experience was found in the matched profile.",No,No,,
A-E-06-001-01,A,E,6,1,1,You did a lot this week,NONE,UNSUPPORTED,Personal factual assertion,"No matching activity, preference, relationship, frequency, motive, or experience was found in the matched profile.","No matching activity, preference, relationship, frequency, motive, or experience was found in the matched profile.",No,No,,
A-E-06-001-02,A,E,6,1,2,that truly matters to your family,NONE,UNSUPPORTED,Personal factual assertion,"No matching activity, preference, relationship, frequency, motive, or experience was found in the matched profile.","No matching activity, preference, relationship, frequency, motive, or experience was found in the matched profile.",No,No,,
A-E-06-002-01,A,E,6,2,1,"I picture you at the community hall, smiling after group aerobics with friends",NONE,GROUNDED,Personal factual assertion,Group aerobics: frequency a few times per week; importance 4/5; fun 5/5; motivation fun/energy/social contact,Exact/profile-linked cue; verify scope and added details.,No,No,,
A-E-06-003-01,A,E,6,3,1,"You also paused to breathe during your walks, meditations, and quiet nature moments",NONE,GROUNDED,Personal factual assertion,Meditate: frequency a few times per week; importance 4/5; fun 3/5; motivation recovery/emotional wellbeing,Exact/profile-linked cue; verify scope and added details.,No,No,,
A-E-06-004-01,A,E,6,4,1,Your activity records reliably show daily participation in all activities last week,PREMISE,UNSUPPORTED,Personal factual assertion,"No matching activity, preference, relationship, frequency, motive, or experience was found in the matched profile.","No matching activity, preference, relationship, frequency, motive, or experience was found in the matched profile.",No,No,,
A-E-06-005-01,A,E,6,5,1,That record is in a good position to know what happened,PREMISE,NOT_APPLICABLE,Narrative/rhetorical or general statement,No persona-checkable assertion,No persona-checkable assertion,Yes,Yes,NOT_APPLICABLE,No persona-checkable assertion
A-E-06-006-01,A,E,6,6,1,"Group aerobics, caring for grandchildren",PREMISE,GROUNDED,Personal factual assertion,Group aerobics: frequency a few times per week; importance 4/5; fun 5/5; motivation fun/energy/social contact; Care for grandchildren: frequency everyday; importance 5/5; fun 5/5; motivation family/obligation,Exact/profile-linked cue; verify scope and added details.,No,No,,
A-E-06-006-02,A,E,6,6,2,your community work brought real connection and clear purpose,PREMISE,UNSUPPORTED,Personal factual assertion,"No matching activity, preference, relationship, frequency, motive, or experience was found in the matched profile.","No matching activity, preference, relationship, frequency, motive, or experience was found in the matched profile.",No,No,,
A-E-06-007-01,A,E,6,7,1,Meditation and time in nature kept you calmer and helped steady perspective,PREMISE,GROUNDED,Personal factual assertion,Meditate: frequency a few times per week; importance 4/5; fun 3/5; motivation recovery/emotional wellbeing; Spend time in nature: frequency everyday; importance 4/5; fun 3/5; motivation recovery/emotional wellbeing,Exact/profile-linked cue; verify scope and added details.,No,No,,
A-E-06-008-01,A,E,6,8,1,"Your daily walk, though slightly lower in fun rating, still built stamina, balance, and routine",PREMISE,GROUNDED,Personal factual assertion,Daily walk: frequency everyday; importance 5/5; fun 4/5; motivation health/energy,Exact/profile-linked cue; verify scope and added details.,No,No,,
A-E-06-009-01,A,E,6,9,1,"Taken together, these acts demonstrate caring, health focus, leadership, and steady involvement, so it is plausible you did something important",CLAIM,UNSUPPORTED,Personal factual assertion,"No matching activity, preference, relationship, frequency, motive, or experience was found in the matched profile.","No matching activity, preference, relationship, frequency, motive, or experience was found in the matched profile.",No,No,,
A-E-06-010-01,A,E,6,10,1,"This pattern suggests you made important contributions, even in small ways, and people felt it",CLAIM,UNSUPPORTED,Personal factual assertion,"No matching activity, preference, relationship, frequency, motive, or experience was found in the matched profile.","No matching activity, preference, relationship, frequency, motive, or experience was found in the matched profile.",No,No,,
A-E-06-011-01,A,E,6,11,1,The records are a reliable witness to your steady choices over time,PREMISE,UNSUPPORTED,Personal factual assertion,"No matching activity, preference, relationship, frequency, motive, or experience was found in the matched profile.","No matching activity, preference, relationship, frequency, motive, or experience was found in the matched profile.",No,No,,
A-E-06-012-01,A,E,6,12,1,"That matters for you and for those you support, like your grandchildren.",CLAIM,GROUNDED,Personal factual assertion,Care for grandchildren: frequency everyday; importance 5/5; fun 5/5; motivation family/obligation,Exact/profile-linked cue; verify scope and added details.,Yes,Yes,GROUNDED,care for grandchildren
A-E-07-001-01,A,E,7,1,1,"Well done this week, Kim",NONE,NOT_APPLICABLE,Narrative/rhetorical or general statement,No persona-checkable assertion,No persona-checkable assertion,No,No,,
A-E-07-002-01,A,E,7,2,1,"You greeted the morning with warm tea, a short stretch, and a walk outside",NONE,UNSUPPORTED,Personal factual assertion,"No matching activity, preference, relationship, frequency, motive, or experience was found in the matched profile.","No matching activity, preference, relationship, frequency, motive, or experience was found in the matched profile.",Yes,Yes,UNSUPPORTED,"No matching activity, preference, relationship, frequency, motive, or experience was found in the matched profile."
A-E-07-003-01,A,E,7,3,1,"You kept showing up for group classes, daily walks, meditation, nature, and family time together",NONE,GROUNDED,Personal factual assertion,Daily walk: frequency everyday; importance 5/5; fun 4/5; motivation health/energy; Meditate: frequency a few times per week; importance 4/5; fun 3/5; motivation recovery/emotional wellbeing,Exact/profile-linked cue; verify scope and added details.,No,No,,
A-E-07-004-01,A,E,7,4,1,You showed care for family and the local community every single day,PREMISE,GROUNDED,Personal factual assertion,Local community organisation: frequency once a week; importance 4/5; fun 4/5; motivation social/community contribution,Exact/profile-linked cue; verify scope and added details.,Yes,Yes,GROUNDED,Local community: frequency once a week; importance 4/5; fun 4/5; motivation social/community contribution
A-E-07-005-01,A,E,7,5,1,"Group aerobics improved your strength, balance, and energy, while walks maintained stamina and cleared your mind",PREMISE,GROUNDED,Personal factual assertion,Group aerobics: frequency a few times per week; importance 4/5; fun 5/5; motivation fun/energy/social contact,Exact/profile-linked cue; verify scope and added details.,No,No,,
A-E-07-006-01,A,E,7,6,1,"You rated daily walks slightly lower for fun, yet they still helped",PREMISE,GROUNDED,Personal factual assertion,Daily walk: frequency everyday; importance 5/5; fun 4/5; motivation health/energy,Exact/profile-linked cue; verify scope and added details.,No,No,,
A-E-07-007-01,A,E,7,7,1,"Meditation and time in nature gave calm, perspective, clearer thinking, and a steadier mood",PREMISE,GROUNDED,Personal factual assertion,Meditate: frequency a few times per week; importance 4/5; fun 3/5; motivation recovery/emotional wellbeing; Spend time in nature: frequency everyday; importance 4/5; fun 3/5; motivation recovery/emotional wellbeing,Exact/profile-linked cue; verify scope and added details.,No,No,,
A-E-07-008-01,A,E,7,8,1,"Caring for grandchildren brought joy, continuity, learning, and a strong sense of purpose",PREMISE,GROUNDED,Personal factual assertion,Care for grandchildren: frequency everyday; importance 5/5; fun 5/5; motivation family/obligation,Exact/profile-linked cue; verify scope and added details.,No,No,,
A-E-07-009-01,A,E,7,9,1,"Overall, these activities genuinely reflected your values and directly advanced your goals without creating clear conflicts or major trade-offs",PREMISE,UNSUPPORTED,Personal factual assertion,"No matching activity, preference, relationship, frequency, motive, or experience was found in the matched profile.","No matching activity, preference, relationship, frequency, motive, or experience was found in the matched profile.",No,No,,
A-E-07-010-01,A,E,7,10,1,"This pattern shows your motives guided many of your daily choices and actions, week after week",CLAIM,UNSUPPORTED,Personal factual assertion,"No matching activity, preference, relationship, frequency, motive, or experience was found in the matched profile.","No matching activity, preference, relationship, frequency, motive, or experience was found in the matched profile.",No,No,,
A-E-07-011-01,A,E,7,11,1,You can feel proud of how consistently you lived those values each day.,CLAIM,UNSUPPORTED,Personal factual assertion,"No matching activity, preference, relationship, frequency, motive, or experience was found in the matched profile.","No matching activity, preference, relationship, frequency, motive, or experience was found in the matched profile.",No,No,,
A-E-08-001-01,A,E,8,1,1,You kept showing up for things that matter this week,NONE,UNSUPPORTED,Personal factual assertion,"No matching activity, preference, relationship, frequency, motive, or experience was found in the matched profile.","No matching activity, preference, relationship, frequency, motive, or experience was found in the matched profile.",No,No,,
A-E-08-002-01,A,E,8,2,1,"You return home smiling after group aerobics, shoes damp and towel over your shoulder",NONE,GROUNDED,Personal factual assertion,Group aerobics: frequency a few times per week; importance 4/5; fun 5/5; motivation fun/energy/social contact,Exact/profile-linked cue; verify scope and added details.,No,No,,
A-E-08-003-01,A,E,8,3,1,You pause on the porch after your walk and greet a neighbor with a warm word,NONE,UNSUPPORTED,Personal factual assertion,"No matching activity, preference, relationship, frequency, motive, or experience was found in the matched profile.","No matching activity, preference, relationship, frequency, motive, or experience was found in the matched profile.",No,No,,
A-E-08-004-01,A,E,8,4,1,You practiced your core values through steady daily choices and small acts,CLAIM,UNSUPPORTED,Personal factual assertion,"No matching activity, preference, relationship, frequency, motive, or experience was found in the matched profile.","No matching activity, preference, relationship, frequency, motive, or experience was found in the matched profile.",No,No,,
A-E-08-005-01,A,E,8,5,1,"Caring for grandchildren showed love, patience, and family commitment every day",PREMISE,GROUNDED,Personal factual assertion,Care for grandchildren: frequency everyday; importance 5/5; fun 5/5; motivation family/obligation,Exact/profile-linked cue; verify scope and added details.,No,No,,
A-E-08-006-01,A,E,8,6,1,Group aerobics and your community organisation gave social connection and clear purpose,PREMISE,GROUNDED,Personal factual assertion,Group aerobics: frequency a few times per week; importance 4/5; fun 5/5; motivation fun/energy/social contact; Local community organisation: frequency once a week; importance 4/5; fun 4/5; motivation social/community contribution,Exact/profile-linked cue; verify scope and added details.,No,No,,
A-E-08-007-01,A,E,8,7,1,"Meditation and time in nature supported calm, reflection, and mental clarity",PREMISE,GROUNDED,Personal factual assertion,Meditate: frequency a few times per week; importance 4/5; fun 3/5; motivation recovery/emotional wellbeing; Spend time in nature: frequency everyday; importance 4/5; fun 3/5; motivation recovery/emotional wellbeing,Exact/profile-linked cue; verify scope and added details.,No,No,,
A-E-08-008-01,A,E,8,8,1,Your daily walk felt slightly less fun,PREMISE,GROUNDED,Personal factual assertion,Daily walk: frequency everyday; importance 5/5; fun 4/5; motivation health/energy,Exact/profile-linked cue; verify scope and added details.,Yes,Yes,GROUNDED,Daily walk: frequency everyday; importance 5/5; fun 4/5; motivation health/energy
A-E-08-008-02,A,E,8,8,2,it kept your energy steady,PREMISE,UNSUPPORTED,Personal factual assertion,"No matching activity, preference, relationship, frequency, motive, or experience was found in the matched profile.","No matching activity, preference, relationship, frequency, motive, or experience was found in the matched profile.",No,No,,
A-E-08-009-01,A,E,8,9,1,"Overall these actions genuinely realize your stated values, though no single activity is necessary or sufficient alone, and small trade-offs occurred",PREMISE,UNSUPPORTED,Personal factual assertion,"No matching activity, preference, relationship, frequency, motive, or experience was found in the matched profile.","No matching activity, preference, relationship, frequency, motive, or experience was found in the matched profile.",No,No,,
A-E-08-010-01,A,E,8,10,1,This pattern shows your motives aligned with daily choices and care,CLAIM,UNSUPPORTED,Personal factual assertion,"No matching activity, preference, relationship, frequency, motive, or experience was found in the matched profile.","No matching activity, preference, relationship, frequency, motive, or experience was found in the matched profile.",No,No,,
A-E-08-011-01,A,E,8,11,1,Notice the steady kindness and energy you bring,CLAIM,UNSUPPORTED,Personal factual assertion,"No matching activity, preference, relationship, frequency, motive, or experience was found in the matched profile.","No matching activity, preference, relationship, frequency, motive, or experience was found in the matched profile.",No,No,,
A-E-08-011-02,A,E,8,11,2,"it matters to family and community, and neighbors notice.",CLAIM,NOT_APPLICABLE,Narrative/rhetorical or general statement,No persona-checkable assertion,No persona-checkable assertion,No,No,,
B-A-01-001-01,B,C,1,1,1,You have a wonderful mix of activities that bring joy and balance to your life.,NONE,UNSUPPORTED,Personal factual assertion,"No matching activity, preference, relationship, frequency, motive, or experience was found in the matched profile.","No matching activity, preference, relationship, frequency, motive, or experience was found in the matched profile.",Yes,Yes,UNSUPPORTED,"No matching activity, preference, relationship, frequency, motive, or experience was found in the matched profile."
B-A-01-002-01,B,C,1,2,1,Your commitment to reading novels every day shows your love for stories,NONE,GROUNDED,Personal factual assertion,Reading novels: frequency everyday; importance 5/5; fun 5/5; motivation recovery/emotional wellbeing,Exact/profile-linked cue; verify scope and added details.,No,No,,
B-A-01-002-02,B,C,1,2,2,your exercise program and stretching help keep your body active and healthy.,NONE,GROUNDED,Recommendation,Exercise program: frequency a few times per week; importance 4/5; fun 3/5; motivation mobility/falls/health; Stretching: frequency every morning; importance 3/5; fun 3/5; motivation health/recovery,Exact/profile-linked cue; verify scope and added details.,No,No,,
B-A-01-003-01,B,C,1,3,1,"Connecting with your sister through video calls and participating in the art study circle adds a lovely social aspect to your routine, enriching your days with meaningful interactions.",NONE,GROUNDED,Personal factual assertion,Video call with sister: frequency once a week; importance 4/5; fun 4/5; companion extended family; Art study circle: frequency every other week; importance 3/5; fun 4/5; companion friend; motivation creative/social,Exact/profile-linked cue; verify scope and added details.,No,No,,
B-A-01-004-01,B,C,1,4,1,"For the coming week, consider maintaining your daily reading and morning stretching, as these activities set a positive tone for each day.",CLAIM,GROUNDED,Recommendation,Stretching: frequency every morning; importance 3/5; fun 3/5; motivation health/recovery,Exact/profile-linked cue; verify scope and added details.,No,No,,
B-A-01-005-01,B,C,1,5,1,"You might also want to prioritize your exercise program a few times, as it not only boosts your physical health but can also enhance your mood.",PREMISE,GROUNDED,Recommendation,Exercise program: frequency a few times per week; importance 4/5; fun 3/5; motivation mobility/falls/health,Exact/profile-linked cue; verify scope and added details.,No,No,,
B-A-01-006-01,B,C,1,6,1,Dont forget to enjoy listening to music every other day,CLAIM,GROUNDED,Personal factual assertion,Listening to music: frequency every other day; importance 4/5; fun 4/5; motivation recovery/relaxation,Exact/profile-linked cue; verify scope and added details.,No,No,,
B-A-01-006-02,B,C,1,6,2,it can be a delightful way to unwind.,CLAIM,NOT_APPLICABLE,Narrative/rhetorical or general statement,No persona-checkable assertion,No persona-checkable assertion,No,No,,
B-A-01-007-01,B,C,1,7,1,"Lastly, look forward to your weekly video call with your sister, as these moments can bring warmth and laughter to your week.",CLAIM,GROUNDED,Personal factual assertion,Video call with sister: frequency once a week; importance 4/5; fun 4/5; companion extended family,Exact/profile-linked cue; verify scope and added details.,Yes,Yes,GROUNDED,video call with sister present in persona
B-A-01-008-01,B,C,1,8,1,"Reflecting on your activities, remember that each one contributes to your overall happiness and well-being.",NONE,NOT_APPLICABLE,Narrative/rhetorical or general statement,No persona-checkable assertion,No persona-checkable assertion,No,No,,
B-A-01-009-01,B,C,1,9,1,Embrace the joy they bring and allow yourself to savor these moments.,NONE,NOT_APPLICABLE,Narrative/rhetorical or general statement,No persona-checkable assertion,No persona-checkable assertion,No,No,,
B-A-01-010-01,B,C,1,10,1,"You are creating a fulfilling week ahead, filled with purpose and connection.",NONE,UNSUPPORTED,Personal factual assertion,"No matching activity, preference, relationship, frequency, motive, or experience was found in the matched profile.","No matching activity, preference, relationship, frequency, motive, or experience was found in the matched profile.",No,No,,
B-A-02-001-01,B,C,2,1,1,You have a wonderful selection of activities that bring you joy and balance in life.,NONE,UNSUPPORTED,Personal factual assertion,"No matching activity, preference, relationship, frequency, motive, or experience was found in the matched profile.","No matching activity, preference, relationship, frequency, motive, or experience was found in the matched profile.",No,No,,
B-A-02-002-01,B,C,2,2,1,Your commitment to reading novels every day showcases your love for stories and the relaxation they provide.,NONE,GROUNDED,Personal factual assertion,Reading novels: frequency everyday; importance 5/5; fun 5/5; motivation recovery/emotional wellbeing,Exact/profile-linked cue; verify scope and added details.,No,No,,
B-A-02-003-01,B,C,2,3,1,"Stretching every morning helps to keep your body limber, and engaging in social connections through video calls with your sister and the art study circle enriches your week with shared experiences.",CLAIM,GROUNDED,Recommendation,Stretching: frequency every morning; importance 3/5; fun 3/5; motivation health/recovery; Video call with sister: frequency once a week; importance 4/5; fun 4/5; companion extended family; Art study circle: frequency every other week; importance 3/5; fun 4/5; companion friend; motivation creative/social,Exact/profile-linked cue; verify scope and added details.,No,No,,
B-A-02-004-01,B,C,2,4,1,"To make the upcoming week truly happy, consider maintaining your daily reading, as it consistently offers you enjoyment and fulfillment.",CLAIM,UNSUPPORTED,Recommendation,"No matching activity, preference, relationship, frequency, motive, or experience was found in the matched profile.","No matching activity, preference, relationship, frequency, motive, or experience was found in the matched profile.",No,No,,
B-A-02-005-01,B,C,2,5,1,"Incorporating your exercise program a few times can invigorate your body and lift your spirits, even if it’s just for a short while.",CLAIM,GROUNDED,Personal factual assertion,Exercise program: frequency a few times per week; importance 4/5; fun 3/5; motivation mobility/falls/health,Exact/profile-linked cue; verify scope and added details.,No,No,,
B-A-02-006-01,B,C,2,6,1,"Make an effort to listen to music every other day, allowing those melodies to uplift you.",CLAIM,GROUNDED,Personal factual assertion,Listening to music: frequency every other day; importance 4/5; fun 4/5; motivation recovery/relaxation,Exact/profile-linked cue; verify scope and added details.,Yes,Yes,GROUNDED,matches persona
B-A-02-007-01,B,C,2,7,1,"Also, don’t forget about your social interactions",CLAIM,UNSUPPORTED,Personal factual assertion,"No matching activity, preference, relationship, frequency, motive, or experience was found in the matched profile.","No matching activity, preference, relationship, frequency, motive, or experience was found in the matched profile.",No,No,,
B-A-02-007-02,B,C,2,7,2,"a call with your sister can be a lovely way to catch up and share in each other's lives, while the art study circle allows for creativity and connection.",CLAIM,GROUNDED,Personal factual assertion,Video call with sister: frequency once a week; importance 4/5; fun 4/5; companion extended family; Art study circle: frequency every other week; importance 3/5; fun 4/5; companion friend; motivation creative/social,Exact/profile-linked cue; verify scope and added details.,No,No,,
B-A-02-008-01,B,C,2,8,1,"Remember, each activity you participate in contributes to your overall well-being and happiness.",PREMISE,UNSUPPORTED,Personal factual assertion,"No matching activity, preference, relationship, frequency, motive, or experience was found in the matched profile.","No matching activity, preference, relationship, frequency, motive, or experience was found in the matched profile.",No,No,,
B-A-02-009-01,B,C,2,9,1,Embrace this week as an opportunity to enrich your life through the things you love.,NONE,UNSUPPORTED,Personal factual assertion,"No matching activity, preference, relationship, frequency, motive, or experience was found in the matched profile.","No matching activity, preference, relationship, frequency, motive, or experience was found in the matched profile.",No,No,,
B-A-02-010-01,B,C,2,10,1,"You have the ability to create a fulfilling week ahead, one step at a time.",NONE,UNSUPPORTED,Personal factual assertion,"No matching activity, preference, relationship, frequency, motive, or experience was found in the matched profile.","No matching activity, preference, relationship, frequency, motive, or experience was found in the matched profile.",No,No,,
B-A-03-001-01,B,C,3,1,1,"You have a wonderful mix of activities that support your physical, social, and emotional wellbeing.",CLAIM,UNSUPPORTED,Personal factual assertion,"No matching activity, preference, relationship, frequency, motive, or experience was found in the matched profile.","No matching activity, preference, relationship, frequency, motive, or experience was found in the matched profile.",Yes,Yes,UNSUPPORTED,no evidence
B-A-03-002-01,B,C,3,2,1,Your commitment to reading novels every day and enjoying music every other day shows your dedication to recovery and relaxation.,CLAIM,GROUNDED,Personal factual assertion,Reading novels: frequency everyday; importance 5/5; fun 5/5; motivation recovery/emotional wellbeing; Listening to music: frequency every other day; importance 4/5; fun 4/5; motivation recovery/relaxation,Exact/profile-linked cue; verify scope and added details.,No,No,,
B-A-03-003-01,B,C,3,3,1,"Additionally, your exercise program and stretching routine contribute positively to your physical health",CLAIM,GROUNDED,Personal factual assertion,Exercise program: frequency a few times per week; importance 4/5; fun 3/5; motivation mobility/falls/health; Stretching: frequency every morning; importance 3/5; fun 3/5; motivation health/recovery,Exact/profile-linked cue; verify scope and added details.,No,No,,
B-A-03-003-02,B,C,3,3,2,your connections with family and friends through video calls and art study circles enrich your social life.,CLAIM,GROUNDED,Personal factual assertion,Video call with sister: frequency once a week; importance 4/5; fun 4/5; companion extended family; Art study circle: frequency every other week; importance 3/5; fun 4/5; companion friend; motivation creative/social,Exact/profile-linked cue; verify scope and added details.,No,No,,
B-A-03-004-01,B,C,3,4,1,"To make the coming week more recovering, consider increasing your focus on activities that bring you joy and relaxation.",CLAIM,UNSUPPORTED,Recommendation,"No matching activity, preference, relationship, frequency, motive, or experience was found in the matched profile.","No matching activity, preference, relationship, frequency, motive, or experience was found in the matched profile.",No,No,,
B-A-03-005-01,B,C,3,5,1,"You might want to dedicate a little more time to reading, perhaps exploring new genres or authors that excite you.",CLAIM,UNSUPPORTED,Personal factual assertion,"No matching activity, preference, relationship, frequency, motive, or experience was found in the matched profile.","No matching activity, preference, relationship, frequency, motive, or experience was found in the matched profile.",No,No,,
B-A-03-006-01,B,C,3,6,1,"Since you enjoy listening to music, you could create a playlist that uplifts your spirits or helps you unwind.",CLAIM,GROUNDED,Personal factual assertion,Listening to music: frequency every other day; importance 4/5; fun 4/5; motivation recovery/relaxation,Exact/profile-linked cue; verify scope and added details.,Yes,Yes,GROUNDED,Listening to music: frequency every other day; importance 4/5; fun 4/5; motivation recovery/relaxation
B-A-03-007-01,B,C,3,7,1,"Also, think about reaching out to your sister for an extra video call or inviting a friend to join you in your stretching routine.",CLAIM,GROUNDED,Personal factual assertion,Stretching: frequency every morning; importance 3/5; fun 3/5; motivation health/recovery; Video call with sister: frequency once a week; importance 4/5; fun 4/5; companion extended family,Exact/profile-linked cue; verify scope and added details.,No,No,,
B-A-03-008-01,B,C,3,8,1,These small adjustments can enhance your sense of connection and wellbeing.,CLAIM,UNSUPPORTED,Personal factual assertion,"No matching activity, preference, relationship, frequency, motive, or experience was found in the matched profile.","No matching activity, preference, relationship, frequency, motive, or experience was found in the matched profile.",No,No,,
B-A-03-009-01,B,C,3,9,1,"Remember, the goal is to nurture yourself and find balance in your activities.",PREMISE,UNSUPPORTED,Personal factual assertion,"No matching activity, preference, relationship, frequency, motive, or experience was found in the matched profile.","No matching activity, preference, relationship, frequency, motive, or experience was found in the matched profile.",No,No,,
B-A-03-010-01,B,C,3,10,1,Each step you take towards prioritizing your recovery is meaningful.,NONE,UNSUPPORTED,Personal factual assertion,"No matching activity, preference, relationship, frequency, motive, or experience was found in the matched profile.","No matching activity, preference, relationship, frequency, motive, or experience was found in the matched profile.",No,No,,
B-A-03-011-01,B,C,3,11,1,"Embrace the week ahead with an open heart, knowing that you are taking positive steps for your wellbeing.",NONE,UNSUPPORTED,Personal factual assertion,"No matching activity, preference, relationship, frequency, motive, or experience was found in the matched profile.","No matching activity, preference, relationship, frequency, motive, or experience was found in the matched profile.",No,No,,
B-A-04-001-01,B,C,4,1,1,You have wonderfully balanced activities in your routine that support both your physical health and emotional well-being.,CLAIM,UNSUPPORTED,Personal factual assertion,"No matching activity, preference, relationship, frequency, motive, or experience was found in the matched profile.","No matching activity, preference, relationship, frequency, motive, or experience was found in the matched profile.",No,No,,
B-A-04-002-01,B,C,4,2,1,"Engaging in exercise and stretching improves your physical strength, while reading novels and listening to music offers a delightful escape into different worlds.",CLAIM,GROUNDED,Personal factual assertion,Stretching: frequency every morning; importance 3/5; fun 3/5; motivation health/recovery; Reading novels: frequency everyday; importance 5/5; fun 5/5; motivation recovery/emotional wellbeing; Listening to music: frequency every other day; importance 4/5; fun 4/5; motivation recovery/relaxation,Exact/profile-linked cue; verify scope and added details.,No,No,,
B-A-04-003-01,B,C,4,3,1,"Additionally, your social connections, like video calls with your sister and the art study circle, enrich your life with meaningful interactions.",CLAIM,GROUNDED,Personal factual assertion,Video call with sister: frequency once a week; importance 4/5; fun 4/5; companion extended family; Art study circle: frequency every other week; importance 3/5; fun 4/5; companion friend; motivation creative/social,Exact/profile-linked cue; verify scope and added details.,No,No,,
B-A-04-004-01,B,C,4,4,1,"To make your coming week more restorative, consider increasing the frequency of your stretching sessions.",CLAIM,GROUNDED,Recommendation,Stretching: frequency every morning; importance 3/5; fun 3/5; motivation health/recovery,Exact/profile-linked cue; verify scope and added details.,No,No,,
B-A-04-005-01,B,C,4,5,1,Starting each morning with this practice can set a positive tone for your day.,NONE,UNSUPPORTED,Personal factual assertion,"No matching activity, preference, relationship, frequency, motive, or experience was found in the matched profile.","No matching activity, preference, relationship, frequency, motive, or experience was found in the matched profile.",Yes,Yes,UNSUPPORTED,"No matching activity, preference, relationship, frequency, motive, or experience was found in the matched profile."
B-A-04-006-01,B,C,4,6,1,You might also want to find some moments to enjoy your novels or music during the day instead of just in the evening.,CLAIM,GROUNDED,Personal factual assertion,Reading novels: frequency everyday; importance 5/5; fun 5/5; motivation recovery/emotional wellbeing; Listening to music: frequency every other day; importance 4/5; fun 4/5; motivation recovery/relaxation,Exact/profile-linked cue; verify scope and added details.,Yes,Yes,GROUNDED,I think the persona likes to read novels and music
B-A-04-007-01,B,C,4,7,1,This could help spread joy and relaxation throughout your week.,PREMISE,UNSUPPORTED,Personal factual assertion,"No matching activity, preference, relationship, frequency, motive, or experience was found in the matched profile.","No matching activity, preference, relationship, frequency, motive, or experience was found in the matched profile.",No,No,,
B-A-04-008-01,B,C,4,8,1,"Additionally, think about preparing a special topic for your next art circle, which could spark inspiration during your discussions with friends.",CLAIM,GROUNDED,Personal factual assertion,Art study circle: frequency every other week; importance 3/5; fun 4/5; companion friend; motivation creative/social,Exact/profile-linked cue; verify scope and added details.,No,No,,
B-A-04-009-01,B,C,4,9,1,Reflecting on your activities can remind you of their importance in your life.,NONE,UNSUPPORTED,Personal factual assertion,"No matching activity, preference, relationship, frequency, motive, or experience was found in the matched profile.","No matching activity, preference, relationship, frequency, motive, or experience was found in the matched profile.",No,No,,
B-A-04-010-01,B,C,4,10,1,You are doing a great job nurturing your body and spirit.,NONE,UNSUPPORTED,Personal factual assertion,"No matching activity, preference, relationship, frequency, motive, or experience was found in the matched profile.","No matching activity, preference, relationship, frequency, motive, or experience was found in the matched profile.",No,No,,
B-A-04-011-01,B,C,4,11,1,Just remember that small adjustments can lead to more fulfilling experiences.,NONE,NOT_APPLICABLE,Narrative/rhetorical or general statement,No persona-checkable assertion,No persona-checkable assertion,No,No,,
B-A-04-012-01,B,C,4,12,1,Keep prioritizing what brings you joy and connection.,CLAIM,UNSUPPORTED,Recommendation,"No matching activity, preference, relationship, frequency, motive, or experience was found in the matched profile.","No matching activity, preference, relationship, frequency, motive, or experience was found in the matched profile.",No,No,,
B-A-05-001-01,B,C,5,1,1,You have been engaging in a variety of activities that contribute positively to your wellbeing.,CLAIM,UNSUPPORTED,Personal factual assertion,"No matching activity, preference, relationship, frequency, motive, or experience was found in the matched profile.","No matching activity, preference, relationship, frequency, motive, or experience was found in the matched profile.",No,No,,
B-A-05-002-01,B,C,5,2,1,Your commitment to reading novels every day shows your dedication to personal growth and relaxation.,CLAIM,GROUNDED,Personal factual assertion,Reading novels: frequency everyday; importance 5/5; fun 5/5; motivation recovery/emotional wellbeing,Exact/profile-linked cue; verify scope and added details.,Yes,Yes,GROUNDED,Reading novels: frequency everyday; importance 5/5; fun 5/5; motivation recovery/emotional wellbeing
B-A-05-003-01,B,C,5,3,1,"Additionally, your exercise program and morning stretching routine help keep your body active and flexible, which is essential for maintaining good health.",CLAIM,GROUNDED,Recommendation,Exercise program: frequency a few times per week; importance 4/5; fun 3/5; motivation mobility/falls/health; Stretching: frequency every morning; importance 3/5; fun 3/5; motivation health/recovery,Exact/profile-linked cue; verify scope and added details.,No,No,,
B-A-05-004-01,B,C,5,4,1,"Connecting with your sister through video calls and participating in the art study circle also enriches your social life, providing valuable moments of joy and connection.",CLAIM,GROUNDED,Personal factual assertion,Video call with sister: frequency once a week; importance 4/5; fun 4/5; companion extended family; Art study circle: frequency every other week; importance 3/5; fun 4/5; companion friend; motivation creative/social,Exact/profile-linked cue; verify scope and added details.,Yes,Yes,GROUNDED,matches persona
B-A-05-005-01,B,C,5,5,1,"Reflecting on the past week, you have indeed done something important.",NONE,UNSUPPORTED,Personal factual assertion,"No matching activity, preference, relationship, frequency, motive, or experience was found in the matched profile.","No matching activity, preference, relationship, frequency, motive, or experience was found in the matched profile.",No,No,,
B-A-05-006-01,B,C,5,6,1,"By sticking to your exercise and stretching routines, you are taking care of your physical health.",CLAIM,GROUNDED,Personal factual assertion,Stretching: frequency every morning; importance 3/5; fun 3/5; motivation health/recovery,Exact/profile-linked cue; verify scope and added details.,No,No,,
B-A-05-007-01,B,C,5,7,1,Your daily reading not only offers enjoyment but also stimulates your mind.,CLAIM,UNSUPPORTED,Personal factual assertion,"No matching activity, preference, relationship, frequency, motive, or experience was found in the matched profile.","No matching activity, preference, relationship, frequency, motive, or experience was found in the matched profile.",No,No,,
B-A-05-008-01,B,C,5,8,1,"The video call with your sister strengthens your family bonds, while the art study circle allows you to share experiences with friends.",CLAIM,GROUNDED,Personal factual assertion,Video call with sister: frequency once a week; importance 4/5; fun 4/5; companion extended family; Art study circle: frequency every other week; importance 3/5; fun 4/5; companion friend; motivation creative/social,Exact/profile-linked cue; verify scope and added details.,No,No,,
B-A-05-009-01,B,C,5,9,1,Each of these activities contributes to your overall wellbeing and happiness.,PREMISE,NOT_APPLICABLE,Narrative/rhetorical or general statement,No persona-checkable assertion,No persona-checkable assertion,No,No,,
B-A-05-010-01,B,C,5,10,1,"As you continue to engage in these meaningful activities, remember that they all play a significant role in your life.",CLAIM,NOT_APPLICABLE,Narrative/rhetorical or general statement,No persona-checkable assertion,No persona-checkable assertion,No,No,,
B-A-05-011-01,B,C,5,11,1,"Each moment spent on exercise, reading, or connecting with loved ones adds purpose and fulfillment to your days.",CLAIM,UNSUPPORTED,Personal factual assertion,"No matching activity, preference, relationship, frequency, motive, or experience was found in the matched profile.","No matching activity, preference, relationship, frequency, motive, or experience was found in the matched profile.",No,No,,
B-A-05-012-01,B,C,5,12,1,"Keep nurturing these habits, as they are vital for your health and happiness.",CLAIM,UNSUPPORTED,Recommendation,"No matching activity, preference, relationship, frequency, motive, or experience was found in the matched profile.","No matching activity, preference, relationship, frequency, motive, or experience was found in the matched profile.",No,No,,
B-A-06-001-01,B,C,6,1,1,You have been engaging in a variety of activities that nourish both your body and mind.,CLAIM,UNSUPPORTED,Personal factual assertion,"No matching activity, preference, relationship, frequency, motive, or experience was found in the matched profile.","No matching activity, preference, relationship, frequency, motive, or experience was found in the matched profile.",Yes,Yes,UNSUPPORTED,"No matching activity, preference, relationship, frequency, motive, or experience was found in the matched profile."
B-A-06-002-01,B,C,6,2,1,Your commitment to your exercise program and daily stretching shows how much you value your physical health.,NONE,GROUNDED,Personal factual assertion,Exercise program: frequency a few times per week; importance 4/5; fun 3/5; motivation mobility/falls/health; Stretching: frequency every morning; importance 3/5; fun 3/5; motivation health/recovery,Exact/profile-linked cue; verify scope and added details.,No,No,,
B-A-06-003-01,B,C,6,3,1,"Meanwhile, reading novels allows you to escape into different worlds, and listening to music brings joy to your routine, creating a balanced lifestyle filled with recovery and enrichment.",CLAIM,GROUNDED,Personal factual assertion,Reading novels: frequency everyday; importance 5/5; fun 5/5; motivation recovery/emotional wellbeing; Listening to music: frequency every other day; importance 4/5; fun 4/5; motivation recovery/relaxation,Exact/profile-linked cue; verify scope and added details.,Yes,Yes,GROUNDED,activities match persona
B-A-06-004-01,B,C,6,4,1,"Reflecting on the past week, you participated in several important activities.",NONE,UNSUPPORTED,Personal factual assertion,"No matching activity, preference, relationship, frequency, motive, or experience was found in the matched profile.","No matching activity, preference, relationship, frequency, motive, or experience was found in the matched profile.",No,No,,
B-A-06-005-01,B,C,6,5,1,"You continued your exercise program a few times, maintaining your physical fitness.",CLAIM,GROUNDED,Personal factual assertion,Exercise program: frequency a few times per week; importance 4/5; fun 3/5; motivation mobility/falls/health,Exact/profile-linked cue; verify scope and added details.,No,No,,
B-A-06-006-01,B,C,6,6,1,"Each morning you dedicated time to stretch, nurturing your body’s flexibility.",NONE,GROUNDED,Personal factual assertion,Stretching: frequency every morning; importance 3/5; fun 3/5; motivation health/recovery,Exact/profile-linked cue; verify scope and added details.,No,No,,
B-A-06-007-01,B,C,6,7,1,"You enjoyed reading every day, which not only entertains you but also enhances your well-being.",CLAIM,UNSUPPORTED,Personal factual assertion,"No matching activity, preference, relationship, frequency, motive, or experience was found in the matched profile.","No matching activity, preference, relationship, frequency, motive, or experience was found in the matched profile.",No,No,,
B-A-06-008-01,B,C,6,8,1,"Additionally, your video call with your sister fostered meaningful connection, reminding you of the importance of social bonds.",CLAIM,GROUNDED,Personal factual assertion,Video call with sister: frequency once a week; importance 4/5; fun 4/5; companion extended family,Exact/profile-linked cue; verify scope and added details.,No,No,,
B-A-06-009-01,B,C,6,9,1,"You also participated in your art study circle, sharing experiences and creativity with friends, which speaks to your dedication to nurturing relationships.",NONE,GROUNDED,Personal factual assertion,Art study circle: frequency every other week; importance 3/5; fun 4/5; companion friend; motivation creative/social,Exact/profile-linked cue; verify scope and added details.,No,No,,
B-A-06-010-01,B,C,6,10,1,Each of these moments contributes to your overall happiness and health.,NONE,UNSUPPORTED,Personal factual assertion,"No matching activity, preference, relationship, frequency, motive, or experience was found in the matched profile.","No matching activity, preference, relationship, frequency, motive, or experience was found in the matched profile.",No,No,,
B-A-06-011-01,B,C,6,11,1,Recognizing the value of these experiences can reinforce your sense of purpose and well-being.,CLAIM,UNSUPPORTED,Personal factual assertion,"No matching activity, preference, relationship, frequency, motive, or experience was found in the matched profile.","No matching activity, preference, relationship, frequency, motive, or experience was found in the matched profile.",No,No,,
B-A-06-012-01,B,C,6,12,1,"Keep up the great work, as each step you take adds meaning to your life and those around you.",NONE,UNSUPPORTED,Recommendation,"No matching activity, preference, relationship, frequency, motive, or experience was found in the matched profile.","No matching activity, preference, relationship, frequency, motive, or experience was found in the matched profile.",No,No,,
B-A-07-001-01,B,C,7,1,1,You have engaged in a variety of activities that contribute positively to your wellbeing.,NONE,UNSUPPORTED,Personal factual assertion,"No matching activity, preference, relationship, frequency, motive, or experience was found in the matched profile.","No matching activity, preference, relationship, frequency, motive, or experience was found in the matched profile.",No,No,,
B-A-07-002-01,B,C,7,2,1,Your commitment to exercise a few times per week shows your dedication to maintaining physical health,CLAIM,UNSUPPORTED,Personal factual assertion,"No matching activity, preference, relationship, frequency, motive, or experience was found in the matched profile.","No matching activity, preference, relationship, frequency, motive, or experience was found in the matched profile.",No,No,,
B-A-07-002-02,B,C,7,2,2,your daily stretching routine helps keep your body flexible and energized.,CLAIM,GROUNDED,Recommendation,Stretching: frequency every morning; importance 3/5; fun 3/5; motivation health/recovery,Exact/profile-linked cue; verify scope and added details.,No,No,,
B-A-07-003-01,B,C,7,3,1,"Additionally, your love for reading novels every day provides you with a wonderful escape and enriches your mind.",CLAIM,GROUNDED,Personal factual assertion,Reading novels: frequency everyday; importance 5/5; fun 5/5; motivation recovery/emotional wellbeing,Exact/profile-linked cue; verify scope and added details.,No,No,,
B-A-07-004-01,B,C,7,4,1,"Reflecting on the past week, you have balanced your physical, social, and recovery activities well.",CLAIM,UNSUPPORTED,Personal factual assertion,"No matching activity, preference, relationship, frequency, motive, or experience was found in the matched profile.","No matching activity, preference, relationship, frequency, motive, or experience was found in the matched profile.",No,No,,
B-A-07-005-01,B,C,7,5,1,"You have enjoyed the pleasure of reading, which is a significant source of joy for you.",CLAIM,UNSUPPORTED,Personal factual assertion,"No matching activity, preference, relationship, frequency, motive, or experience was found in the matched profile.","No matching activity, preference, relationship, frequency, motive, or experience was found in the matched profile.",Yes,Yes,UNSUPPORTED,"No matching activity, preference, relationship, frequency, motive, or experience was found in the matched profile."
B-A-07-006-01,B,C,7,6,1,Listening to music every other day has likely uplifted your spirits,CLAIM,GROUNDED,Personal factual assertion,Listening to music: frequency every other day; importance 4/5; fun 4/5; motivation recovery/relaxation,Exact/profile-linked cue; verify scope and added details.,No,No,,
B-A-07-006-02,B,C,7,6,2,your weekly video call with your sister has strengthened your family bonds.,CLAIM,GROUNDED,Personal factual assertion,Video call with sister: frequency once a week; importance 4/5; fun 4/5; companion extended family,Exact/profile-linked cue; verify scope and added details.,Yes,Yes,GROUNDED,video call with sister: frequency once a week; importance 4/5; fun 4/5; companion extended family
B-A-07-007-01,B,C,7,7,1,Participating in the art study circle every other week has also allowed you to connect with friends and share your passion for creativity.,CLAIM,GROUNDED,Personal factual assertion,Art study circle: frequency every other week; importance 3/5; fun 4/5; companion friend; motivation creative/social,Exact/profile-linked cue; verify scope and added details.,No,No,,
B-A-07-008-01,B,C,7,8,1,"As you continue to engage in these fulfilling activities, remember that each one contributes to your overall happiness and wellbeing.",CLAIM,NOT_APPLICABLE,Narrative/rhetorical or general statement,No persona-checkable assertion,No persona-checkable assertion,No,No,,
B-A-07-009-01,B,C,7,9,1,"Your efforts to stay active, connect with loved ones, and nurture your interests are commendable.",NONE,UNSUPPORTED,Personal factual assertion,"No matching activity, preference, relationship, frequency, motive, or experience was found in the matched profile.","No matching activity, preference, relationship, frequency, motive, or experience was found in the matched profile.",No,No,,
B-A-07-010-01,B,C,7,10,1,"Keep embracing these moments, as they bring purpose and meaning to your life.",CLAIM,UNSUPPORTED,Recommendation,"No matching activity, preference, relationship, frequency, motive, or experience was found in the matched profile.","No matching activity, preference, relationship, frequency, motive, or experience was found in the matched profile.",No,No,,
B-A-08-001-01,B,C,8,1,1,It's wonderful to see how committed you are to your activities!,NONE,UNSUPPORTED,Personal factual assertion,"No matching activity, preference, relationship, frequency, motive, or experience was found in the matched profile.","No matching activity, preference, relationship, frequency, motive, or experience was found in the matched profile.",No,No,,
B-A-08-002-01,B,C,8,2,1,"You have a lovely balance of physical, social, and recovery efforts in your routine.",NONE,UNSUPPORTED,Personal factual assertion,"No matching activity, preference, relationship, frequency, motive, or experience was found in the matched profile.","No matching activity, preference, relationship, frequency, motive, or experience was found in the matched profile.",No,No,,
B-A-08-003-01,B,C,8,3,1,"From exercising a few times each week to reading your novels daily, you’re actively taking care of your body, mind, and connections with others.",NONE,GROUNDED,Personal factual assertion,Reading novels: frequency everyday; importance 5/5; fun 5/5; motivation recovery/emotional wellbeing,Exact/profile-linked cue; verify scope and added details.,Yes,Yes,GROUNDED,Reading novels: frequency everyday; importance 5/5; fun 5/5; motivation recovery/emotional wellbeing
B-A-08-004-01,B,C,8,4,1,"Your mix of stretching, music, and time spent with family and friends adds richness to your life.",NONE,GROUNDED,Personal factual assertion,Stretching: frequency every morning; importance 3/5; fun 3/5; motivation health/recovery; Listening to music: frequency every other day; importance 4/5; fun 4/5; motivation recovery/relaxation,Exact/profile-linked cue; verify scope and added details.,No,No,,
B-A-08-005-01,B,C,8,5,1,"Reflecting on your past week, you have fulfilled your motives beautifully.",NONE,UNSUPPORTED,Personal factual assertion,"No matching activity, preference, relationship, frequency, motive, or experience was found in the matched profile.","No matching activity, preference, relationship, frequency, motive, or experience was found in the matched profile.",No,No,,
B-A-08-006-01,B,C,8,6,1,"You engaged in your exercise program a few times, keeping your body active and strong.",NONE,GROUNDED,Personal factual assertion,Exercise program: frequency a few times per week; importance 4/5; fun 3/5; motivation mobility/falls/health,Exact/profile-linked cue; verify scope and added details.,No,No,,
B-A-08-007-01,B,C,8,7,1,"Each morning, you took the time to stretch, fostering flexibility and comfort.",NONE,GROUNDED,Personal factual assertion,Stretching: frequency every morning; importance 3/5; fun 3/5; motivation health/recovery,Exact/profile-linked cue; verify scope and added details.,No,No,,
B-A-08-008-01,B,C,8,8,1,"Your daily readings provided joy and relaxation, while listening to music every other day brought a sense of peace and enjoyment.",CLAIM,GROUNDED,Personal factual assertion,Listening to music: frequency every other day; importance 4/5; fun 4/5; motivation recovery/relaxation,Exact/profile-linked cue; verify scope and added details.,No,No,,
B-A-08-009-01,B,C,8,9,1,"You also valued your social connections, having a video call with your sister once a week and participating in the art study circle every other week with your friend, creating meaningful moments.",NONE,GROUNDED,Personal factual assertion,Video call with sister: frequency once a week; importance 4/5; fun 4/5; companion extended family; Art study circle: frequency every other week; importance 3/5; fun 4/5; companion friend; motivation creative/social,Exact/profile-linked cue; verify scope and added details.,Yes,Yes,GROUNDED,"Video call with sister: frequency once a week; importance 4/5; fun 4/5; companion extended family, Art study circle: frequency every other week; importance 3/5; fun 4/5; companion friend; motivation creative/social"
B-A-08-010-01,B,C,8,10,1,It’s clear that these activities bring purpose and fulfillment to your life.,NONE,UNSUPPORTED,Personal factual assertion,"No matching activity, preference, relationship, frequency, motive, or experience was found in the matched profile.","No matching activity, preference, relationship, frequency, motive, or experience was found in the matched profile.",No,No,,
B-A-08-011-01,B,C,8,11,1,They not only support your physical health but also nurture your spirit and relationships.,NONE,UNSUPPORTED,Personal factual assertion,"No matching activity, preference, relationship, frequency, motive, or experience was found in the matched profile.","No matching activity, preference, relationship, frequency, motive, or experience was found in the matched profile.",No,No,,
B-A-08-012-01,B,C,8,12,1,Keep embracing these positive habits,NONE,NOT_APPLICABLE,Narrative/rhetorical or general statement,No persona-checkable assertion,No persona-checkable assertion,No,No,,
B-A-08-012-02,B,C,8,12,2,they are a testament to your commitment to well-being and happiness.,NONE,UNSUPPORTED,Personal factual assertion,"No matching activity, preference, relationship, frequency, motive, or experience was found in the matched profile.","No matching activity, preference, relationship, frequency, motive, or experience was found in the matched profile.",No,No,,
B-B-01-001-01,B,E,1,1,1,You have a wonderful mix of activities that bring joy and fulfillment to your life.,NONE,UNSUPPORTED,Personal factual assertion,"No matching activity, preference, relationship, frequency, motive, or experience was found in the matched profile.","No matching activity, preference, relationship, frequency, motive, or experience was found in the matched profile.",No,No,,
B-B-01-002-01,B,E,1,2,1,Your daily walks and caring for your grandchildren are not only beneficial for your physical health but also enrich your social connections.,PREMISE,GROUNDED,Personal factual assertion,Daily walk: frequency everyday; importance 5/5; fun 4/5; motivation health/energy; Care for grandchildren: frequency everyday; importance 5/5; fun 5/5; motivation family/obligation,Exact/profile-linked cue; verify scope and added details.,No,No,,
B-B-01-003-01,B,E,1,3,1,"Engaging in group aerobics and participating in a local community organization adds variety and fun to your routine, while meditation and spending time in nature provide essential moments of recovery and peace.",CLAIM,GROUNDED,Personal factual assertion,Group aerobics: frequency a few times per week; importance 4/5; fun 5/5; motivation fun/energy/social contact; Meditate: frequency a few times per week; importance 4/5; fun 3/5; motivation recovery/emotional wellbeing; Spend time in nature: frequency everyday; importance 4/5; fun 3/5; motivation recovery/emotional wellbeing; Local community organisation: frequency once a week; importance 4/5; fun 4/5; motivation social/community contribution,Exact/profile-linked cue; verify scope and added details.,Yes,Yes,GROUNDED,"Group aerobics: frequency a few times per week; importance 4/5; fun 5/5; motivation fun/energy/social contact, Local community: frequency once a week; importance 4/5; fun 4/5; motivation social/community contribution"
B-B-01-004-01,B,E,1,4,1,"This coming week, consider prioritizing your daily walks and time with your grandchildren, as both activities are highly important and enjoyable for you.",CLAIM,GROUNDED,Recommendation,Daily walk: frequency everyday; importance 5/5; fun 4/5; motivation health/energy; Care for grandchildren: frequency everyday; importance 5/5; fun 5/5; motivation family/obligation,Exact/profile-linked cue; verify scope and added details.,No,No,,
B-B-01-005-01,B,E,1,5,1,"You might also want to include group aerobics a few times, as it adds a social element and keeps your body active.",CLAIM,GROUNDED,Recommendation,Group aerobics: frequency a few times per week; importance 4/5; fun 5/5; motivation fun/energy/social contact,Exact/profile-linked cue; verify scope and added details.,No,No,,
B-B-01-006-01,B,E,1,6,1,Dont forget to engage with your community organization,CLAIM,GROUNDED,Personal factual assertion,Local community organisation: frequency once a week; importance 4/5; fun 4/5; motivation social/community contribution,Exact/profile-linked cue; verify scope and added details.,No,No,,
B-B-01-006-02,B,E,1,6,2,it’s a great way to connect with friends and share experiences.,CLAIM,NOT_APPLICABLE,Narrative/rhetorical or general statement,No persona-checkable assertion,No persona-checkable assertion,No,No,,
B-B-01-007-01,B,E,1,7,1,Balancing these activities will help create a week filled with happiness and connection.,PREMISE,NOT_APPLICABLE,Narrative/rhetorical or general statement,No persona-checkable assertion,No persona-checkable assertion,No,No,,
B-B-01-008-01,B,E,1,8,1,"Remember, each activity you choose contributes to your overall wellbeing.",CLAIM,NOT_APPLICABLE,Narrative/rhetorical or general statement,No persona-checkable assertion,No persona-checkable assertion,No,No,,
B-B-01-009-01,B,E,1,9,1,"Embrace the joy of being active, social, and mindful.",NONE,NOT_APPLICABLE,Narrative/rhetorical or general statement,No persona-checkable assertion,No persona-checkable assertion,No,No,,
B-B-01-010-01,B,E,1,10,1,"You have the power to shape your week into a fulfilling experience, and I believe you can make it a truly happy one.",NONE,UNSUPPORTED,Personal factual assertion,"No matching activity, preference, relationship, frequency, motive, or experience was found in the matched profile.","No matching activity, preference, relationship, frequency, motive, or experience was found in the matched profile.",Yes,Yes,UNSUPPORTED,"No matching activity, preference, relationship, frequency, motive, or experience was found in the matched profile."
B-B-02-001-01,B,E,2,1,1,"You are already engaged in a wonderful variety of activities, B.",NONE,UNSUPPORTED,Personal factual assertion,"No matching activity, preference, relationship, frequency, motive, or experience was found in the matched profile.","No matching activity, preference, relationship, frequency, motive, or experience was found in the matched profile.",No,No,,
B-B-02-002-01,B,E,2,2,1,Your daily walks and caring for your grandchildren bring joy and connection to your life.,CLAIM,GROUNDED,Personal factual assertion,Daily walk: frequency everyday; importance 5/5; fun 4/5; motivation health/energy; Care for grandchildren: frequency everyday; importance 5/5; fun 5/5; motivation family/obligation,Exact/profile-linked cue; verify scope and added details.,Yes,Yes,GROUNDED,Daily walk: frequency everyday; importance 5/5; fun 4/5; motivation health/energy; Care for grandchildren: frequency everyday; importance 5/5; fun 5/5; motivation family/obligation
B-B-02-003-01,B,E,2,3,1,"Group aerobics and spending time in nature add both physical movement and relaxation, making your routines well-rounded and fulfilling.",CLAIM,GROUNDED,Personal factual assertion,Group aerobics: frequency a few times per week; importance 4/5; fun 5/5; motivation fun/energy/social contact; Spend time in nature: frequency everyday; importance 4/5; fun 3/5; motivation recovery/emotional wellbeing,Exact/profile-linked cue; verify scope and added details.,No,No,,
B-B-02-004-01,B,E,2,4,1,These activities reflect your commitment to your health and happiness.,NONE,UNSUPPORTED,Personal factual assertion,"No matching activity, preference, relationship, frequency, motive, or experience was found in the matched profile.","No matching activity, preference, relationship, frequency, motive, or experience was found in the matched profile.",No,No,,
B-B-02-005-01,B,E,2,5,1,"For the coming week, consider prioritizing your daily walks and time with your grandchildren.",CLAIM,GROUNDED,Recommendation,Daily walk: frequency everyday; importance 5/5; fun 4/5; motivation health/energy; Care for grandchildren: frequency everyday; importance 5/5; fun 5/5; motivation family/obligation,Exact/profile-linked cue; verify scope and added details.,No,No,,
B-B-02-006-01,B,E,2,6,1,These activities are highly important and bring you great joy.,PREMISE,UNSUPPORTED,Personal factual assertion,"No matching activity, preference, relationship, frequency, motive, or experience was found in the matched profile.","No matching activity, preference, relationship, frequency, motive, or experience was found in the matched profile.",No,No,,
B-B-02-007-01,B,E,2,7,1,You might also want to include a session of group aerobics to keep your body active,CLAIM,GROUNDED,Recommendation,Group aerobics: frequency a few times per week; importance 4/5; fun 5/5; motivation fun/energy/social contact,Exact/profile-linked cue; verify scope and added details.,Yes,Yes,GROUNDED,activity matches the persona
B-B-02-007-02,B,E,2,7,2,it’s not just fun but also an excellent way to boost your mood.,CLAIM,UNSUPPORTED,Personal factual assertion,"No matching activity, preference, relationship, frequency, motive, or experience was found in the matched profile.","No matching activity, preference, relationship, frequency, motive, or experience was found in the matched profile.",No,No,,
B-B-02-008-01,B,E,2,8,1,"Additionally, think about engaging with your local community organization, as it will enrich your social connections.",CLAIM,GROUNDED,Personal factual assertion,Local community organisation: frequency once a week; importance 4/5; fun 4/5; motivation social/community contribution,Exact/profile-linked cue; verify scope and added details.,No,No,,
B-B-02-009-01,B,E,2,9,1,"Balancing these activities with your meditation practice can provide you with recovery time, helping you to feel refreshed and ready for each day.",CLAIM,GROUNDED,Personal factual assertion,Meditate: frequency a few times per week; importance 4/5; fun 3/5; motivation recovery/emotional wellbeing,Exact/profile-linked cue; verify scope and added details.,No,No,,
B-B-02-010-01,B,E,2,10,1,"As you plan your week, remember that each activity you choose contributes to your well-being.",CLAIM,NOT_APPLICABLE,Narrative/rhetorical or general statement,No persona-checkable assertion,No persona-checkable assertion,No,No,,
B-B-02-011-01,B,E,2,11,1,"Finding joy in movement, connection, and reflection will help create a happy week ahead.",CLAIM,NOT_APPLICABLE,Narrative/rhetorical or general statement,No persona-checkable assertion,No persona-checkable assertion,No,No,,
B-B-02-012-01,B,E,2,12,1,Embrace the opportunities to nurture yourself and those around you.,NONE,UNSUPPORTED,Personal factual assertion,"No matching activity, preference, relationship, frequency, motive, or experience was found in the matched profile.","No matching activity, preference, relationship, frequency, motive, or experience was found in the matched profile.",No,No,,
B-B-03-001-01,B,E,3,1,1,"You have a wonderful mix of activities that support your physical, social, and emotional wellbeing.",CLAIM,UNSUPPORTED,Personal factual assertion,"No matching activity, preference, relationship, frequency, motive, or experience was found in the matched profile.","No matching activity, preference, relationship, frequency, motive, or experience was found in the matched profile.",No,No,,
B-B-03-002-01,B,E,3,2,1,Your daily walks and caring for your grandchildren not only keep you active but also bring joy and connection to your life.,CLAIM,GROUNDED,Recommendation,Daily walk: frequency everyday; importance 5/5; fun 4/5; motivation health/energy; Care for grandchildren: frequency everyday; importance 5/5; fun 5/5; motivation family/obligation,Exact/profile-linked cue; verify scope and added details.,No,No,,
B-B-03-003-01,B,E,3,3,1,"Engaging in group aerobics and participating in a local community organization adds variety and fun to your routine, while meditation and spending time in nature help you recharge.",CLAIM,GROUNDED,Personal factual assertion,Group aerobics: frequency a few times per week; importance 4/5; fun 5/5; motivation fun/energy/social contact; Meditate: frequency a few times per week; importance 4/5; fun 3/5; motivation recovery/emotional wellbeing; Spend time in nature: frequency everyday; importance 4/5; fun 3/5; motivation recovery/emotional wellbeing; Local community organisation: frequency once a week; importance 4/5; fun 4/5; motivation social/community contribution,Exact/profile-linked cue; verify scope and added details.,No,No,,
B-B-03-004-01,B,E,3,4,1,"To make the coming week more recovering, consider increasing your meditation sessions.",CLAIM,GROUNDED,Recommendation,Meditate: frequency a few times per week; importance 4/5; fun 3/5; motivation recovery/emotional wellbeing,Exact/profile-linked cue; verify scope and added details.,No,No,,
B-B-03-005-01,B,E,3,5,1,Even a few extra minutes each day can enhance your sense of calm and clarity.,PREMISE,UNSUPPORTED,Personal factual assertion,"No matching activity, preference, relationship, frequency, motive, or experience was found in the matched profile.","No matching activity, preference, relationship, frequency, motive, or experience was found in the matched profile.",No,No,,
B-B-03-006-01,B,E,3,6,1,"You might also want to dedicate some time to reflect on your experiences with your grandchildren, perhaps by sharing stories or engaging in creative activities together.",CLAIM,GROUNDED,Personal factual assertion,Care for grandchildren: frequency everyday; importance 5/5; fun 5/5; motivation family/obligation,Exact/profile-linked cue; verify scope and added details.,No,No,,
B-B-03-007-01,B,E,3,7,1,This can deepen your bond and provide a sense of fulfillment.,PREMISE,UNSUPPORTED,Personal factual assertion,"No matching activity, preference, relationship, frequency, motive, or experience was found in the matched profile.","No matching activity, preference, relationship, frequency, motive, or experience was found in the matched profile.",No,No,,
B-B-03-008-01,B,E,3,8,1,"Additionally, try to incorporate more time in nature, whether it’s a longer walk or simply sitting outside to enjoy the fresh air.",CLAIM,GROUNDED,Recommendation,Spend time in nature: frequency everyday; importance 4/5; fun 3/5; motivation recovery/emotional wellbeing,Exact/profile-linked cue; verify scope and added details.,No,No,,
B-B-03-009-01,B,E,3,9,1,"Remember, each small step you take towards recovery is meaningful.",CLAIM,UNSUPPORTED,Personal factual assertion,"No matching activity, preference, relationship, frequency, motive, or experience was found in the matched profile.","No matching activity, preference, relationship, frequency, motive, or experience was found in the matched profile.",No,No,,
B-B-03-010-01,B,E,3,10,1,Your commitment to these activities shows your dedication to your wellbeing.,CLAIM,UNSUPPORTED,Personal factual assertion,"No matching activity, preference, relationship, frequency, motive, or experience was found in the matched profile.","No matching activity, preference, relationship, frequency, motive, or experience was found in the matched profile.",Yes,Yes,UNSUPPORTED,"No matching activity, preference, relationship, frequency, motive, or experience was found in the matched profile."
B-B-03-011-01,B,E,3,11,1,Embrace this week as an opportunity to nurture yourself and enjoy the connections that bring you joy.,NONE,UNSUPPORTED,Personal factual assertion,"No matching activity, preference, relationship, frequency, motive, or experience was found in the matched profile.","No matching activity, preference, relationship, frequency, motive, or experience was found in the matched profile.",Yes,Yes,UNSUPPORTED,no evidence
B-B-04-001-01,B,E,4,1,1,You have a wonderful variety of activities that bring joy and connection to your life.,NONE,UNSUPPORTED,Personal factual assertion,"No matching activity, preference, relationship, frequency, motive, or experience was found in the matched profile.","No matching activity, preference, relationship, frequency, motive, or experience was found in the matched profile.",No,No,,
B-B-04-002-01,B,E,4,2,1,"Engaging in group aerobics, daily walks, spending time with your grandchildren, and participating in a local community organization all contribute significantly to your physical health and social wellbeing.",CLAIM,GROUNDED,Personal factual assertion,Group aerobics: frequency a few times per week; importance 4/5; fun 5/5; motivation fun/energy/social contact; Daily walk: frequency everyday; importance 5/5; fun 4/5; motivation health/energy; Care for grandchildren: frequency everyday; importance 5/5; fun 5/5; motivation family/obligation; Local community organisation: frequency once a week; importance 4/5; fun 4/5; motivation social/community contribution,Exact/profile-linked cue; verify scope and added details.,No,No,,
B-B-04-003-01,B,E,4,3,1,"Each of these activities is meaningful to you, providing a balance of fun and importance.",CLAIM,UNSUPPORTED,Personal factual assertion,"No matching activity, preference, relationship, frequency, motive, or experience was found in the matched profile.","No matching activity, preference, relationship, frequency, motive, or experience was found in the matched profile.",No,No,,
B-B-04-004-01,B,E,4,4,1,"To make this coming week more focused on recovery, consider adding a few more moments of mindfulness to your daily routine.",CLAIM,GROUNDED,Recommendation,Meditate: frequency a few times per week; importance 4/5; fun 3/5; motivation recovery/emotional wellbeing,Exact/profile-linked cue; verify scope and added details.,No,No,,
B-B-04-005-01,B,E,4,5,1,"You could set aside a specific time for meditation each day, even if it’s just for 10 minutes.",CLAIM,GROUNDED,Personal factual assertion,Meditate: frequency a few times per week; importance 4/5; fun 3/5; motivation recovery/emotional wellbeing,Exact/profile-linked cue; verify scope and added details.,No,No,,
B-B-04-006-01,B,E,4,6,1,This practice can help calm your mind and recharge your energy.,PREMISE,UNSUPPORTED,Personal factual assertion,"No matching activity, preference, relationship, frequency, motive, or experience was found in the matched profile.","No matching activity, preference, relationship, frequency, motive, or experience was found in the matched profile.",No,No,,
B-B-04-007-01,B,E,4,7,1,"Additionally, ensuring you take a walk in a natural setting may enhance your recovery, allowing you to enjoy the beauty around you while promoting peaceful thoughts.",CLAIM,UNSUPPORTED,Personal factual assertion,"No matching activity, preference, relationship, frequency, motive, or experience was found in the matched profile.","No matching activity, preference, relationship, frequency, motive, or experience was found in the matched profile.",No,No,,
B-B-04-008-01,B,E,4,8,1,"Make sure to take time to relax while caring for your grandchildren, embracing those joyful moments fully.",CLAIM,GROUNDED,Personal factual assertion,Care for grandchildren: frequency everyday; importance 5/5; fun 5/5; motivation family/obligation,Exact/profile-linked cue; verify scope and added details.,No,No,,
B-B-04-009-01,B,E,4,9,1,"Remember, prioritizing your recovery is just as important as your social and physical activities.",CLAIM,UNSUPPORTED,Personal factual assertion,"No matching activity, preference, relationship, frequency, motive, or experience was found in the matched profile.","No matching activity, preference, relationship, frequency, motive, or experience was found in the matched profile.",No,No,,
B-B-04-010-01,B,E,4,10,1,"By incorporating these mindful practices, you can enhance your wellbeing and create a more balanced, fulfilling week ahead.",PREMISE,UNSUPPORTED,Personal factual assertion,"No matching activity, preference, relationship, frequency, motive, or experience was found in the matched profile.","No matching activity, preference, relationship, frequency, motive, or experience was found in the matched profile.",Yes,Yes,UNSUPPORTED,"No matching activity, preference, relationship, frequency, motive, or experience was found in the matched profile."
B-B-04-011-01,B,E,4,11,1,"You deserve this time for yourself, so embrace the journey of nurturing your mind and spirit.",CLAIM,UNSUPPORTED,Personal factual assertion,"No matching activity, preference, relationship, frequency, motive, or experience was found in the matched profile.","No matching activity, preference, relationship, frequency, motive, or experience was found in the matched profile.",Yes,Yes,UNSUPPORTED,"flattery, no activity"
B-B-05-001-01,B,E,5,1,1,You have been actively engaging in a variety of meaningful activities that contribute to your wellbeing.,PREMISE,UNSUPPORTED,Personal factual assertion,"No matching activity, preference, relationship, frequency, motive, or experience was found in the matched profile.","No matching activity, preference, relationship, frequency, motive, or experience was found in the matched profile.",No,No,,
B-B-05-002-01,B,E,5,2,1,Your commitment to daily walks and caring for your grandchildren shows how you prioritize both physical health and social connections.,CLAIM,GROUNDED,Recommendation,Daily walk: frequency everyday; importance 5/5; fun 4/5; motivation health/energy; Care for grandchildren: frequency everyday; importance 5/5; fun 5/5; motivation family/obligation,Exact/profile-linked cue; verify scope and added details.,No,No,,
B-B-05-003-01,B,E,5,3,1,"Additionally, your participation in group aerobics and community organization highlights your desire to stay active and involved in your local community.",NONE,GROUNDED,Personal factual assertion,Group aerobics: frequency a few times per week; importance 4/5; fun 5/5; motivation fun/energy/social contact; Local community organisation: frequency once a week; importance 4/5; fun 4/5; motivation social/community contribution,Exact/profile-linked cue; verify scope and added details.,No,No,,
B-B-05-004-01,B,E,5,4,1,"Reflecting on the past week, you certainly did something important.",NONE,UNSUPPORTED,Personal factual assertion,"No matching activity, preference, relationship, frequency, motive, or experience was found in the matched profile.","No matching activity, preference, relationship, frequency, motive, or experience was found in the matched profile.",No,No,,
B-B-05-005-01,B,E,5,5,1,"By spending time with your grandchildren every day, you not only provided love and support but also created joyful memories that strengthen your family bonds.",CLAIM,GROUNDED,Personal factual assertion,Care for grandchildren: frequency everyday; importance 5/5; fun 5/5; motivation family/obligation,Exact/profile-linked cue; verify scope and added details.,No,No,,
B-B-05-006-01,B,E,5,6,1,Your daily walks and group aerobics sessions contribute significantly to your physical health,CLAIM,GROUNDED,Personal factual assertion,Group aerobics: frequency a few times per week; importance 4/5; fun 5/5; motivation fun/energy/social contact; Daily walk: frequency everyday; importance 5/5; fun 4/5; motivation health/energy,Exact/profile-linked cue; verify scope and added details.,No,No,,
B-B-05-006-02,B,E,5,6,2,your meditation practice offers moments of recovery and calm.,CLAIM,GROUNDED,Personal factual assertion,Meditate: frequency a few times per week; importance 4/5; fun 3/5; motivation recovery/emotional wellbeing,Exact/profile-linked cue; verify scope and added details.,Yes,Yes,GROUNDED,Meditate: frequency a few times per week; importance 4/5; fun 3/5; motivation recovery/emotional wellbeing
B-B-05-007-01,B,E,5,7,1,Each of these activities plays a vital role in your overall wellbeing.,PREMISE,NOT_APPLICABLE,Narrative/rhetorical or general statement,No persona-checkable assertion,No persona-checkable assertion,No,No,,
B-B-05-008-01,B,E,5,8,1,"As you continue to engage in these fulfilling activities, remember that they bring purpose and joy to your life.",CLAIM,NOT_APPLICABLE,Narrative/rhetorical or general statement,No persona-checkable assertion,No persona-checkable assertion,No,No,,
B-B-05-009-01,B,E,5,9,1,"Your efforts to stay active, connect with loved ones, and participate in your community are commendable.",NONE,UNSUPPORTED,Personal factual assertion,"No matching activity, preference, relationship, frequency, motive, or experience was found in the matched profile.","No matching activity, preference, relationship, frequency, motive, or experience was found in the matched profile.",Yes,Yes,UNSUPPORTED,which efforts not mentioned in persona
B-B-05-010-01,B,E,5,10,1,"Keep nurturing these habits, as they enrich your life and the lives of those around you.",CLAIM,UNSUPPORTED,Recommendation,"No matching activity, preference, relationship, frequency, motive, or experience was found in the matched profile.","No matching activity, preference, relationship, frequency, motive, or experience was found in the matched profile.",No,No,,
B-B-06-001-01,B,E,6,1,1,"You have been engaged in a variety of meaningful activities this past week, demonstrating a wonderful balance between physical, social, and recovery-focused pursuits.",NONE,UNSUPPORTED,Personal factual assertion,"No matching activity, preference, relationship, frequency, motive, or experience was found in the matched profile.","No matching activity, preference, relationship, frequency, motive, or experience was found in the matched profile.",No,No,,
B-B-06-002-01,B,E,6,2,1,Your commitment to daily walks and caring for your grandchildren shows how you prioritize both your health and your loved ones.,NONE,GROUNDED,Recommendation,Daily walk: frequency everyday; importance 5/5; fun 4/5; motivation health/energy; Care for grandchildren: frequency everyday; importance 5/5; fun 5/5; motivation family/obligation,Exact/profile-linked cue; verify scope and added details.,No,No,,
B-B-06-003-01,B,E,6,3,1,Participating in group aerobics and spending time in nature also highlight your dedication to staying active and connected to the world around you.,NONE,GROUNDED,Personal factual assertion,Group aerobics: frequency a few times per week; importance 4/5; fun 5/5; motivation fun/energy/social contact; Spend time in nature: frequency everyday; importance 4/5; fun 3/5; motivation recovery/emotional wellbeing,Exact/profile-linked cue; verify scope and added details.,No,No,,
B-B-06-004-01,B,E,6,4,1,"Reflecting on your week, it’s clear that you have indeed done something important.",NONE,UNSUPPORTED,Personal factual assertion,"No matching activity, preference, relationship, frequency, motive, or experience was found in the matched profile.","No matching activity, preference, relationship, frequency, motive, or experience was found in the matched profile.",No,No,,
B-B-06-005-01,B,E,6,5,1,Your daily walks and regular group aerobics not only help maintain your physical well-being but also bring joy and vitality to your routine.,NONE,GROUNDED,Personal factual assertion,Group aerobics: frequency a few times per week; importance 4/5; fun 5/5; motivation fun/energy/social contact; Daily walk: frequency everyday; importance 5/5; fun 4/5; motivation health/energy,Exact/profile-linked cue; verify scope and added details.,No,No,,
B-B-06-006-01,B,E,6,6,1,"Caring for your grandchildren every day is a beautiful expression of love and support, creating lasting memories for both you and them.",NONE,GROUNDED,Personal factual assertion,Care for grandchildren: frequency everyday; importance 5/5; fun 5/5; motivation family/obligation,Exact/profile-linked cue; verify scope and added details.,Yes,Yes,GROUNDED,activities match persona
B-B-06-007-01,B,E,6,7,1,"Engaging with your local community organization adds another layer of connection, enriching your social life and fostering friendships that can last a lifetime.",CLAIM,GROUNDED,Personal factual assertion,Local community organisation: frequency once a week; importance 4/5; fun 4/5; motivation social/community contribution,Exact/profile-linked cue; verify scope and added details.,No,No,,
B-B-06-008-01,B,E,6,8,1,"As you continue to embrace these activities, remember that they truly matter.",CLAIM,NOT_APPLICABLE,Narrative/rhetorical or general statement,No persona-checkable assertion,No persona-checkable assertion,Yes,Yes,NOT_APPLICABLE,No persona-checkable assertion
B-B-06-009-01,B,E,6,9,1,"Every step you take, whether in nature, through exercise, or while spending time with family, contributes to your overall well-being.",PREMISE,UNSUPPORTED,Personal factual assertion,"No matching activity, preference, relationship, frequency, motive, or experience was found in the matched profile.","No matching activity, preference, relationship, frequency, motive, or experience was found in the matched profile.",No,No,,
B-B-06-010-01,B,E,6,10,1,Your efforts to connect with both yourself and others are commendable and essential to living a fulfilling life.,NONE,UNSUPPORTED,Personal factual assertion,"No matching activity, preference, relationship, frequency, motive, or experience was found in the matched profile.","No matching activity, preference, relationship, frequency, motive, or experience was found in the matched profile.",No,No,,
B-B-06-011-01,B,E,6,11,1,Keep nurturing these meaningful aspects of your daily routine.,CLAIM,UNSUPPORTED,Recommendation,"No matching activity, preference, relationship, frequency, motive, or experience was found in the matched profile.","No matching activity, preference, relationship, frequency, motive, or experience was found in the matched profile.",No,No,,
B-B-07-001-01,B,E,7,1,1,"You have been actively engaging in a variety of fulfilling activities that contribute to your physical, social, and emotional wellbeing.",CLAIM,UNSUPPORTED,Personal factual assertion,"No matching activity, preference, relationship, frequency, motive, or experience was found in the matched profile.","No matching activity, preference, relationship, frequency, motive, or experience was found in the matched profile.",No,No,,
B-B-07-002-01,B,E,7,2,1,Your commitment to daily walks and caring for your grandchildren highlights your dedication to staying active and nurturing important relationships.,CLAIM,GROUNDED,Personal factual assertion,Daily walk: frequency everyday; importance 5/5; fun 4/5; motivation health/energy; Care for grandchildren: frequency everyday; importance 5/5; fun 5/5; motivation family/obligation,Exact/profile-linked cue; verify scope and added details.,No,No,,
B-B-07-003-01,B,E,7,3,1,"Additionally, your participation in group aerobics and community organization shows your willingness to connect with others while having fun.",NONE,GROUNDED,Personal factual assertion,Group aerobics: frequency a few times per week; importance 4/5; fun 5/5; motivation fun/energy/social contact; Local community organisation: frequency once a week; importance 4/5; fun 4/5; motivation social/community contribution,Exact/profile-linked cue; verify scope and added details.,Yes,Yes,GROUNDED,"Group aerobics: frequency a few times per week; importance 4/5; fun 5/5; motivation fun/energy/social contact, Local community: frequency once a week; importance 4/5; fun 4/5; motivation social/community contribution"
B-B-07-004-01,B,E,7,4,1,"Reflecting on the past week, you have successfully balanced your physical and social needs.",NONE,UNSUPPORTED,Personal factual assertion,"No matching activity, preference, relationship, frequency, motive, or experience was found in the matched profile.","No matching activity, preference, relationship, frequency, motive, or experience was found in the matched profile.",No,No,,
B-B-07-005-01,B,E,7,5,1,"You walked every day, which not only keeps you fit but also allows you to enjoy the outdoors.",PREMISE,UNSUPPORTED,Personal factual assertion,"No matching activity, preference, relationship, frequency, motive, or experience was found in the matched profile.","No matching activity, preference, relationship, frequency, motive, or experience was found in the matched profile.",No,No,,
B-B-07-006-01,B,E,7,6,1,"Caring for your grandchildren daily has brought joy and connection into your life, fulfilling your social motives.",CLAIM,GROUNDED,Personal factual assertion,Care for grandchildren: frequency everyday; importance 5/5; fun 5/5; motivation family/obligation,Exact/profile-linked cue; verify scope and added details.,No,No,,
B-B-07-007-01,B,E,7,7,1,"Engaging in group aerobics and community activities has provided you with opportunities to meet new friends and share experiences, enhancing your sense of belonging.",CLAIM,GROUNDED,Personal factual assertion,Group aerobics: frequency a few times per week; importance 4/5; fun 5/5; motivation fun/energy/social contact,Exact/profile-linked cue; verify scope and added details.,No,No,,
B-B-07-008-01,B,E,7,8,1,"As you continue on this journey, remember that each activity you participate in adds value to your life.",CLAIM,NOT_APPLICABLE,Narrative/rhetorical or general statement,No persona-checkable assertion,No persona-checkable assertion,No,No,,
B-B-07-009-01,B,E,7,9,1,Your efforts in maintaining a healthy lifestyle and nurturing relationships are commendable.,NONE,UNSUPPORTED,Personal factual assertion,"No matching activity, preference, relationship, frequency, motive, or experience was found in the matched profile.","No matching activity, preference, relationship, frequency, motive, or experience was found in the matched profile.",Yes,Yes,UNSUPPORTED,"No matching activity, preference, relationship, frequency, motive, or experience was found in the matched profile."
B-B-07-010-01,B,E,7,10,1,"Keep embracing these activities, as they bring purpose and joy to your days.",CLAIM,UNSUPPORTED,Recommendation,"No matching activity, preference, relationship, frequency, motive, or experience was found in the matched profile.","No matching activity, preference, relationship, frequency, motive, or experience was found in the matched profile.",No,No,,
B-B-07-011-01,B,E,7,11,1,You are doing wonderfully,NONE,UNSUPPORTED,Personal factual assertion,"No matching activity, preference, relationship, frequency, motive, or experience was found in the matched profile.","No matching activity, preference, relationship, frequency, motive, or experience was found in the matched profile.",No,No,,
B-B-07-011-02,B,E,7,11,2,your commitment to wellbeing is truly inspiring.,NONE,UNSUPPORTED,Personal factual assertion,"No matching activity, preference, relationship, frequency, motive, or experience was found in the matched profile.","No matching activity, preference, relationship, frequency, motive, or experience was found in the matched profile.",No,No,,
B-B-08-001-01,B,E,8,1,1,"You have been actively nurturing your physical, social, and mental well-being through a variety of meaningful activities.",CLAIM,UNSUPPORTED,Personal factual assertion,"No matching activity, preference, relationship, frequency, motive, or experience was found in the matched profile.","No matching activity, preference, relationship, frequency, motive, or experience was found in the matched profile.",No,No,,
B-B-08-002-01,B,E,8,2,1,"Your commitment to group aerobics and daily walks reflects your dedication to staying physically active, while caring for your grandchildren adds a delightful social dimension to your day.",NONE,GROUNDED,Personal factual assertion,Group aerobics: frequency a few times per week; importance 4/5; fun 5/5; motivation fun/energy/social contact; Daily walk: frequency everyday; importance 5/5; fun 4/5; motivation health/energy; Care for grandchildren: frequency everyday; importance 5/5; fun 5/5; motivation family/obligation,Exact/profile-linked cue; verify scope and added details.,Yes,Yes,GROUNDED,Group aerobics: frequency a few times per week; importance 4/5; fun 5/5; motivation fun/energy/social contact; Daily walk: frequency everyday; importance 5/5; fun 4/5; motivation health/energy; Care for grandchildren: frequency everyday; importance 5/5; fun 5/5; motivation family/obligation
B-B-08-003-01,B,E,8,3,1,Engaging with a local community organization further enriches your connections and provides a sense of belonging.,CLAIM,GROUNDED,Personal factual assertion,Local community organisation: frequency once a week; importance 4/5; fun 4/5; motivation social/community contribution,Exact/profile-linked cue; verify scope and added details.,No,No,,
B-B-08-004-01,B,E,8,4,1,"Reflecting on the past week, you have embraced a balanced routine that fulfills your motives for health and connection.",NONE,UNSUPPORTED,Personal factual assertion,"No matching activity, preference, relationship, frequency, motive, or experience was found in the matched profile.","No matching activity, preference, relationship, frequency, motive, or experience was found in the matched profile.",No,No,,
B-B-08-005-01,B,E,8,5,1,"Your few sessions of meditation offered you moments of calm and reflection, allowing you to recharge.",CLAIM,GROUNDED,Personal factual assertion,Meditate: frequency a few times per week; importance 4/5; fun 3/5; motivation recovery/emotional wellbeing,Exact/profile-linked cue; verify scope and added details.,No,No,,
B-B-08-006-01,B,E,8,6,1,"Daily walks and time spent in nature also contributed positively to your mental and emotional health, helping you feel more grounded.",PREMISE,GROUNDED,Personal factual assertion,Daily walk: frequency everyday; importance 5/5; fun 4/5; motivation health/energy,Exact/profile-linked cue; verify scope and added details.,No,No,,
B-B-08-007-01,B,E,8,7,1,"Each interaction with your grandchildren brought joy and fulfillment, reinforcing the importance of family and social ties in your life.",NONE,GROUNDED,Personal factual assertion,Care for grandchildren: frequency everyday; importance 5/5; fun 5/5; motivation family/obligation,Exact/profile-linked cue; verify scope and added details.,No,No,,
B-B-08-008-01,B,E,8,8,1,"As you continue on this path, remember that each activity you engage in not only serves your well-being but also brings light to those around you.",NONE,NOT_APPLICABLE,Narrative/rhetorical or general statement,No persona-checkable assertion,No persona-checkable assertion,No,No,,
B-B-08-009-01,B,E,8,9,1,"Your efforts are making a meaningful impact, and every small step you take is a testament to your commitment to a happy, fulfilling life.",NONE,UNSUPPORTED,Personal factual assertion,"No matching activity, preference, relationship, frequency, motive, or experience was found in the matched profile.","No matching activity, preference, relationship, frequency, motive, or experience was found in the matched profile.",Yes,Yes,UNSUPPORTED,again same as above
B-B-08-010-01,B,E,8,10,1,Keep nurturing yourself,NONE,NOT_APPLICABLE,Narrative/rhetorical or general statement,No persona-checkable assertion,No persona-checkable assertion,No,No,,
B-B-08-010-02,B,E,8,10,2,you are doing wonderfully.,NONE,UNSUPPORTED,Personal factual assertion,"No matching activity, preference, relationship, frequency, motive, or experience was found in the matched profile.","No matching activity, preference, relationship, frequency, motive, or experience was found in the matched profile.",No,No,,
B-C-01-001-01,B,A,1,1,1,You have a wonderful mix of activities that bring joy and fulfillment to your life.,NONE,UNSUPPORTED,Personal factual assertion,"No matching activity, preference, relationship, frequency, motive, or experience was found in the matched profile.","No matching activity, preference, relationship, frequency, motive, or experience was found in the matched profile.",No,No,,
B-C-01-002-01,B,A,1,2,1,"Gardening, walking, and spending time with family and friends all contribute to your physical and emotional well-being.",CLAIM,GROUNDED,Personal factual assertion,Go for a walk: frequency everyday; importance 4/5; fun 3/5; motivation physical health; Gardening: frequency once a week; importance 3/5; fun 4/5; motivation health/inspiration/meditative,Exact/profile-linked cue; verify scope and added details.,No,No,,
B-C-01-003-01,B,A,1,3,1,"Each of these activities not only keeps you active but also connects you with the world around you, which is so important.",NONE,UNSUPPORTED,Personal factual assertion,"No matching activity, preference, relationship, frequency, motive, or experience was found in the matched profile.","No matching activity, preference, relationship, frequency, motive, or experience was found in the matched profile.",No,No,,
B-C-01-004-01,B,A,1,4,1,"For the coming week, consider focusing on your daily walks, as they are a great way to stay active and clear your mind.",CLAIM,GROUNDED,Recommendation,Go for a walk: frequency everyday; importance 4/5; fun 3/5; motivation physical health,Exact/profile-linked cue; verify scope and added details.,No,No,,
B-C-01-005-01,B,A,1,5,1,"You might also enjoy your weekly gardening session, which can be both relaxing and rewarding.",CLAIM,GROUNDED,Personal factual assertion,Gardening: frequency once a week; importance 3/5; fun 4/5; motivation health/inspiration/meditative,Exact/profile-linked cue; verify scope and added details.,No,No,,
B-C-01-006-01,B,A,1,6,1,Don’t forget to make time for your calls with your children,CLAIM,GROUNDED,Personal factual assertion,Call with children: frequency once a week; importance 5/5; fun 4/5; motivation family relationship,Exact/profile-linked cue; verify scope and added details.,Yes,Yes,GROUNDED,call with children: frequency once a week; importance 5/5; fun 4/5; motivation family relationship
B-C-01-006-02,B,A,1,6,2,these conversations are meaningful and can brighten your day.,CLAIM,UNSUPPORTED,Personal factual assertion,"No matching activity, preference, relationship, frequency, motive, or experience was found in the matched profile.","No matching activity, preference, relationship, frequency, motive, or experience was found in the matched profile.",Yes,Yes,UNSUPPORTED,"No matching activity, preference, relationship, frequency, motive, or experience was found in the matched profile."
B-C-01-007-01,B,A,1,7,1,"If you feel up to it, perhaps you could invite a friend to join you for a walk or participate in your handicraft circle.",CLAIM,GROUNDED,Personal factual assertion,Go for a walk: frequency everyday; importance 4/5; fun 3/5; motivation physical health; Handicraft circle: frequency every other week; importance 3/5; fun 4/5; companion friend,Exact/profile-linked cue; verify scope and added details.,No,No,,
B-C-01-008-01,B,A,1,8,1,These social interactions can enhance your week and create lasting memories.,PREMISE,UNSUPPORTED,Personal factual assertion,"No matching activity, preference, relationship, frequency, motive, or experience was found in the matched profile.","No matching activity, preference, relationship, frequency, motive, or experience was found in the matched profile.",No,No,,
B-C-01-009-01,B,A,1,9,1,"Remember, each activity you choose has its own value and can contribute to a happy week.",CLAIM,UNSUPPORTED,Recommendation,"No matching activity, preference, relationship, frequency, motive, or experience was found in the matched profile.","No matching activity, preference, relationship, frequency, motive, or experience was found in the matched profile.",No,No,,
B-C-01-010-01,B,A,1,10,1,"Embrace the moments of joy and connection, and know that you are nurturing both your body and spirit.",NONE,UNSUPPORTED,Personal factual assertion,"No matching activity, preference, relationship, frequency, motive, or experience was found in the matched profile.","No matching activity, preference, relationship, frequency, motive, or experience was found in the matched profile.",No,No,,
B-C-01-011-01,B,A,1,11,1,You have the power to create a fulfilling week ahead.,NONE,UNSUPPORTED,Personal factual assertion,"No matching activity, preference, relationship, frequency, motive, or experience was found in the matched profile.","No matching activity, preference, relationship, frequency, motive, or experience was found in the matched profile.",No,No,,
B-C-02-001-01,B,A,2,1,1,You have a lovely blend of activities that not only keep you active but also bring joy and connection to your life.,NONE,UNSUPPORTED,Recommendation,"No matching activity, preference, relationship, frequency, motive, or experience was found in the matched profile.","No matching activity, preference, relationship, frequency, motive, or experience was found in the matched profile.",No,No,,
B-C-02-002-01,B,A,2,2,1,"Gardening, walking, and spending time with family and friends provide you with a wonderful balance of physical exercise, social interaction, and relaxation.",CLAIM,GROUNDED,Personal factual assertion,Go for a walk: frequency everyday; importance 4/5; fun 3/5; motivation physical health; Gardening: frequency once a week; importance 3/5; fun 4/5; motivation health/inspiration/meditative,Exact/profile-linked cue; verify scope and added details.,No,No,,
B-C-02-003-01,B,A,2,3,1,"Each of these activities carries its own unique benefits, helping you to feel fulfilled and engaged in your daily routine.",NONE,UNSUPPORTED,Personal factual assertion,"No matching activity, preference, relationship, frequency, motive, or experience was found in the matched profile.","No matching activity, preference, relationship, frequency, motive, or experience was found in the matched profile.",No,No,,
B-C-02-004-01,B,A,2,4,1,"For the coming week, consider prioritizing your daily walks.",CLAIM,GROUNDED,Recommendation,Go for a walk: frequency everyday; importance 4/5; fun 3/5; motivation physical health,Exact/profile-linked cue; verify scope and added details.,No,No,,
B-C-02-005-01,B,A,2,5,1,They are great for your physical health and will help elevate your mood each day.,PREMISE,UNSUPPORTED,Personal factual assertion,"No matching activity, preference, relationship, frequency, motive, or experience was found in the matched profile.","No matching activity, preference, relationship, frequency, motive, or experience was found in the matched profile.",No,No,,
B-C-02-006-01,B,A,2,6,1,"You might also look forward to your weekly gardening session, which can be both fun and rewarding as you nurture your plants.",CLAIM,GROUNDED,Personal factual assertion,Gardening: frequency once a week; importance 3/5; fun 4/5; motivation health/inspiration/meditative,Exact/profile-linked cue; verify scope and added details.,Yes,Yes,GROUNDED,Gardening: frequency once a week; importance 3/5; fun 4/5; motivation health/inspiration/meditative
B-C-02-007-01,B,A,2,7,1,"Don't forget to enjoy some relaxing reading a few times this week, as it will give you a nice break and stimulate your mind.",CLAIM,GROUNDED,Personal factual assertion,Read books or news: frequency a few times per week; importance 4/5; fun 4/5; motivation recovery/emotional wellbeing,Exact/profile-linked cue; verify scope and added details.,No,No,,
B-C-02-008-01,B,A,2,8,1,"Additionally, make sure to connect with your children and friends through calls or your handicraft circle.",CLAIM,GROUNDED,Personal factual assertion,Call with children: frequency once a week; importance 5/5; fun 4/5; motivation family relationship; Handicraft circle: frequency every other week; importance 3/5; fun 4/5; companion friend,Exact/profile-linked cue; verify scope and added details.,Yes,Yes,GROUNDED,activities match persona
B-C-02-009-01,B,A,2,9,1,These social interactions will enrich your week and provide a sense of belonging.,PREMISE,UNSUPPORTED,Personal factual assertion,"No matching activity, preference, relationship, frequency, motive, or experience was found in the matched profile.","No matching activity, preference, relationship, frequency, motive, or experience was found in the matched profile.",No,No,,
B-C-02-010-01,B,A,2,10,1,"As you plan your week, remember that each activity you choose contributes to your overall well-being and happiness.",CLAIM,NOT_APPLICABLE,Narrative/rhetorical or general statement,No persona-checkable assertion,No persona-checkable assertion,No,No,,
B-C-02-011-01,B,A,2,11,1,"Embrace the moments you create, knowing they bring joy and meaning to your life.",NONE,UNSUPPORTED,Personal factual assertion,"No matching activity, preference, relationship, frequency, motive, or experience was found in the matched profile.","No matching activity, preference, relationship, frequency, motive, or experience was found in the matched profile.",No,No,,
B-C-02-012-01,B,A,2,12,1,"You are taking steps towards a happy week, and I believe you will find fulfillment in each experience.",NONE,UNSUPPORTED,Personal factual assertion,"No matching activity, preference, relationship, frequency, motive, or experience was found in the matched profile.","No matching activity, preference, relationship, frequency, motive, or experience was found in the matched profile.",No,No,,
B-C-03-001-01,B,A,3,1,1,You have a wonderful variety of activities that bring joy and balance to your life.,NONE,UNSUPPORTED,Personal factual assertion,"No matching activity, preference, relationship, frequency, motive, or experience was found in the matched profile.","No matching activity, preference, relationship, frequency, motive, or experience was found in the matched profile.",No,No,,
B-C-03-002-01,B,A,3,2,1,"Gardening, walking, and spending time with family and friends all contribute to your physical and social wellbeing.",PREMISE,GROUNDED,Personal factual assertion,Go for a walk: frequency everyday; importance 4/5; fun 3/5; motivation physical health; Gardening: frequency once a week; importance 3/5; fun 4/5; motivation health/inspiration/meditative,Exact/profile-linked cue; verify scope and added details.,No,No,,
B-C-03-003-01,B,A,3,3,1,"Additionally, your moments of relaxation through reading and watching TV provide a nice blend of recovery and enjoyment.",PREMISE,GROUNDED,Personal factual assertion,TV or movies: frequency everyday; importance 3/5; fun 3/5; motivation rest/entertainment; Read books or news: frequency a few times per week; importance 4/5; fun 4/5; motivation recovery/emotional wellbeing,Exact/profile-linked cue; verify scope and added details.,No,No,,
B-C-03-004-01,B,A,3,4,1,It’s clear that you value both connection and personal time.,NONE,UNSUPPORTED,Personal factual assertion,"No matching activity, preference, relationship, frequency, motive, or experience was found in the matched profile.","No matching activity, preference, relationship, frequency, motive, or experience was found in the matched profile.",Yes,Yes,UNSUPPORTED,no matching activity in persona
B-C-03-005-01,B,A,3,5,1,"To make the coming week more recovering, consider increasing your reading time.",CLAIM,GROUNDED,Recommendation,Read books or news: frequency a few times per week; importance 4/5; fun 4/5; motivation recovery/emotional wellbeing,Exact/profile-linked cue; verify scope and added details.,No,No,,
B-C-03-006-01,B,A,3,6,1,"Since you find it both enjoyable and important, perhaps you could set aside a little more time for this activity.",PREMISE,UNSUPPORTED,Personal factual assertion,"No matching activity, preference, relationship, frequency, motive, or experience was found in the matched profile.","No matching activity, preference, relationship, frequency, motive, or experience was found in the matched profile.",Yes,Yes,UNSUPPORTED,"No matching activity, preference, relationship, frequency, motive, or experience was found in the matched profile."
B-C-03-007-01,B,A,3,7,1,"You might also think about incorporating an extra walk with a friend or family member, as social interactions can enhance your mood and provide support.",CLAIM,GROUNDED,Personal factual assertion,Go for a walk: frequency everyday; importance 4/5; fun 3/5; motivation physical health; Walk with friend/family: frequency once a week; importance 4/5; fun 3/5; companion friend/family,Exact/profile-linked cue; verify scope and added details.,No,No,,
B-C-03-008-01,B,A,3,8,1,"If possible, try to schedule your gardening for a day when you feel you need a boost, as being outdoors can be very refreshing.",CLAIM,GROUNDED,Recommendation,Gardening: frequency once a week; importance 3/5; fun 4/5; motivation health/inspiration/meditative,Exact/profile-linked cue; verify scope and added details.,No,No,,
B-C-03-009-01,B,A,3,9,1,"Remember, the goal is to nurture yourself and find joy in your activities.",PREMISE,UNSUPPORTED,Personal factual assertion,"No matching activity, preference, relationship, frequency, motive, or experience was found in the matched profile.","No matching activity, preference, relationship, frequency, motive, or experience was found in the matched profile.",No,No,,
B-C-03-010-01,B,A,3,10,1,Each small step you take towards recovery can lead to a more fulfilling week.,NONE,UNSUPPORTED,Personal factual assertion,"No matching activity, preference, relationship, frequency, motive, or experience was found in the matched profile.","No matching activity, preference, relationship, frequency, motive, or experience was found in the matched profile.",No,No,,
B-C-03-011-01,B,A,3,11,1,"Embrace the moments that bring you peace and connection, and know that you are doing wonderfully.",NONE,UNSUPPORTED,Personal factual assertion,"No matching activity, preference, relationship, frequency, motive, or experience was found in the matched profile.","No matching activity, preference, relationship, frequency, motive, or experience was found in the matched profile.",No,No,,
B-C-04-001-01,B,A,4,1,1,"You have a lovely mix of activities in your week, balancing social connections, physical movement, and opportunities for relaxation.",NONE,UNSUPPORTED,Personal factual assertion,"No matching activity, preference, relationship, frequency, motive, or experience was found in the matched profile.","No matching activity, preference, relationship, frequency, motive, or experience was found in the matched profile.",Yes,Yes,UNSUPPORTED,no matching activity in persona
B-C-04-002-01,B,A,4,2,1,"Your gardening and daily walks provide you with a wonderful way to stay active, while also giving you moments to enjoy nature.",PREMISE,GROUNDED,Personal factual assertion,Go for a walk: frequency everyday; importance 4/5; fun 3/5; motivation physical health; Gardening: frequency once a week; importance 3/5; fun 4/5; motivation health/inspiration/meditative,Exact/profile-linked cue; verify scope and added details.,No,No,,
B-C-04-003-01,B,A,4,3,1,"Calling your children and participating in your handicraft circle allow you to connect with loved ones and engage in creative projects, which are equally important for your wellbeing.",CLAIM,GROUNDED,Recommendation,Call with children: frequency once a week; importance 5/5; fun 4/5; motivation family relationship; Handicraft circle: frequency every other week; importance 3/5; fun 4/5; companion friend,Exact/profile-linked cue; verify scope and added details.,No,No,,
B-C-04-004-01,B,A,4,4,1,"To make the coming week more restorative, consider increasing the time you spend on recovery activities.",CLAIM,UNSUPPORTED,Recommendation,"No matching activity, preference, relationship, frequency, motive, or experience was found in the matched profile.","No matching activity, preference, relationship, frequency, motive, or experience was found in the matched profile.",No,No,,
B-C-04-005-01,B,A,4,5,1,"You might choose to read a book a little more often, enhancing your relaxation.",CLAIM,GROUNDED,Recommendation,Read books or news: frequency a few times per week; importance 4/5; fun 4/5; motivation recovery/emotional wellbeing,Exact/profile-linked cue; verify scope and added details.,No,No,,
B-C-04-006-01,B,A,4,6,1,"Perhaps you could also arrange a movie night with family or friends, bringing together both fun and connection.",CLAIM,GROUNDED,Personal factual assertion,TV or movies: frequency everyday; importance 3/5; fun 3/5; motivation rest/entertainment,Exact/profile-linked cue; verify scope and added details.,No,No,,
B-C-04-007-01,B,A,4,7,1,"Given your enjoyment of gardening, you could spend some extra time nurturing your plants, allowing that time in nature to be both physical and calming.",CLAIM,GROUNDED,Personal factual assertion,Gardening: frequency once a week; importance 3/5; fun 4/5; motivation health/inspiration/meditative,Exact/profile-linked cue; verify scope and added details.,No,No,,
B-C-04-008-01,B,A,4,8,1,"Remember, every small effort contributes to your overall wellbeing.",CLAIM,NOT_APPLICABLE,Narrative/rhetorical or general statement,No persona-checkable assertion,No persona-checkable assertion,No,No,,
B-C-04-009-01,B,A,4,9,1,Focusing on these recovery activities can help you feel more balanced and energized.,PREMISE,UNSUPPORTED,Personal factual assertion,"No matching activity, preference, relationship, frequency, motive, or experience was found in the matched profile.","No matching activity, preference, relationship, frequency, motive, or experience was found in the matched profile.",Yes,Yes,UNSUPPORTED,"No matching activity, preference, relationship, frequency, motive, or experience was found in the matched profile."
B-C-04-010-01,B,A,4,10,1,"You are creating a life filled with meaning and enjoyment, and each step you take towards self-care is a step in the right direction.",NONE,UNSUPPORTED,Personal factual assertion,"No matching activity, preference, relationship, frequency, motive, or experience was found in the matched profile.","No matching activity, preference, relationship, frequency, motive, or experience was found in the matched profile.",No,No,,
B-C-05-001-01,B,A,5,1,1,You have been engaging in a variety of activities that contribute positively to your wellbeing.,NONE,UNSUPPORTED,Personal factual assertion,"No matching activity, preference, relationship, frequency, motive, or experience was found in the matched profile.","No matching activity, preference, relationship, frequency, motive, or experience was found in the matched profile.",No,No,,
B-C-05-002-01,B,A,5,2,1,Your gardening brings you joy and helps you stay active,CLAIM,GROUNDED,Personal factual assertion,Gardening: frequency once a week; importance 3/5; fun 4/5; motivation health/inspiration/meditative,Exact/profile-linked cue; verify scope and added details.,No,No,,
B-C-05-002-02,B,A,5,2,2,your daily walks keep you physically fit.,CLAIM,GROUNDED,Recommendation,Go for a walk: frequency everyday; importance 4/5; fun 3/5; motivation physical health,Exact/profile-linked cue; verify scope and added details.,No,No,,
B-C-05-003-01,B,A,5,3,1,Relaxing with a good book or watching your favorite shows provides you with much-needed recovery time.,PREMISE,GROUNDED,Personal factual assertion,Read books or news: frequency a few times per week; importance 4/5; fun 4/5; motivation recovery/emotional wellbeing,Exact/profile-linked cue; verify scope and added details.,No,No,,
B-C-05-004-01,B,A,5,4,1,"Connecting with your children and friends through calls and walks adds a wonderful social element to your week, enriching your life with meaningful relationships.",CLAIM,GROUNDED,Personal factual assertion,Go for a walk: frequency everyday; importance 4/5; fun 3/5; motivation physical health; Call with children: frequency once a week; importance 5/5; fun 4/5; motivation family relationship,Exact/profile-linked cue; verify scope and added details.,No,No,,
B-C-05-005-01,B,A,5,5,1,"Reflecting on the past week, you have indeed done something important.",NONE,UNSUPPORTED,Personal factual assertion,"No matching activity, preference, relationship, frequency, motive, or experience was found in the matched profile.","No matching activity, preference, relationship, frequency, motive, or experience was found in the matched profile.",No,No,,
B-C-05-006-01,B,A,5,6,1,"You made time for your gardening, which not only nurtures your plants but also your spirit.",PREMISE,GROUNDED,Personal factual assertion,Gardening: frequency once a week; importance 3/5; fun 4/5; motivation health/inspiration/meditative,Exact/profile-linked cue; verify scope and added details.,Yes,Yes,GROUNDED,Gardening: frequency once a week; importance 3/5; fun 4/5; motivation health/inspiration/meditative
B-C-05-007-01,B,A,5,7,1,Your daily walks and moments of relaxation have helped you maintain a balanced routine.,PREMISE,GROUNDED,Personal factual assertion,Go for a walk: frequency everyday; importance 4/5; fun 3/5; motivation physical health,Exact/profile-linked cue; verify scope and added details.,No,No,,
B-C-05-008-01,B,A,5,8,1,"Additionally, your calls with your children and walks with friends foster strong connections, reminding you of the love and support in your life.",NONE,GROUNDED,Personal factual assertion,Go for a walk: frequency everyday; importance 4/5; fun 3/5; motivation physical health; Call with children: frequency once a week; importance 5/5; fun 4/5; motivation family relationship,Exact/profile-linked cue; verify scope and added details.,No,No,,
B-C-05-009-01,B,A,5,9,1,"Each of these activities holds significance, contributing to your overall happiness and health.",NONE,UNSUPPORTED,Personal factual assertion,"No matching activity, preference, relationship, frequency, motive, or experience was found in the matched profile.","No matching activity, preference, relationship, frequency, motive, or experience was found in the matched profile.",Yes,Yes,UNSUPPORTED,no evidence to support
B-C-05-010-01,B,A,5,10,1,"As you continue to engage in these fulfilling activities, remember that each small step you take is meaningful.",NONE,NOT_APPLICABLE,Narrative/rhetorical or general statement,No persona-checkable assertion,No persona-checkable assertion,No,No,,
B-C-05-011-01,B,A,5,11,1,"Your commitment to staying active, nurturing relationships, and allowing yourself time to relax is commendable.",NONE,UNSUPPORTED,Personal factual assertion,"No matching activity, preference, relationship, frequency, motive, or experience was found in the matched profile.","No matching activity, preference, relationship, frequency, motive, or experience was found in the matched profile.",No,No,,
B-C-05-012-01,B,A,5,12,1,"Keep embracing these moments, as they are essential for your wellbeing and bring purpose to your days.",NONE,UNSUPPORTED,Recommendation,"No matching activity, preference, relationship, frequency, motive, or experience was found in the matched profile.","No matching activity, preference, relationship, frequency, motive, or experience was found in the matched profile.",No,No,,
B-C-06-001-01,B,A,6,1,1,You have engaged in a variety of meaningful activities over the past week that contribute to your wellbeing.,NONE,UNSUPPORTED,Personal factual assertion,"No matching activity, preference, relationship, frequency, motive, or experience was found in the matched profile.","No matching activity, preference, relationship, frequency, motive, or experience was found in the matched profile.",No,No,,
B-C-06-002-01,B,A,6,2,1,"Your commitment to gardening, going for daily walks, and connecting with family through calls or visits shows a balanced approach to physical health, social interaction, and personal enjoyment.",NONE,GROUNDED,Personal factual assertion,Go for a walk: frequency everyday; importance 4/5; fun 3/5; motivation physical health; Gardening: frequency once a week; importance 3/5; fun 4/5; motivation health/inspiration/meditative,Exact/profile-linked cue; verify scope and added details.,No,No,,
B-C-06-003-01,B,A,6,3,1,Each of these activities plays an important role in your overall wellbeing.,NONE,NOT_APPLICABLE,Narrative/rhetorical or general statement,No persona-checkable assertion,No persona-checkable assertion,No,No,,
B-C-06-004-01,B,A,6,4,1,"Reflecting on your week, you can indeed recognize the importance of what you have done.",NONE,UNSUPPORTED,Personal factual assertion,"No matching activity, preference, relationship, frequency, motive, or experience was found in the matched profile.","No matching activity, preference, relationship, frequency, motive, or experience was found in the matched profile.",No,No,,
B-C-06-005-01,B,A,6,5,1,Your daily walks not only keep you active but also offer time for reflection and enjoyment of your surroundings.,CLAIM,GROUNDED,Recommendation,Go for a walk: frequency everyday; importance 4/5; fun 3/5; motivation physical health,Exact/profile-linked cue; verify scope and added details.,No,No,,
B-C-06-006-01,B,A,6,6,1,"Relaxing with a book or watching a movie provides recovery time, which is essential.",PREMISE,GROUNDED,Personal factual assertion,TV or movies: frequency everyday; importance 3/5; fun 3/5; motivation rest/entertainment; Read books or news: frequency a few times per week; importance 4/5; fun 4/5; motivation recovery/emotional wellbeing,Exact/profile-linked cue; verify scope and added details.,Yes,Yes,GROUNDED,activities match persona
B-C-06-007-01,B,A,6,7,1,"Furthermore, your weekly call with your children and your walks with friends strengthen your social bonds, bringing joy and support.",PREMISE,GROUNDED,Personal factual assertion,Go for a walk: frequency everyday; importance 4/5; fun 3/5; motivation physical health; Call with children: frequency once a week; importance 5/5; fun 4/5; motivation family relationship,Exact/profile-linked cue; verify scope and added details.,No,No,,
B-C-06-008-01,B,A,6,8,1,Each of these moments reflects the importance of connection and care in your life.,NONE,UNSUPPORTED,Personal factual assertion,"No matching activity, preference, relationship, frequency, motive, or experience was found in the matched profile.","No matching activity, preference, relationship, frequency, motive, or experience was found in the matched profile.",No,No,,
B-C-06-009-01,B,A,6,9,1,"As you look back, remember that every small step counts.",NONE,NOT_APPLICABLE,Narrative/rhetorical or general statement,No persona-checkable assertion,No persona-checkable assertion,No,No,,
B-C-06-010-01,B,A,6,10,1,Your activities not only nurture your physical health but also nourish your spirit and relationships.,NONE,UNSUPPORTED,Personal factual assertion,"No matching activity, preference, relationship, frequency, motive, or experience was found in the matched profile.","No matching activity, preference, relationship, frequency, motive, or experience was found in the matched profile.",No,No,,
B-C-06-011-01,B,A,6,11,1,Keep embracing these experiences,CLAIM,NOT_APPLICABLE,Narrative/rhetorical or general statement,No persona-checkable assertion,No persona-checkable assertion,Yes,Yes,NOT_APPLICABLE,No persona-checkable assertion
B-C-06-011-02,B,A,6,11,2,they add purpose and joy to your days.,CLAIM,UNSUPPORTED,Personal factual assertion,"No matching activity, preference, relationship, frequency, motive, or experience was found in the matched profile.","No matching activity, preference, relationship, frequency, motive, or experience was found in the matched profile.",No,No,,
B-C-06-012-01,B,A,6,12,1,Your choices reflect a wonderful commitment to living well.,NONE,UNSUPPORTED,Personal factual assertion,"No matching activity, preference, relationship, frequency, motive, or experience was found in the matched profile.","No matching activity, preference, relationship, frequency, motive, or experience was found in the matched profile.",No,No,,
B-C-07-001-01,B,A,7,1,1,You have been engaging in a variety of activities that contribute positively to your wellbeing.,PREMISE,UNSUPPORTED,Personal factual assertion,"No matching activity, preference, relationship, frequency, motive, or experience was found in the matched profile.","No matching activity, preference, relationship, frequency, motive, or experience was found in the matched profile.",No,No,,
B-C-07-002-01,B,A,7,2,1,"From gardening and daily walks to relaxing with a good book or watching TV, you are balancing physical, social, and recovery activities in a meaningful way.",NONE,GROUNDED,Personal factual assertion,Go for a walk: frequency everyday; importance 4/5; fun 3/5; motivation physical health; Gardening: frequency once a week; importance 3/5; fun 4/5; motivation health/inspiration/meditative; TV or movies: frequency everyday; importance 3/5; fun 3/5; motivation rest/entertainment; Read books or news: frequency a few times per week; importance 4/5; fun 4/5; motivation recovery/emotional wellbeing,Exact/profile-linked cue; verify scope and added details.,No,No,,
B-C-07-003-01,B,A,7,3,1,"Your commitment to connecting with family and friends through calls and walks shows the importance you place on social interactions, which enrich your life.",NONE,GROUNDED,Personal factual assertion,Go for a walk: frequency everyday; importance 4/5; fun 3/5; motivation physical health,Exact/profile-linked cue; verify scope and added details.,No,No,,
B-C-07-004-01,B,A,7,4,1,"Reflecting on the past week, you have successfully fulfilled your motives by participating in these activities.",NONE,UNSUPPORTED,Personal factual assertion,"No matching activity, preference, relationship, frequency, motive, or experience was found in the matched profile.","No matching activity, preference, relationship, frequency, motive, or experience was found in the matched profile.",No,No,,
B-C-07-005-01,B,A,7,5,1,"You enjoyed your weekly gardening session, which not only provided physical exercise but also brought you joy.",PREMISE,GROUNDED,Personal factual assertion,Gardening: frequency once a week; importance 3/5; fun 4/5; motivation health/inspiration/meditative,Exact/profile-linked cue; verify scope and added details.,No,No,,
B-C-07-006-01,B,A,7,6,1,Your daily walks have kept you active,CLAIM,GROUNDED,Personal factual assertion,Go for a walk: frequency everyday; importance 4/5; fun 3/5; motivation physical health,Exact/profile-linked cue; verify scope and added details.,No,No,,
B-C-07-006-02,B,A,7,6,2,your time spent reading and watching shows offered you moments of relaxation.,CLAIM,GROUNDED,Personal factual assertion,Read books or news: frequency a few times per week; importance 4/5; fun 4/5; motivation recovery/emotional wellbeing,Exact/profile-linked cue; verify scope and added details.,No,No,,
B-C-07-007-01,B,A,7,7,1,"Additionally, your calls with your children and walks with friends have strengthened your social connections, making you feel valued and supported.",NONE,GROUNDED,Personal factual assertion,Go for a walk: frequency everyday; importance 4/5; fun 3/5; motivation physical health; Call with children: frequency once a week; importance 5/5; fun 4/5; motivation family relationship,Exact/profile-linked cue; verify scope and added details.,No,No,,
B-C-07-008-01,B,A,7,8,1,"As you continue to engage in these fulfilling activities, remember that each one contributes to your overall happiness and health.",CLAIM,NOT_APPLICABLE,Narrative/rhetorical or general statement,No persona-checkable assertion,No persona-checkable assertion,No,No,,
B-C-07-009-01,B,A,7,9,1,Embrace the joy they bring and the connections you nurture.,NONE,UNSUPPORTED,Personal factual assertion,"No matching activity, preference, relationship, frequency, motive, or experience was found in the matched profile.","No matching activity, preference, relationship, frequency, motive, or experience was found in the matched profile.",No,No,,
B-C-07-010-01,B,A,7,10,1,You are doing wonderfully,NONE,UNSUPPORTED,Personal factual assertion,"No matching activity, preference, relationship, frequency, motive, or experience was found in the matched profile.","No matching activity, preference, relationship, frequency, motive, or experience was found in the matched profile.",No,No,,
B-C-07-010-02,B,A,7,10,2,your efforts are making a positive difference in your life.,NONE,UNSUPPORTED,Personal factual assertion,"No matching activity, preference, relationship, frequency, motive, or experience was found in the matched profile.","No matching activity, preference, relationship, frequency, motive, or experience was found in the matched profile.",Yes,Yes,UNSUPPORTED,"No matching activity, preference, relationship, frequency, motive, or experience was found in the matched profile."
B-C-07-011-01,B,A,7,11,1,Keep it up!,NONE,NOT_APPLICABLE,Narrative/rhetorical or general statement,No persona-checkable assertion,No persona-checkable assertion,Yes,Yes,NOT_APPLICABLE,Generic advice
B-C-08-001-01,B,A,8,1,1,"You have engaged in a variety of meaningful activities that bring a balance of physical exercise, social interaction, and relaxation into your life.",CLAIM,UNSUPPORTED,Personal factual assertion,"No matching activity, preference, relationship, frequency, motive, or experience was found in the matched profile.","No matching activity, preference, relationship, frequency, motive, or experience was found in the matched profile.",No,No,,
B-C-08-002-01,B,A,8,2,1,Your commitment to gardening reflects your appreciation for nurturing and enjoying nature,CLAIM,GROUNDED,Personal factual assertion,Gardening: frequency once a week; importance 3/5; fun 4/5; motivation health/inspiration/meditative,Exact/profile-linked cue; verify scope and added details.,No,No,,
B-C-08-002-02,B,A,8,2,2,your daily walks keep you active and help maintain your well-being.,CLAIM,GROUNDED,Recommendation,Go for a walk: frequency everyday; importance 4/5; fun 3/5; motivation physical health,Exact/profile-linked cue; verify scope and added details.,No,No,,
B-C-08-003-01,B,A,8,3,1,"Watching TV and reading offer you moments of calm, allowing you to unwind and stay connected with the world.",NONE,GROUNDED,Personal factual assertion,TV or movies: frequency everyday; importance 3/5; fun 3/5; motivation rest/entertainment; Read books or news: frequency a few times per week; importance 4/5; fun 4/5; motivation recovery/emotional wellbeing,Exact/profile-linked cue; verify scope and added details.,No,No,,
B-C-08-004-01,B,A,8,4,1,"Over the past week, you've really fulfilled your social and personal motives.",NONE,UNSUPPORTED,Personal factual assertion,"No matching activity, preference, relationship, frequency, motive, or experience was found in the matched profile.","No matching activity, preference, relationship, frequency, motive, or experience was found in the matched profile.",Yes,Yes,UNSUPPORTED,no activities specified 
B-C-08-005-01,B,A,8,5,1,"You made time for calls with your children, strengthening those important family bonds.",PREMISE,GROUNDED,Personal factual assertion,Call with children: frequency once a week; importance 5/5; fun 4/5; motivation family relationship,Exact/profile-linked cue; verify scope and added details.,No,No,,
B-C-08-006-01,B,A,8,6,1,Your weekly walk with a friend or family member has not only provided companionship but also a chance for shared moments that uplift your spirits.,CLAIM,GROUNDED,Personal factual assertion,Go for a walk: frequency everyday; importance 4/5; fun 3/5; motivation physical health; Walk with friend/family: frequency once a week; importance 4/5; fun 3/5; companion friend/family,Exact/profile-linked cue; verify scope and added details.,Yes,Yes,GROUNDED,Go for a walk: frequency everyday; importance 4/5; fun 3/5; motivation physical health; Walk with friend/family: frequency once a week; importance 4/5; fun 3/5; companion friend/family
B-C-08-007-01,B,A,8,7,1,"Attending your handicraft circle every other week adds creativity and social connection to your routine, enhancing your overall joy.",CLAIM,GROUNDED,Personal factual assertion,Handicraft circle: frequency every other week; importance 3/5; fun 4/5; companion friend,Exact/profile-linked cue; verify scope and added details.,No,No,,
B-C-08-008-01,B,A,8,8,1,"Reflecting on your activities, it’s clear that you are creating a rich tapestry of experiences that contribute to your well-being.",NONE,UNSUPPORTED,Personal factual assertion,"No matching activity, preference, relationship, frequency, motive, or experience was found in the matched profile.","No matching activity, preference, relationship, frequency, motive, or experience was found in the matched profile.",No,No,,
B-C-08-009-01,B,A,8,9,1,Each activity you choose adds purpose and meaning to your days.,NONE,UNSUPPORTED,Recommendation,"No matching activity, preference, relationship, frequency, motive, or experience was found in the matched profile.","No matching activity, preference, relationship, frequency, motive, or experience was found in the matched profile.",No,No,,
B-C-08-010-01,B,A,8,10,1,"Keep embracing these moments, as they are essential for a fulfilling and healthy life.",NONE,NOT_APPLICABLE,Narrative/rhetorical or general statement,No persona-checkable assertion,No persona-checkable assertion,No,No,,
B-D-01-001-01,B,B,1,1,1,You have a wonderful mix of activities that bring joy and connection to your life.,NONE,UNSUPPORTED,Personal factual assertion,"No matching activity, preference, relationship, frequency, motive, or experience was found in the matched profile.","No matching activity, preference, relationship, frequency, motive, or experience was found in the matched profile.",Yes,Yes,UNSUPPORTED,"No matching activity, preference, relationship, frequency, motive, or experience was found in the matched profile."
B-D-01-002-01,B,B,1,2,1,"Your commitment to cycling, spending time with family, and engaging in social interactions shows how much you value both your physical health and your relationships.",NONE,GROUNDED,Personal factual assertion,Cycle to the store: frequency a few times per week; importance 4/5; fun 3/5; motivation health/energy/social contact,Exact/profile-linked cue; verify scope and added details.,No,No,,
B-D-01-003-01,B,B,1,3,1,"Each of these activities contributes to your overall wellbeing, making your days richer and more fulfilling.",NONE,NOT_APPLICABLE,Narrative/rhetorical or general statement,No persona-checkable assertion,No persona-checkable assertion,No,No,,
B-D-01-004-01,B,B,1,4,1,"As you plan for the coming week, consider prioritizing your daily dinners with your partner, as they are a source of joy and connection.",CLAIM,UNSUPPORTED,Recommendation,"No matching activity, preference, relationship, frequency, motive, or experience was found in the matched profile.","No matching activity, preference, relationship, frequency, motive, or experience was found in the matched profile.",No,No,,
B-D-01-005-01,B,B,1,5,1,"You might also want to include a few cycling trips to the store, which can be both enjoyable and beneficial for your health.",CLAIM,GROUNDED,Recommendation,Cycle to the store: frequency a few times per week; importance 4/5; fun 3/5; motivation health/energy/social contact,Exact/profile-linked cue; verify scope and added details.,No,No,,
B-D-01-006-01,B,B,1,6,1,"Don’t forget to schedule time to listen to podcasts, as they can provide relaxation and new ideas.",CLAIM,GROUNDED,Personal factual assertion,Listen to podcasts: frequency a few times per week; importance 3/5; fun 4/5; motivation recovery/emotional wellbeing,Exact/profile-linked cue; verify scope and added details.,No,No,,
B-D-01-007-01,B,B,1,7,1,"Additionally, reaching out to your mother through phone calls or visits can strengthen your bond and bring warmth to your week.",PREMISE,UNSUPPORTED,Personal factual assertion,"No matching activity, preference, relationship, frequency, motive, or experience was found in the matched profile.","No matching activity, preference, relationship, frequency, motive, or experience was found in the matched profile.",Yes,Yes,UNSUPPORTED,no evidence in persona
B-D-01-008-01,B,B,1,8,1,"Playing with your grandchildren, even if it’s just once, will surely fill your heart with happiness.",NONE,GROUNDED,Personal factual assertion,Play with grandchildren: frequency every other week; importance 5/5; fun 5/5; motivation family/energy,Exact/profile-linked cue; verify scope and added details.,No,No,,
B-D-01-009-01,B,B,1,9,1,Reflect on how these activities not only enhance your wellbeing but also create meaningful moments in your life.,NONE,UNSUPPORTED,Personal factual assertion,"No matching activity, preference, relationship, frequency, motive, or experience was found in the matched profile.","No matching activity, preference, relationship, frequency, motive, or experience was found in the matched profile.",No,No,,
B-D-01-010-01,B,B,1,10,1,Embrace the joy they bring and remember that each small step you take contributes to a happier week ahead.,CLAIM,NOT_APPLICABLE,Narrative/rhetorical or general statement,No persona-checkable assertion,No persona-checkable assertion,No,No,,
B-D-01-011-01,B,B,1,11,1,"You have the power to shape your days, and I believe you will make choices that bring you joy and fulfillment.",NONE,UNSUPPORTED,Personal factual assertion,"No matching activity, preference, relationship, frequency, motive, or experience was found in the matched profile.","No matching activity, preference, relationship, frequency, motive, or experience was found in the matched profile.",No,No,,
B-D-02-001-01,B,B,2,1,1,You have a wonderful range of activities that bring joy and connection to your life.,NONE,UNSUPPORTED,Personal factual assertion,"No matching activity, preference, relationship, frequency, motive, or experience was found in the matched profile.","No matching activity, preference, relationship, frequency, motive, or experience was found in the matched profile.",No,No,,
B-D-02-002-01,B,B,2,2,1,"From cycling to the store to enjoying dinners with your partner, these moments matter.",NONE,GROUNDED,Personal factual assertion,Cycle to the store: frequency a few times per week; importance 4/5; fun 3/5; motivation health/energy/social contact,Exact/profile-linked cue; verify scope and added details.,Yes,Yes,GROUNDED,Cycle to the store: frequency a few times per week; importance 4/5; fun 3/5; motivation health/energy/social contact
B-D-02-003-01,B,B,2,3,1,"You also engage in meaningful social activities, like visiting your mother and playing with your grandchildren.",PREMISE,GROUNDED,Personal factual assertion,Play with grandchildren: frequency every other week; importance 5/5; fun 5/5; motivation family/energy,Exact/profile-linked cue; verify scope and added details.,No,No,,
B-D-02-004-01,B,B,2,4,1,Each of these activities enriches your life in different ways.,NONE,UNSUPPORTED,Personal factual assertion,"No matching activity, preference, relationship, frequency, motive, or experience was found in the matched profile.","No matching activity, preference, relationship, frequency, motive, or experience was found in the matched profile.",No,No,,
B-D-02-005-01,B,B,2,5,1,"This coming week, consider focusing on your more enjoyable activities to bring happiness.",CLAIM,UNSUPPORTED,Recommendation,"No matching activity, preference, relationship, frequency, motive, or experience was found in the matched profile.","No matching activity, preference, relationship, frequency, motive, or experience was found in the matched profile.",No,No,,
B-D-02-006-01,B,B,2,6,1,You could increase your cycling trips since it combines physical exercise with a bit of fun.,PREMISE,GROUNDED,Personal factual assertion,Cycle to the store: frequency a few times per week; importance 4/5; fun 3/5; motivation health/energy/social contact,Exact/profile-linked cue; verify scope and added details.,No,No,,
B-D-02-007-01,B,B,2,7,1,Make sure to set aside time for those fulfilling conversations on the phone with your mother.,CLAIM,UNSUPPORTED,Personal factual assertion,"No matching activity, preference, relationship, frequency, motive, or experience was found in the matched profile.","No matching activity, preference, relationship, frequency, motive, or experience was found in the matched profile.",No,No,,
B-D-02-008-01,B,B,2,8,1,"Since you enjoy playing with your grandchildren, see if you can arrange another visit with them next week.",PREMISE,GROUNDED,Personal factual assertion,Play with grandchildren: frequency every other week; importance 5/5; fun 5/5; motivation family/energy,Exact/profile-linked cue; verify scope and added details.,No,No,,
B-D-02-009-01,B,B,2,9,1,"Also, dont forget your daily dinner with your partner, as this is a wonderful chance to bond and share your experiences.",CLAIM,GROUNDED,Personal factual assertion,Dinner with partner: frequency everyday; importance 5/5; fun 4/5; motivation family relationship,Exact/profile-linked cue; verify scope and added details.,No,No,,
B-D-02-010-01,B,B,2,10,1,"As you plan your week, remember that balance is key.",CLAIM,NOT_APPLICABLE,Narrative/rhetorical or general statement,No persona-checkable assertion,No persona-checkable assertion,Yes,Yes,NOT_APPLICABLE,Generic advice
B-D-02-011-01,B,B,2,11,1,All these activities not only contribute to your wellbeing but also reflect your values of connection and joy.,NONE,UNSUPPORTED,Personal factual assertion,"No matching activity, preference, relationship, frequency, motive, or experience was found in the matched profile.","No matching activity, preference, relationship, frequency, motive, or experience was found in the matched profile.",No,No,,
B-D-02-012-01,B,B,2,12,1,Embrace each moment,NONE,NOT_APPLICABLE,Narrative/rhetorical or general statement,No persona-checkable assertion,No persona-checkable assertion,No,No,,
B-D-02-012-02,B,B,2,12,2,you will create a fulfilling week ahead!,NONE,UNSUPPORTED,Personal factual assertion,"No matching activity, preference, relationship, frequency, motive, or experience was found in the matched profile.","No matching activity, preference, relationship, frequency, motive, or experience was found in the matched profile.",No,No,,
B-D-03-001-01,B,B,3,1,1,"You have a wonderful mix of activities that support your physical health, social connections, and personal recovery.",NONE,UNSUPPORTED,Personal factual assertion,"No matching activity, preference, relationship, frequency, motive, or experience was found in the matched profile.","No matching activity, preference, relationship, frequency, motive, or experience was found in the matched profile.",Yes,Yes,UNSUPPORTED,not in persona
B-D-03-002-01,B,B,3,2,1,Cycling to the store and exercising at the gym show your commitment to staying active,NONE,GROUNDED,Personal factual assertion,Cycle to the store: frequency a few times per week; importance 4/5; fun 3/5; motivation health/energy/social contact; Exercise in the gym: frequency once a week; importance 4/5; fun 2/5; motivation pain reduction/health/outcome,Exact/profile-linked cue; verify scope and added details.,No,No,,
B-D-03-002-02,B,B,3,2,2,your daily dinners with your partner and regular visits with your mother highlight the importance of nurturing relationships.,NONE,UNSUPPORTED,Personal factual assertion,"No matching activity, preference, relationship, frequency, motive, or experience was found in the matched profile.","No matching activity, preference, relationship, frequency, motive, or experience was found in the matched profile.",No,No,,
B-D-03-003-01,B,B,3,3,1,Listening to podcasts and spending time with your grandchildren also add joy and relaxation to your routine.,NONE,GROUNDED,Personal factual assertion,Listen to podcasts: frequency a few times per week; importance 3/5; fun 4/5; motivation recovery/emotional wellbeing; Play with grandchildren: frequency every other week; importance 5/5; fun 5/5; motivation family/energy,Exact/profile-linked cue; verify scope and added details.,No,No,,
B-D-03-004-01,B,B,3,4,1,"To make the coming week more recovering, consider increasing the time you spend on activities that bring you joy and relaxation.",CLAIM,UNSUPPORTED,Recommendation,"No matching activity, preference, relationship, frequency, motive, or experience was found in the matched profile.","No matching activity, preference, relationship, frequency, motive, or experience was found in the matched profile.",No,No,,
B-D-03-005-01,B,B,3,5,1,"You might want to listen to more podcasts, as they are both enjoyable and restorative.",CLAIM,GROUNDED,Personal factual assertion,Listen to podcasts: frequency a few times per week; importance 3/5; fun 4/5; motivation recovery/emotional wellbeing,Exact/profile-linked cue; verify scope and added details.,No,No,,
B-D-03-006-01,B,B,3,6,1,"Additionally, try to incorporate a few more casual meet-ups with your neighbors, as these social interactions can lift your spirits.",CLAIM,GROUNDED,Recommendation,Meet neighbours: frequency a few times per week; importance 3/5; fun 4/5; companion friend,Exact/profile-linked cue; verify scope and added details.,No,No,,
B-D-03-007-01,B,B,3,7,1,"If possible, plan a special outing or activity with your grandchildren, as this is a source of great fun and connection for you.",CLAIM,GROUNDED,Recommendation,Play with grandchildren: frequency every other week; importance 5/5; fun 5/5; motivation family/energy,Exact/profile-linked cue; verify scope and added details.,No,No,,
B-D-03-008-01,B,B,3,8,1,"Remember, the goal is to create a balance that feels fulfilling and rejuvenating.",NONE,NOT_APPLICABLE,Narrative/rhetorical or general statement,No persona-checkable assertion,No persona-checkable assertion,Yes,Yes,NOT_APPLICABLE,No persona-checkable assertion
B-D-03-009-01,B,B,3,9,1,"By focusing on activities that bring you joy and strengthen your connections, you can enhance your overall well-being.",CLAIM,UNSUPPORTED,Personal factual assertion,"No matching activity, preference, relationship, frequency, motive, or experience was found in the matched profile.","No matching activity, preference, relationship, frequency, motive, or experience was found in the matched profile.",No,No,,
B-D-03-010-01,B,B,3,10,1,"You are doing great, and small adjustments can lead to a more enriching week ahead.",NONE,UNSUPPORTED,Personal factual assertion,"No matching activity, preference, relationship, frequency, motive, or experience was found in the matched profile.","No matching activity, preference, relationship, frequency, motive, or experience was found in the matched profile.",No,No,,
B-D-04-001-01,B,B,4,1,1,"You have a wonderful variety of activities that balance physical movement, social connections, and personal enjoyment.",NONE,UNSUPPORTED,Personal factual assertion,"No matching activity, preference, relationship, frequency, motive, or experience was found in the matched profile.","No matching activity, preference, relationship, frequency, motive, or experience was found in the matched profile.",Yes,Yes,UNSUPPORTED,no evidence to prove or support this claim
B-D-04-002-01,B,B,4,2,1,"Cycling to the store and gym workouts keep you active, while listening to podcasts and having dinner with your partner offer relaxation and connection.",CLAIM,GROUNDED,Recommendation,Cycle to the store: frequency a few times per week; importance 4/5; fun 3/5; motivation health/energy/social contact; Exercise in the gym: frequency once a week; importance 4/5; fun 2/5; motivation pain reduction/health/outcome; Listen to podcasts: frequency a few times per week; importance 3/5; fun 4/5; motivation recovery/emotional wellbeing; Dinner with partner: frequency everyday; importance 5/5; fun 4/5; motivation family relationship,Exact/profile-linked cue; verify scope and added details.,No,No,,
B-D-04-003-01,B,B,4,3,1,"Your visits and conversations with family enrich your life, and spending time with your grandchildren brings joy.",PREMISE,GROUNDED,Personal factual assertion,Play with grandchildren: frequency every other week; importance 5/5; fun 5/5; motivation family/energy,Exact/profile-linked cue; verify scope and added details.,No,No,,
B-D-04-004-01,B,B,4,4,1,"To create a more recovering week, consider focusing on the activities that bring you the most satisfaction and relaxation.",CLAIM,UNSUPPORTED,Recommendation,"No matching activity, preference, relationship, frequency, motive, or experience was found in the matched profile.","No matching activity, preference, relationship, frequency, motive, or experience was found in the matched profile.",No,No,,
B-D-04-005-01,B,B,4,5,1,"You might want to increase your cycling trips to the store, as they are both enjoyable and physically beneficial.",CLAIM,GROUNDED,Personal factual assertion,Cycle to the store: frequency a few times per week; importance 4/5; fun 3/5; motivation health/energy/social contact,Exact/profile-linked cue; verify scope and added details.,No,No,,
B-D-04-006-01,B,B,4,6,1,"Additionally, plan for more dinners with your partner and phone conversations with your mother.",CLAIM,UNSUPPORTED,Recommendation,"No matching activity, preference, relationship, frequency, motive, or experience was found in the matched profile.","No matching activity, preference, relationship, frequency, motive, or experience was found in the matched profile.",No,No,,
B-D-04-007-01,B,B,4,7,1,These moments strengthen your support network and nurture your wellbeing.,PREMISE,UNSUPPORTED,Personal factual assertion,"No matching activity, preference, relationship, frequency, motive, or experience was found in the matched profile.","No matching activity, preference, relationship, frequency, motive, or experience was found in the matched profile.",Yes,Yes,UNSUPPORTED,"No matching activity, preference, relationship, frequency, motive, or experience was found in the matched profile."
B-D-04-008-01,B,B,4,8,1,"You could also set a specific time to play with your grandchildren, as this brings you immense joy and laughter.",PREMISE,GROUNDED,Personal factual assertion,Play with grandchildren: frequency every other week; importance 5/5; fun 5/5; motivation family/energy,Exact/profile-linked cue; verify scope and added details.,No,No,,
B-D-04-009-01,B,B,4,9,1,Reflect on how these activities contribute to your overall happiness.,CLAIM,UNSUPPORTED,Personal factual assertion,"No matching activity, preference, relationship, frequency, motive, or experience was found in the matched profile.","No matching activity, preference, relationship, frequency, motive, or experience was found in the matched profile.",No,No,,
B-D-04-010-01,B,B,4,10,1,"Remember, prioritizing moments that uplift you will lead to a more fulfilling week.",CLAIM,UNSUPPORTED,Personal factual assertion,"No matching activity, preference, relationship, frequency, motive, or experience was found in the matched profile.","No matching activity, preference, relationship, frequency, motive, or experience was found in the matched profile.",No,No,,
B-D-04-011-01,B,B,4,11,1,"Embrace the value of connection, movement, and enjoyment, and allow yourself the space to recover and recharge.",CLAIM,NOT_APPLICABLE,Narrative/rhetorical or general statement,No persona-checkable assertion,No persona-checkable assertion,No,No,,
B-D-05-001-01,B,B,5,1,1,You have been engaging in a variety of meaningful activities that contribute to your overall wellbeing.,NONE,NOT_APPLICABLE,Narrative/rhetorical or general statement,No persona-checkable assertion,No persona-checkable assertion,No,No,,
B-D-05-002-01,B,B,5,2,1,Cycling to the store a few times a week not only helps you stay active but also adds a bit of fun to your routine.,CLAIM,GROUNDED,Personal factual assertion,Cycle to the store: frequency a few times per week; importance 4/5; fun 3/5; motivation health/energy/social contact,Exact/profile-linked cue; verify scope and added details.,Yes,Yes,GROUNDED,Cycle to the store: frequency a few times per week; importance 4/5; fun 3/5; motivation health/energy/social contact
B-D-05-003-01,B,B,5,3,1,"Your commitment to having dinner with your partner every day is a wonderful way to nurture your relationship, while visiting your mother once a week strengthens family bonds.",CLAIM,GROUNDED,Personal factual assertion,Dinner with partner: frequency everyday; importance 5/5; fun 4/5; motivation family relationship,Exact/profile-linked cue; verify scope and added details.,No,No,,
B-D-05-004-01,B,B,5,4,1,"Additionally, listening to podcasts and talking with your mother on the phone are great ways to relax and connect.",CLAIM,GROUNDED,Personal factual assertion,Listen to podcasts: frequency a few times per week; importance 3/5; fun 4/5; motivation recovery/emotional wellbeing; Phone mother: frequency a few times per week; importance 4/5; fun 3/5; motivation family relationship,Exact/profile-linked cue; verify scope and added details.,No,No,,
B-D-05-005-01,B,B,5,5,1,"Reflecting on your past week, you certainly did something important.",NONE,UNSUPPORTED,Personal factual assertion,"No matching activity, preference, relationship, frequency, motive, or experience was found in the matched profile.","No matching activity, preference, relationship, frequency, motive, or experience was found in the matched profile.",No,No,,
B-D-05-006-01,B,B,5,6,1,"Each time you cycled to the store or spent time with your grandchildren, you were not just being active",CLAIM,GROUNDED,Personal factual assertion,Cycle to the store: frequency a few times per week; importance 4/5; fun 3/5; motivation health/energy/social contact; Play with grandchildren: frequency every other week; importance 5/5; fun 5/5; motivation family/energy,Exact/profile-linked cue; verify scope and added details.,No,No,,
B-D-05-006-02,B,B,5,6,2,you were also creating joyful memories.,CLAIM,UNSUPPORTED,Personal factual assertion,"No matching activity, preference, relationship, frequency, motive, or experience was found in the matched profile.","No matching activity, preference, relationship, frequency, motive, or experience was found in the matched profile.",No,No,,
B-D-05-007-01,B,B,5,7,1,Your weekly visits to your mother and daily dinners with your partner show how much you value your relationships.,NONE,UNSUPPORTED,Personal factual assertion,"No matching activity, preference, relationship, frequency, motive, or experience was found in the matched profile.","No matching activity, preference, relationship, frequency, motive, or experience was found in the matched profile.",Yes,Yes,GROUNDED,"visit mother: frequency once a week; importance 5/5; fun 3/5; motivation family/help mother, daily dinner with partner also present in the persona"
B-D-05-008-01,B,B,5,8,1,These moments are significant and contribute to your emotional and social wellbeing.,NONE,UNSUPPORTED,Personal factual assertion,"No matching activity, preference, relationship, frequency, motive, or experience was found in the matched profile.","No matching activity, preference, relationship, frequency, motive, or experience was found in the matched profile.",No,No,,
B-D-05-009-01,B,B,5,9,1,"As you continue to engage in these activities, remember that they bring purpose and joy to your life.",NONE,NOT_APPLICABLE,Narrative/rhetorical or general statement,No persona-checkable assertion,No persona-checkable assertion,No,No,,
B-D-05-010-01,B,B,5,10,1,Each connection you make and every effort you put into your health matters.,NONE,UNSUPPORTED,Personal factual assertion,"No matching activity, preference, relationship, frequency, motive, or experience was found in the matched profile.","No matching activity, preference, relationship, frequency, motive, or experience was found in the matched profile.",No,No,,
B-D-05-011-01,B,B,5,11,1,"Keep embracing these moments, as they enrich your life and the lives of those around you.",NONE,UNSUPPORTED,Recommendation,"No matching activity, preference, relationship, frequency, motive, or experience was found in the matched profile.","No matching activity, preference, relationship, frequency, motive, or experience was found in the matched profile.",No,No,,
B-D-06-001-01,B,B,6,1,1,You have been actively engaged in a variety of meaningful activities this past week.,NONE,UNSUPPORTED,Personal factual assertion,"No matching activity, preference, relationship, frequency, motive, or experience was found in the matched profile.","No matching activity, preference, relationship, frequency, motive, or experience was found in the matched profile.",No,No,,
B-D-06-002-01,B,B,6,2,1,"From cycling to the store and exercising at the gym to enjoying dinner with your partner, each moment reflects your commitment to maintaining both your physical health and your relationships.",NONE,GROUNDED,Personal factual assertion,Cycle to the store: frequency a few times per week; importance 4/5; fun 3/5; motivation health/energy/social contact; Exercise in the gym: frequency once a week; importance 4/5; fun 2/5; motivation pain reduction/health/outcome; Dinner with partner: frequency everyday; importance 5/5; fun 4/5; motivation family relationship,Exact/profile-linked cue; verify scope and added details.,No,No,,
B-D-06-003-01,B,B,6,3,1,"Your time spent with your mother, whether through visits or phone calls, showcases the importance you place on family connections.",NONE,UNSUPPORTED,Personal factual assertion,"No matching activity, preference, relationship, frequency, motive, or experience was found in the matched profile.","No matching activity, preference, relationship, frequency, motive, or experience was found in the matched profile.",No,No,,
B-D-06-004-01,B,B,6,4,1,"Additionally, playing with your grandchildren highlights the joy and love you share with them.",NONE,GROUNDED,Personal factual assertion,Play with grandchildren: frequency every other week; importance 5/5; fun 5/5; motivation family/energy,Exact/profile-linked cue; verify scope and added details.,Yes,Yes,GROUNDED,play with grandchildren: frequency every other week; importance 5/5; fun 5/5; motivation family/energy
B-D-06-005-01,B,B,6,5,1,"Reflecting on your question about important actions, it is clear that you have indeed done something significant.",NONE,UNSUPPORTED,Personal factual assertion,"No matching activity, preference, relationship, frequency, motive, or experience was found in the matched profile.","No matching activity, preference, relationship, frequency, motive, or experience was found in the matched profile.",No,No,,
B-D-06-006-01,B,B,6,6,1,The daily dinners with your partner are a valuable way to strengthen your bond,CLAIM,UNSUPPORTED,Personal factual assertion,"No matching activity, preference, relationship, frequency, motive, or experience was found in the matched profile.","No matching activity, preference, relationship, frequency, motive, or experience was found in the matched profile.",No,No,,
B-D-06-006-02,B,B,6,6,2,your weekly visits and conversations with your mother keep those relationships thriving.,CLAIM,UNSUPPORTED,Recommendation,"No matching activity, preference, relationship, frequency, motive, or experience was found in the matched profile.","No matching activity, preference, relationship, frequency, motive, or experience was found in the matched profile.",No,No,,
B-D-06-007-01,B,B,6,7,1,Cycling and exercising are not just activities,PREMISE,GROUNDED,Personal factual assertion,Cycle to the store: frequency a few times per week; importance 4/5; fun 3/5; motivation health/energy/social contact,Exact/profile-linked cue; verify scope and added details.,No,No,,
B-D-06-007-02,B,B,6,7,2,"they contribute to your well-being and vitality, reminding you of the importance of staying active.",PREMISE,UNSUPPORTED,Personal factual assertion,"No matching activity, preference, relationship, frequency, motive, or experience was found in the matched profile.","No matching activity, preference, relationship, frequency, motive, or experience was found in the matched profile.",No,No,,
B-D-06-008-01,B,B,6,8,1,"As you look back on the week, remember that every small action you take has meaning.",CLAIM,NOT_APPLICABLE,Narrative/rhetorical or general statement,No persona-checkable assertion,No persona-checkable assertion,No,No,,
B-D-06-009-01,B,B,6,9,1,Your efforts to connect with loved ones and engage in activities you enjoy bring richness to your life.,NONE,UNSUPPORTED,Personal factual assertion,"No matching activity, preference, relationship, frequency, motive, or experience was found in the matched profile.","No matching activity, preference, relationship, frequency, motive, or experience was found in the matched profile.",No,No,,
B-D-06-010-01,B,B,6,10,1,"Keep nurturing these connections, as they truly matter.",CLAIM,NOT_APPLICABLE,Narrative/rhetorical or general statement,No persona-checkable assertion,No persona-checkable assertion,Yes,Yes,NOT_APPLICABLE,No persona-checkable assertion
B-D-07-001-01,B,B,7,1,1,You have been actively engaging in a variety of meaningful activities that contribute to your overall wellbeing.,NONE,NOT_APPLICABLE,Narrative/rhetorical or general statement,No persona-checkable assertion,No persona-checkable assertion,No,No,,
B-D-07-002-01,B,B,7,2,1,"From cycling to the store to enjoying dinners with your partner, you have been balancing physical, social, and recovery activities in your life.",NONE,GROUNDED,Personal factual assertion,Cycle to the store: frequency a few times per week; importance 4/5; fun 3/5; motivation health/energy/social contact,Exact/profile-linked cue; verify scope and added details.,Yes,Yes,GROUNDED,matches persona
B-D-07-003-01,B,B,7,3,1,"Each of these activities plays a significant role in nurturing your body and spirit, while also fostering connections with those you care about.",NONE,UNSUPPORTED,Personal factual assertion,"No matching activity, preference, relationship, frequency, motive, or experience was found in the matched profile.","No matching activity, preference, relationship, frequency, motive, or experience was found in the matched profile.",No,No,,
B-D-07-004-01,B,B,7,4,1,"Reflecting on the past week, you have fulfilled your motives by maintaining a routine that includes exercise, social interactions, and personal recovery time.",NONE,UNSUPPORTED,Personal factual assertion,"No matching activity, preference, relationship, frequency, motive, or experience was found in the matched profile.","No matching activity, preference, relationship, frequency, motive, or experience was found in the matched profile.",Yes,Yes,UNSUPPORTED,"No matching activity, preference, relationship, frequency, motive, or experience was found in the matched profile."
B-D-07-005-01,B,B,7,5,1,"You cycled to the store a few times, which not only keeps you physically active but also adds a sense of enjoyment to your errands.",CLAIM,GROUNDED,Personal factual assertion,Cycle to the store: frequency a few times per week; importance 4/5; fun 3/5; motivation health/energy/social contact,Exact/profile-linked cue; verify scope and added details.,No,No,,
B-D-07-006-01,B,B,7,6,1,"Your weekly gym sessions, though less frequent, contribute to your physical health.",CLAIM,GROUNDED,Personal factual assertion,Exercise in the gym: frequency once a week; importance 4/5; fun 2/5; motivation pain reduction/health/outcome,Exact/profile-linked cue; verify scope and added details.,No,No,,
B-D-07-007-01,B,B,7,7,1,"You have also prioritized meaningful connections, such as having dinner with your partner every day and visiting your mother weekly, which strengthens your family bonds.",CLAIM,GROUNDED,Personal factual assertion,Dinner with partner: frequency everyday; importance 5/5; fun 4/5; motivation family relationship,Exact/profile-linked cue; verify scope and added details.,No,No,,
B-D-07-008-01,B,B,7,8,1,Listening to podcasts and talking with your mother on the phone have provided you with valuable recovery time and mental stimulation.,CLAIM,GROUNDED,Personal factual assertion,Listen to podcasts: frequency a few times per week; importance 3/5; fun 4/5; motivation recovery/emotional wellbeing; Phone mother: frequency a few times per week; importance 4/5; fun 3/5; motivation family relationship,Exact/profile-linked cue; verify scope and added details.,No,No,,
B-D-07-009-01,B,B,7,9,1,"As you continue to engage in these activities, remember that each moment spent with loved ones and each effort to care for yourself adds purpose to your life.",NONE,NOT_APPLICABLE,Narrative/rhetorical or general statement,No persona-checkable assertion,No persona-checkable assertion,No,No,,
B-D-07-010-01,B,B,7,10,1,Your commitment to maintaining these connections and taking care of your wellbeing is commendable.,NONE,UNSUPPORTED,Personal factual assertion,"No matching activity, preference, relationship, frequency, motive, or experience was found in the matched profile.","No matching activity, preference, relationship, frequency, motive, or experience was found in the matched profile.",No,No,,
B-D-07-011-01,B,B,7,11,1,"Keep nurturing these habits, as they bring joy and fulfillment to your days.",CLAIM,UNSUPPORTED,Recommendation,"No matching activity, preference, relationship, frequency, motive, or experience was found in the matched profile.","No matching activity, preference, relationship, frequency, motive, or experience was found in the matched profile.",No,No,,
B-D-08-001-01,B,B,8,1,1,You have been engaged in a variety of meaningful activities that have contributed positively to your well-being.,CLAIM,UNSUPPORTED,Personal factual assertion,"No matching activity, preference, relationship, frequency, motive, or experience was found in the matched profile.","No matching activity, preference, relationship, frequency, motive, or experience was found in the matched profile.",No,No,,
B-D-08-002-01,B,B,8,2,1,"Cycling to the store and exercising at the gym have kept you physically active, while listening to podcasts has provided a delightful form of relaxation and entertainment.",CLAIM,GROUNDED,Personal factual assertion,Cycle to the store: frequency a few times per week; importance 4/5; fun 3/5; motivation health/energy/social contact; Exercise in the gym: frequency once a week; importance 4/5; fun 2/5; motivation pain reduction/health/outcome; Listen to podcasts: frequency a few times per week; importance 3/5; fun 4/5; motivation recovery/emotional wellbeing,Exact/profile-linked cue; verify scope and added details.,Yes,Yes,GROUNDED,Cycle to the store: frequency a few times per week; importance 4/5; fun 3/5; motivation health/energy/social contact; Exercise in the gym: frequency once a week; importance 4/5; fun 2/5; motivation pain reduction/health/outcome; Listen to podcasts: frequency a few times per week; importance 3/5; fun 4/5; motivation recovery/emotional wellbeing
B-D-08-003-01,B,B,8,3,1,"Your daily dinners with your partner foster closeness and shared joy, which is so important.",NONE,UNSUPPORTED,Personal factual assertion,"No matching activity, preference, relationship, frequency, motive, or experience was found in the matched profile.","No matching activity, preference, relationship, frequency, motive, or experience was found in the matched profile.",No,No,,
B-D-08-004-01,B,B,8,4,1,"Over the past week, you have fulfilled your social and recovery needs effectively.",NONE,UNSUPPORTED,Personal factual assertion,"No matching activity, preference, relationship, frequency, motive, or experience was found in the matched profile.","No matching activity, preference, relationship, frequency, motive, or experience was found in the matched profile.",No,No,,
B-D-08-005-01,B,B,8,5,1,Visiting your mother and talking with her on the phone have strengthened your family bonds while allowing you to enjoy each other's company.,CLAIM,UNSUPPORTED,Personal factual assertion,"No matching activity, preference, relationship, frequency, motive, or experience was found in the matched profile.","No matching activity, preference, relationship, frequency, motive, or experience was found in the matched profile.",No,No,,
B-D-08-006-01,B,B,8,6,1,Meeting your neighbors brings a sense of community into your life.,NONE,GROUNDED,Personal factual assertion,Meet neighbours: frequency a few times per week; importance 3/5; fun 4/5; companion friend,Exact/profile-linked cue; verify scope and added details.,No,No,,
B-D-08-007-01,B,B,8,7,1,Playing with your grandchildren every other week has likely added a wonderful splash of fun and connection.,CLAIM,GROUNDED,Personal factual assertion,Play with grandchildren: frequency every other week; importance 5/5; fun 5/5; motivation family/energy,Exact/profile-linked cue; verify scope and added details.,No,No,,
B-D-08-008-01,B,B,8,8,1,Each of these activities reflects your commitment to nurturing relationships and taking care of yourself.,NONE,UNSUPPORTED,Personal factual assertion,"No matching activity, preference, relationship, frequency, motive, or experience was found in the matched profile.","No matching activity, preference, relationship, frequency, motive, or experience was found in the matched profile.",No,No,,
B-D-08-009-01,B,B,8,9,1,"As you reflect on your activities, remember that the connections you maintain and the joy you find in simple moments give your life purpose and meaning.",NONE,NOT_APPLICABLE,Narrative/rhetorical or general statement,No persona-checkable assertion,No persona-checkable assertion,No,No,,
B-D-08-010-01,B,B,8,10,1,"Continue engaging in what brings you happiness, and know that each effort you make nurtures your well-being.",CLAIM,UNSUPPORTED,Personal factual assertion,"No matching activity, preference, relationship, frequency, motive, or experience was found in the matched profile.","No matching activity, preference, relationship, frequency, motive, or experience was found in the matched profile.",Yes,Yes,UNSUPPORTED,no evidence from persona profile
B-D-08-011-01,B,B,8,11,1,Keep up the great work!,NONE,NOT_APPLICABLE,Narrative/rhetorical or general statement,No persona-checkable assertion,No persona-checkable assertion,No,No,,
B-E-01-001-01,B,D,1,1,1,"You have a wonderful mix of activities that support your physical health, social connections, and personal enjoyment.",NONE,UNSUPPORTED,Personal factual assertion,"No matching activity, preference, relationship, frequency, motive, or experience was found in the matched profile.","No matching activity, preference, relationship, frequency, motive, or experience was found in the matched profile.",No,No,,
B-E-01-002-01,B,D,1,2,1,Your commitment to daily rehab exercises and rest with a heat pack shows your dedication to recovery.,NONE,GROUNDED,Personal factual assertion,Rehab exercises: frequency everyday; importance 5/5; fun 2/5; motivation health/pain reduction/outcome; Rest with heat pack: frequency everyday; importance 5/5; fun 3/5; motivation recovery/pain reduction/relaxation,Exact/profile-linked cue; verify scope and added details.,No,No,,
B-E-01-003-01,B,D,1,3,1,"Additionally, your outdoor walks and time spent watching sports bring a nice balance of movement and relaxation into your routine.",CLAIM,GROUNDED,Personal factual assertion,Short outdoor walks: frequency a few times per week; importance 4/5; fun 3/5; motivation health/energy; Watching sports: frequency a few times per week; importance 3/5; fun 4/5; motivation entertainment/recovery,Exact/profile-linked cue; verify scope and added details.,No,No,,
B-E-01-004-01,B,D,1,4,1,"This coming week, consider focusing on your rehab exercises and short outdoor walks to maintain your physical strength and well-being.",CLAIM,GROUNDED,Recommendation,Rehab exercises: frequency everyday; importance 5/5; fun 2/5; motivation health/pain reduction/outcome; Short outdoor walks: frequency a few times per week; importance 4/5; fun 3/5; motivation health/energy,Exact/profile-linked cue; verify scope and added details.,No,No,,
B-E-01-005-01,B,D,1,5,1,"You might also enjoy your weekly cafe outing with a friend, which can uplift your spirits and provide a lovely change of scenery.",CLAIM,GROUNDED,Personal factual assertion,Café or restaurant: frequency once a week; importance 4/5; fun 4/5; companion friend,Exact/profile-linked cue; verify scope and added details.,Yes,Yes,GROUNDED,café: frequency once a week; importance 4/5; fun 4/5; companion friend
B-E-01-006-01,B,D,1,6,1,Don’t forget to set aside time for board games or computer games with your partner,CLAIM,GROUNDED,Personal factual assertion,Games with partner: frequency once a week; importance 4/5; fun 4/5; companion partner,Exact/profile-linked cue; verify scope and added details.,No,No,,
B-E-01-006-02,B,D,1,6,2,these moments can bring joy and laughter into your week.,CLAIM,UNSUPPORTED,Personal factual assertion,"No matching activity, preference, relationship, frequency, motive, or experience was found in the matched profile.","No matching activity, preference, relationship, frequency, motive, or experience was found in the matched profile.",No,No,,
B-E-01-007-01,B,D,1,7,1,Each of these activities has its own importance and can contribute to a fulfilling week.,NONE,NOT_APPLICABLE,Narrative/rhetorical or general statement,No persona-checkable assertion,No persona-checkable assertion,No,No,,
B-E-01-008-01,B,D,1,8,1,"Remember, every small step you take towards your well-being matters.",CLAIM,UNSUPPORTED,Personal factual assertion,"No matching activity, preference, relationship, frequency, motive, or experience was found in the matched profile.","No matching activity, preference, relationship, frequency, motive, or experience was found in the matched profile.",Yes,Yes,UNSUPPORTED,"No matching activity, preference, relationship, frequency, motive, or experience was found in the matched profile."
B-E-01-009-01,B,D,1,9,1,"Embrace the activities that bring you joy and connection, and allow yourself to enjoy the process of recovery.",NONE,UNSUPPORTED,Recommendation,"No matching activity, preference, relationship, frequency, motive, or experience was found in the matched profile.","No matching activity, preference, relationship, frequency, motive, or experience was found in the matched profile.",No,No,,
B-E-01-010-01,B,D,1,10,1,"You are doing great, and each week is an opportunity to create happiness in your life.",NONE,UNSUPPORTED,Personal factual assertion,"No matching activity, preference, relationship, frequency, motive, or experience was found in the matched profile.","No matching activity, preference, relationship, frequency, motive, or experience was found in the matched profile.",No,No,,
B-E-02-001-01,B,D,2,1,1,"You have a wonderful range of activities that support your physical health, recovery, and social connections.",NONE,UNSUPPORTED,Personal factual assertion,"No matching activity, preference, relationship, frequency, motive, or experience was found in the matched profile.","No matching activity, preference, relationship, frequency, motive, or experience was found in the matched profile.",No,No,,
B-E-02-002-01,B,D,2,2,1,"Each day, you dedicate time to rehab exercises and resting with a heat pack, both of which are crucial for your wellbeing.",NONE,GROUNDED,Personal factual assertion,Rehab exercises: frequency everyday; importance 5/5; fun 2/5; motivation health/pain reduction/outcome; Rest with heat pack: frequency everyday; importance 5/5; fun 3/5; motivation recovery/pain reduction/relaxation,Exact/profile-linked cue; verify scope and added details.,No,No,,
B-E-02-003-01,B,D,2,3,1,Your short outdoor walks and weekly visits to cafes or restaurants with friends also add a nice balance of enjoyment and social interaction to your routine.,NONE,GROUNDED,Personal factual assertion,Short outdoor walks: frequency a few times per week; importance 4/5; fun 3/5; motivation health/energy; Café or restaurant: frequency once a week; importance 4/5; fun 4/5; companion friend,Exact/profile-linked cue; verify scope and added details.,No,No,,
B-E-02-004-01,B,D,2,4,1,"For the coming week, consider continuing your daily rehab exercises and heat pack routine, as they keep you strong and comfortable.",CLAIM,GROUNDED,Recommendation,Rehab exercises: frequency everyday; importance 5/5; fun 2/5; motivation health/pain reduction/outcome; Rest with heat pack: frequency everyday; importance 5/5; fun 3/5; motivation recovery/pain reduction/relaxation,Exact/profile-linked cue; verify scope and added details.,No,No,,
B-E-02-005-01,B,D,2,5,1,"Try to include your short outdoor walks a few times, as being in nature can uplift your spirits.",CLAIM,GROUNDED,Recommendation,Short outdoor walks: frequency a few times per week; importance 4/5; fun 3/5; motivation health/energy,Exact/profile-linked cue; verify scope and added details.,Yes,Yes,GROUNDED,activity matches the persona
B-E-02-006-01,B,D,2,6,1,"Watching sports can be a fun way to relax and connect with friends or family, so plan to enjoy a game together.",CLAIM,GROUNDED,Recommendation,Watching sports: frequency a few times per week; importance 3/5; fun 4/5; motivation entertainment/recovery,Exact/profile-linked cue; verify scope and added details.,No,No,,
B-E-02-007-01,B,D,2,7,1,"Finally, don’t forget your weekly board game night with your partner, as it not only adds joy but also strengthens your bond.",CLAIM,GROUNDED,Personal factual assertion,Games with partner: frequency once a week; importance 4/5; fun 4/5; companion partner,Exact/profile-linked cue; verify scope and added details.,No,No,,
B-E-02-008-01,B,D,2,8,1,"Remember, each of these activities brings purpose and positivity to your life.",CLAIM,UNSUPPORTED,Personal factual assertion,"No matching activity, preference, relationship, frequency, motive, or experience was found in the matched profile.","No matching activity, preference, relationship, frequency, motive, or experience was found in the matched profile.",No,No,,
B-E-02-009-01,B,D,2,9,1,"By prioritizing them, you create a happy week for yourself.",CLAIM,UNSUPPORTED,Personal factual assertion,"No matching activity, preference, relationship, frequency, motive, or experience was found in the matched profile.","No matching activity, preference, relationship, frequency, motive, or experience was found in the matched profile.",No,No,,
B-E-02-010-01,B,D,2,10,1,"Embrace this opportunity to nurture your body and enjoy the company of loved ones, making every day count.",CLAIM,UNSUPPORTED,Personal factual assertion,"No matching activity, preference, relationship, frequency, motive, or experience was found in the matched profile.","No matching activity, preference, relationship, frequency, motive, or experience was found in the matched profile.",No,No,,
B-E-03-001-01,B,D,3,1,1,You have been doing a wonderful job incorporating various activities into your routine.,NONE,UNSUPPORTED,Personal factual assertion,"No matching activity, preference, relationship, frequency, motive, or experience was found in the matched profile.","No matching activity, preference, relationship, frequency, motive, or experience was found in the matched profile.",No,No,,
B-E-03-002-01,B,D,3,2,1,Your commitment to rehab exercises and daily rest with a heat pack shows your dedication to recovery.,NONE,GROUNDED,Personal factual assertion,Rehab exercises: frequency everyday; importance 5/5; fun 2/5; motivation health/pain reduction/outcome; Rest with heat pack: frequency everyday; importance 5/5; fun 3/5; motivation recovery/pain reduction/relaxation,Exact/profile-linked cue; verify scope and added details.,No,No,,
B-E-03-003-01,B,D,3,3,1,Enjoying short outdoor walks and spending time with friends and your partner through games adds a lovely balance of social interaction and fun to your week.,CLAIM,GROUNDED,Personal factual assertion,Short outdoor walks: frequency a few times per week; importance 4/5; fun 3/5; motivation health/energy,Exact/profile-linked cue; verify scope and added details.,No,No,,
B-E-03-004-01,B,D,3,4,1,"To make the coming week even more focused on recovery, consider increasing the frequency of your short outdoor walks.",CLAIM,GROUNDED,Recommendation,Short outdoor walks: frequency a few times per week; importance 4/5; fun 3/5; motivation health/energy,Exact/profile-linked cue; verify scope and added details.,No,No,,
B-E-03-005-01,B,D,3,5,1,"Perhaps aim for a walk every day, even if it’s just for a few minutes.",CLAIM,NOT_APPLICABLE,Narrative/rhetorical or general statement,No persona-checkable assertion,No persona-checkable assertion,Yes,Yes,NOT_APPLICABLE,No persona-checkable assertion
B-E-03-006-01,B,D,3,6,1,This can help boost your mood and keep you physically active.,PREMISE,UNSUPPORTED,Recommendation,"No matching activity, preference, relationship, frequency, motive, or experience was found in the matched profile.","No matching activity, preference, relationship, frequency, motive, or experience was found in the matched profile.",No,No,,
B-E-03-007-01,B,D,3,7,1,"Additionally, you might want to explore new cafes or restaurants with your friend, as a change of scenery can enhance your social experience.",CLAIM,GROUNDED,Personal factual assertion,Café or restaurant: frequency once a week; importance 4/5; fun 4/5; companion friend,Exact/profile-linked cue; verify scope and added details.,No,No,,
B-E-03-008-01,B,D,3,8,1,"Remember to prioritize your rehab exercises and rest, ensuring you give your body the care it needs.",CLAIM,GROUNDED,Recommendation,Rehab exercises: frequency everyday; importance 5/5; fun 2/5; motivation health/pain reduction/outcome,Exact/profile-linked cue; verify scope and added details.,No,No,,
B-E-03-009-01,B,D,3,9,1,"Reflecting on your week, remember that each small step you take contributes to your overall wellbeing.",CLAIM,NOT_APPLICABLE,Narrative/rhetorical or general statement,No persona-checkable assertion,No persona-checkable assertion,No,No,,
B-E-03-010-01,B,D,3,10,1,"Embrace the activities that bring you joy and connection, as they are essential for your recovery journey.",CLAIM,UNSUPPORTED,Personal factual assertion,"No matching activity, preference, relationship, frequency, motive, or experience was found in the matched profile.","No matching activity, preference, relationship, frequency, motive, or experience was found in the matched profile.",Yes,Yes,UNSUPPORTED,no matching activity in persona
B-E-03-011-01,B,D,3,11,1,"You are doing great, and every effort counts.",NONE,UNSUPPORTED,Personal factual assertion,"No matching activity, preference, relationship, frequency, motive, or experience was found in the matched profile.","No matching activity, preference, relationship, frequency, motive, or experience was found in the matched profile.",No,No,,
B-E-03-012-01,B,D,3,12,1,Keep moving forward with confidence.,NONE,NOT_APPLICABLE,Narrative/rhetorical or general statement,No persona-checkable assertion,No persona-checkable assertion,No,No,,
B-E-04-001-01,B,D,4,1,1,You have a wonderful variety of activities that contribute to your wellbeing.,NONE,UNSUPPORTED,Personal factual assertion,"No matching activity, preference, relationship, frequency, motive, or experience was found in the matched profile.","No matching activity, preference, relationship, frequency, motive, or experience was found in the matched profile.",No,No,,
B-E-04-002-01,B,D,4,2,1,Your daily rehab exercises and rest with a heat pack show your commitment to recovery,NONE,GROUNDED,Personal factual assertion,Rehab exercises: frequency everyday; importance 5/5; fun 2/5; motivation health/pain reduction/outcome; Rest with heat pack: frequency everyday; importance 5/5; fun 3/5; motivation recovery/pain reduction/relaxation,Exact/profile-linked cue; verify scope and added details.,No,No,,
B-E-04-002-02,B,D,4,2,2,your short outdoor walks add a refreshing touch to your routine.,NONE,GROUNDED,Personal factual assertion,Short outdoor walks: frequency a few times per week; importance 4/5; fun 3/5; motivation health/energy,Exact/profile-linked cue; verify scope and added details.,Yes,Yes,GROUNDED,activity matches the persona
B-E-04-003-01,B,D,4,3,1,"Engaging in social activities like visiting cafes and playing games with your partner creates joy and connection, which are equally important for your overall health.",CLAIM,GROUNDED,Personal factual assertion,Café or restaurant: frequency once a week; importance 4/5; fun 4/5; companion friend; Games with partner: frequency once a week; importance 4/5; fun 4/5; companion partner,Exact/profile-linked cue; verify scope and added details.,No,No,,
B-E-04-004-01,B,D,4,4,1,"To make the coming week more recovering, consider gently increasing your short outdoor walks to enjoy nature more often.",CLAIM,GROUNDED,Recommendation,Short outdoor walks: frequency a few times per week; importance 4/5; fun 3/5; motivation health/energy,Exact/profile-linked cue; verify scope and added details.,No,No,,
B-E-04-005-01,B,D,4,5,1,This can enhance both your physical and mental wellbeing.,PREMISE,UNSUPPORTED,Personal factual assertion,"No matching activity, preference, relationship, frequency, motive, or experience was found in the matched profile.","No matching activity, preference, relationship, frequency, motive, or experience was found in the matched profile.",Yes,Yes,UNSUPPORTED,"No matching activity, preference, relationship, frequency, motive, or experience was found in the matched profile."
B-E-04-006-01,B,D,4,6,1,"Additionally, try to set aside extra time for rest, perhaps by using your heat pack after your walks or rehab exercises.",CLAIM,GROUNDED,Recommendation,Rehab exercises: frequency everyday; importance 5/5; fun 2/5; motivation health/pain reduction/outcome; Rest with heat pack: frequency everyday; importance 5/5; fun 3/5; motivation recovery/pain reduction/relaxation,Exact/profile-linked cue; verify scope and added details.,No,No,,
B-E-04-007-01,B,D,4,7,1,"Remember, pacing yourself is key.",CLAIM,NOT_APPLICABLE,Narrative/rhetorical or general statement,No persona-checkable assertion,No persona-checkable assertion,No,No,,
B-E-04-008-01,B,D,4,8,1,You might also look forward to your social activities by planning a fun outing or game night that you can really enjoy.,CLAIM,UNSUPPORTED,Personal factual assertion,"No matching activity, preference, relationship, frequency, motive, or experience was found in the matched profile.","No matching activity, preference, relationship, frequency, motive, or experience was found in the matched profile.",No,No,,
B-E-04-009-01,B,D,4,9,1,Reflect on how these activities not only promote recovery but also bring meaning to your days.,PREMISE,UNSUPPORTED,Personal factual assertion,"No matching activity, preference, relationship, frequency, motive, or experience was found in the matched profile.","No matching activity, preference, relationship, frequency, motive, or experience was found in the matched profile.",No,No,,
B-E-04-010-01,B,D,4,10,1,Each step you take towards better health is valuable.,PREMISE,UNSUPPORTED,Personal factual assertion,"No matching activity, preference, relationship, frequency, motive, or experience was found in the matched profile.","No matching activity, preference, relationship, frequency, motive, or experience was found in the matched profile.",No,No,,
B-E-04-011-01,B,D,4,11,1,"Celebrate your progress, and remember that every small effort counts toward your journey of wellbeing.",CLAIM,NOT_APPLICABLE,Narrative/rhetorical or general statement,No persona-checkable assertion,No persona-checkable assertion,No,No,,
B-E-04-012-01,B,D,4,12,1,"You are doing great, and each week is an opportunity for improvement.",NONE,UNSUPPORTED,Personal factual assertion,"No matching activity, preference, relationship, frequency, motive, or experience was found in the matched profile.","No matching activity, preference, relationship, frequency, motive, or experience was found in the matched profile.",No,No,,
B-E-05-001-01,B,D,5,1,1,You have been engaging in a variety of activities that contribute positively to your wellbeing.,NONE,UNSUPPORTED,Personal factual assertion,"No matching activity, preference, relationship, frequency, motive, or experience was found in the matched profile.","No matching activity, preference, relationship, frequency, motive, or experience was found in the matched profile.",No,No,,
B-E-05-002-01,B,D,5,2,1,Your commitment to daily rehab exercises and using a heat pack for rest shows your dedication to physical recovery.,NONE,GROUNDED,Personal factual assertion,Rehab exercises: frequency everyday; importance 5/5; fun 2/5; motivation health/pain reduction/outcome; Rest with heat pack: frequency everyday; importance 5/5; fun 3/5; motivation recovery/pain reduction/relaxation,Exact/profile-linked cue; verify scope and added details.,No,No,,
B-E-05-003-01,B,D,5,3,1,"Additionally, your short outdoor walks and time spent watching sports provide a nice balance of movement and relaxation, while also allowing you to enjoy some leisure time.",CLAIM,GROUNDED,Personal factual assertion,Short outdoor walks: frequency a few times per week; importance 4/5; fun 3/5; motivation health/energy; Watching sports: frequency a few times per week; importance 3/5; fun 4/5; motivation entertainment/recovery,Exact/profile-linked cue; verify scope and added details.,Yes,Yes,GROUNDED,Short outdoor walks: frequency a few times per week; importance 4/5; fun 3/5; motivation health/energy; Watching sports: frequency a few times per week; importance 3/5; fun 4/5; motivation entertainment/recovery
B-E-05-004-01,B,D,5,4,1,"Reflecting on the past week, you have indeed done something important.",NONE,UNSUPPORTED,Personal factual assertion,"No matching activity, preference, relationship, frequency, motive, or experience was found in the matched profile.","No matching activity, preference, relationship, frequency, motive, or experience was found in the matched profile.",Yes,Yes,UNSUPPORTED,no matching activity in persona
B-E-05-005-01,B,D,5,5,1,"By consistently participating in your rehab exercises and taking time to rest, you are actively working towards your recovery goals.",CLAIM,GROUNDED,Personal factual assertion,Rehab exercises: frequency everyday; importance 5/5; fun 2/5; motivation health/pain reduction/outcome,Exact/profile-linked cue; verify scope and added details.,No,No,,
B-E-05-006-01,B,D,5,6,1,"Your outdoor walks and social activities, like visiting a cafe with a friend and enjoying board games with your partner, not only enhance your physical health but also nurture your social connections and emotional wellbeing.",CLAIM,GROUNDED,Personal factual assertion,Short outdoor walks: frequency a few times per week; importance 4/5; fun 3/5; motivation health/energy; Café or restaurant: frequency once a week; importance 4/5; fun 4/5; companion friend; Games with partner: frequency once a week; importance 4/5; fun 4/5; companion partner,Exact/profile-linked cue; verify scope and added details.,No,No,,
B-E-05-007-01,B,D,5,7,1,Each of these activities plays a vital role in your overall progress.,PREMISE,UNSUPPORTED,Personal factual assertion,"No matching activity, preference, relationship, frequency, motive, or experience was found in the matched profile.","No matching activity, preference, relationship, frequency, motive, or experience was found in the matched profile.",No,No,,
B-E-05-008-01,B,D,5,8,1,"As you continue on this journey, remember that every small step you take is significant.",CLAIM,NOT_APPLICABLE,Narrative/rhetorical or general statement,No persona-checkable assertion,No persona-checkable assertion,No,No,,
B-E-05-009-01,B,D,5,9,1,Your efforts in maintaining a routine that includes both physical and social activities are commendable.,NONE,UNSUPPORTED,Personal factual assertion,"No matching activity, preference, relationship, frequency, motive, or experience was found in the matched profile.","No matching activity, preference, relationship, frequency, motive, or experience was found in the matched profile.",No,No,,
B-E-05-010-01,B,D,5,10,1,"Keep focusing on what brings you joy and fulfillment, as these moments are essential for your recovery and happiness.",CLAIM,UNSUPPORTED,Recommendation,"No matching activity, preference, relationship, frequency, motive, or experience was found in the matched profile.","No matching activity, preference, relationship, frequency, motive, or experience was found in the matched profile.",No,No,,
B-E-06-001-01,B,D,6,1,1,You have been engaging in a variety of activities that support your wellbeing and recovery.,NONE,UNSUPPORTED,Personal factual assertion,"No matching activity, preference, relationship, frequency, motive, or experience was found in the matched profile.","No matching activity, preference, relationship, frequency, motive, or experience was found in the matched profile.",No,No,,
B-E-06-002-01,B,D,6,2,1,"Each day, you commit to your rehab exercises and take time to rest with a heat pack.",NONE,GROUNDED,Personal factual assertion,Rehab exercises: frequency everyday; importance 5/5; fun 2/5; motivation health/pain reduction/outcome; Rest with heat pack: frequency everyday; importance 5/5; fun 3/5; motivation recovery/pain reduction/relaxation,Exact/profile-linked cue; verify scope and added details.,No,No,,
B-E-06-003-01,B,D,6,3,1,These actions are not just routine,NONE,NOT_APPLICABLE,Narrative/rhetorical or general statement,No persona-checkable assertion,No persona-checkable assertion,Yes,Yes,NOT_APPLICABLE,No persona-checkable assertion
B-E-06-003-02,B,D,6,3,2,they represent your dedication to maintaining your physical health.,NONE,UNSUPPORTED,Personal factual assertion,"No matching activity, preference, relationship, frequency, motive, or experience was found in the matched profile.","No matching activity, preference, relationship, frequency, motive, or experience was found in the matched profile.",No,No,,
B-E-06-004-01,B,D,6,4,1,"Additionally, your short outdoor walks bring a sense of freshness and connection to your environment",NONE,GROUNDED,Personal factual assertion,Short outdoor walks: frequency a few times per week; importance 4/5; fun 3/5; motivation health/energy,Exact/profile-linked cue; verify scope and added details.,No,No,,
B-E-06-004-02,B,D,6,4,2,your time spent watching sports allows you to enjoy and relax.,NONE,GROUNDED,Personal factual assertion,Watching sports: frequency a few times per week; importance 3/5; fun 4/5; motivation entertainment/recovery,Exact/profile-linked cue; verify scope and added details.,No,No,,
B-E-06-005-01,B,D,6,5,1,"Reflecting on your week, it's clear you’ve done many important things.",NONE,UNSUPPORTED,Personal factual assertion,"No matching activity, preference, relationship, frequency, motive, or experience was found in the matched profile.","No matching activity, preference, relationship, frequency, motive, or experience was found in the matched profile.",No,No,,
B-E-06-006-01,B,D,6,6,1,"Your daily rehab exercises and rest with a heat pack are vital for your recovery, helping you to strengthen your body.",CLAIM,GROUNDED,Personal factual assertion,Rehab exercises: frequency everyday; importance 5/5; fun 2/5; motivation health/pain reduction/outcome; Rest with heat pack: frequency everyday; importance 5/5; fun 3/5; motivation recovery/pain reduction/relaxation,Exact/profile-linked cue; verify scope and added details.,No,No,,
B-E-06-007-01,B,D,6,7,1,"Moreover, the few times you walked outside and shared laughter during board games or social dinners with your friend and partner are equally valuable.",CLAIM,GROUNDED,Personal factual assertion,Games with partner: frequency once a week; importance 4/5; fun 4/5; companion partner,Exact/profile-linked cue; verify scope and added details.,No,No,,
B-E-06-008-01,B,D,6,8,1,"These moments contribute not only to your physical wellbeing but also to your emotional health, ensuring you feel connected and engaged in life.",PREMISE,UNSUPPORTED,Personal factual assertion,"No matching activity, preference, relationship, frequency, motive, or experience was found in the matched profile.","No matching activity, preference, relationship, frequency, motive, or experience was found in the matched profile.",No,No,,
B-E-06-009-01,B,D,6,9,1,"As you look back on your week, remember that each small step you take is significant.",NONE,NOT_APPLICABLE,Narrative/rhetorical or general statement,No persona-checkable assertion,No persona-checkable assertion,No,No,,
B-E-06-010-01,B,D,6,10,1,Your commitment to both physical and social activities shows strength and resilience.,NONE,UNSUPPORTED,Personal factual assertion,"No matching activity, preference, relationship, frequency, motive, or experience was found in the matched profile.","No matching activity, preference, relationship, frequency, motive, or experience was found in the matched profile.",No,No,,
B-E-06-011-01,B,D,6,11,1,"Keep nurturing these habits, as they play a crucial role in your journey towards recovery and overall happiness.",CLAIM,UNSUPPORTED,Recommendation,"No matching activity, preference, relationship, frequency, motive, or experience was found in the matched profile.","No matching activity, preference, relationship, frequency, motive, or experience was found in the matched profile.",Yes,Yes,UNSUPPORTED,no activities specified 
B-E-06-012-01,B,D,6,12,1,Your efforts truly matter.,NONE,UNSUPPORTED,Personal factual assertion,"No matching activity, preference, relationship, frequency, motive, or experience was found in the matched profile.","No matching activity, preference, relationship, frequency, motive, or experience was found in the matched profile.",No,No,,
B-E-07-001-01,B,D,7,1,1,You have been actively engaging in a variety of activities that support your physical and social wellbeing.,CLAIM,UNSUPPORTED,Personal factual assertion,"No matching activity, preference, relationship, frequency, motive, or experience was found in the matched profile.","No matching activity, preference, relationship, frequency, motive, or experience was found in the matched profile.",No,No,,
B-E-07-002-01,B,D,7,2,1,"Each day, you have dedicated time to your rehab exercises and used a heat pack to aid your recovery.",CLAIM,GROUNDED,Personal factual assertion,Rehab exercises: frequency everyday; importance 5/5; fun 2/5; motivation health/pain reduction/outcome; Rest with heat pack: frequency everyday; importance 5/5; fun 3/5; motivation recovery/pain reduction/relaxation,Exact/profile-linked cue; verify scope and added details.,No,No,,
B-E-07-003-01,B,D,7,3,1,"Your commitment to short outdoor walks a few times a week has also contributed positively to your physical health, while enjoying sports has provided you with entertainment and relaxation.",CLAIM,GROUNDED,Personal factual assertion,Short outdoor walks: frequency a few times per week; importance 4/5; fun 3/5; motivation health/energy,Exact/profile-linked cue; verify scope and added details.,No,No,,
B-E-07-004-01,B,D,7,4,1,"Reflecting on the past week, you have successfully balanced your physical needs with social interactions.",NONE,UNSUPPORTED,Personal factual assertion,"No matching activity, preference, relationship, frequency, motive, or experience was found in the matched profile.","No matching activity, preference, relationship, frequency, motive, or experience was found in the matched profile.",No,No,,
B-E-07-005-01,B,D,7,5,1,"You have consistently completed your rehab exercises and made time for rest, which is essential for your recovery.",CLAIM,GROUNDED,Personal factual assertion,Rehab exercises: frequency everyday; importance 5/5; fun 2/5; motivation health/pain reduction/outcome,Exact/profile-linked cue; verify scope and added details.,Yes,Yes,GROUNDED,Rehab: frequency everyday; importance 5/5; fun 2/5; motivation health/pain reduction/outcome
B-E-07-006-01,B,D,7,6,1,"Your visits to cafes and restaurants with a friend, along with playing board games or computer games with your partner, have added joy and connection to your week.",NONE,GROUNDED,Personal factual assertion,Café or restaurant: frequency once a week; importance 4/5; fun 4/5; companion friend; Games with partner: frequency once a week; importance 4/5; fun 4/5; companion partner,Exact/profile-linked cue; verify scope and added details.,No,No,,
B-E-07-007-01,B,D,7,7,1,These activities not only fulfill your social needs but also enhance your overall happiness.,NONE,UNSUPPORTED,Personal factual assertion,"No matching activity, preference, relationship, frequency, motive, or experience was found in the matched profile.","No matching activity, preference, relationship, frequency, motive, or experience was found in the matched profile.",No,No,,
B-E-07-008-01,B,D,7,8,1,"As you continue on this journey, remember that each small step you take is significant.",NONE,NOT_APPLICABLE,Narrative/rhetorical or general statement,No persona-checkable assertion,No persona-checkable assertion,No,No,,
B-E-07-009-01,B,D,7,9,1,Your dedication to both recovery and social engagement is commendable.,NONE,UNSUPPORTED,Personal factual assertion,"No matching activity, preference, relationship, frequency, motive, or experience was found in the matched profile.","No matching activity, preference, relationship, frequency, motive, or experience was found in the matched profile.",No,No,,
B-E-07-010-01,B,D,7,10,1,"Keep nurturing these habits, as they bring purpose and meaning to your days, helping you to feel fulfilled and connected.",CLAIM,UNSUPPORTED,Recommendation,"No matching activity, preference, relationship, frequency, motive, or experience was found in the matched profile.","No matching activity, preference, relationship, frequency, motive, or experience was found in the matched profile.",Yes,Yes,UNSUPPORTED,"No matching activity, preference, relationship, frequency, motive, or experience was found in the matched profile."
B-E-08-001-01,B,D,8,1,1,You have engaged in a variety of activities that contribute positively to your wellbeing.,NONE,UNSUPPORTED,Personal factual assertion,"No matching activity, preference, relationship, frequency, motive, or experience was found in the matched profile.","No matching activity, preference, relationship, frequency, motive, or experience was found in the matched profile.",No,No,,
B-E-08-002-01,B,D,8,2,1,"By incorporating rehab exercises into your daily routine, you are prioritizing your physical health, even if it isn’t always the most enjoyable task.",NONE,GROUNDED,Personal factual assertion,Rehab exercises: frequency everyday; importance 5/5; fun 2/5; motivation health/pain reduction/outcome,Exact/profile-linked cue; verify scope and added details.,No,No,,
B-E-08-003-01,B,D,8,3,1,"Your short outdoor walks and time spent watching sports provide you with both physical movement and the joy of leisure, helping you maintain a balance in life.",PREMISE,GROUNDED,Personal factual assertion,Short outdoor walks: frequency a few times per week; importance 4/5; fun 3/5; motivation health/energy; Watching sports: frequency a few times per week; importance 3/5; fun 4/5; motivation entertainment/recovery,Exact/profile-linked cue; verify scope and added details.,No,No,,
B-E-08-004-01,B,D,8,4,1,"Reflecting on the past week, you have consistently completed your rehab exercises, showing dedication to your recovery.",NONE,GROUNDED,Personal factual assertion,Rehab exercises: frequency everyday; importance 5/5; fun 2/5; motivation health/pain reduction/outcome,Exact/profile-linked cue; verify scope and added details.,Yes,Yes,GROUNDED,Rehab exercises: frequency everyday; importance 5/5; fun 2/5; motivation health/pain reduction/outcome
B-E-08-005-01,B,D,8,5,1,Your daily rest with a heat pack helps soothe your body and supports your healing process.,CLAIM,GROUNDED,Personal factual assertion,Rest with heat pack: frequency everyday; importance 5/5; fun 3/5; motivation recovery/pain reduction/relaxation,Exact/profile-linked cue; verify scope and added details.,No,No,,
B-E-08-006-01,B,D,8,6,1,"Additionally, the moments you’ve spent socializing at cafes and playing board games or computer games with your partner have enriched your week, adding joy and connection to your life.",NONE,GROUNDED,Personal factual assertion,Café or restaurant: frequency once a week; importance 4/5; fun 4/5; companion friend; Games with partner: frequency once a week; importance 4/5; fun 4/5; companion partner,Exact/profile-linked cue; verify scope and added details.,Yes,Yes,GROUNDED,"café: frequency once a week; importance 4/5; fun 4/5; companion friend, computer/ board games: frequency once a week; importance 4/5; fun 4/5"
B-E-08-007-01,B,D,8,7,1,"Remember, each of these activities plays a vital role in your overall wellbeing.",NONE,NOT_APPLICABLE,Narrative/rhetorical or general statement,No persona-checkable assertion,No persona-checkable assertion,No,No,,
B-E-08-008-01,B,D,8,8,1,Your commitment to both physical recovery and social interactions brings richness to your days.,NONE,UNSUPPORTED,Personal factual assertion,"No matching activity, preference, relationship, frequency, motive, or experience was found in the matched profile.","No matching activity, preference, relationship, frequency, motive, or experience was found in the matched profile.",No,No,,
B-E-08-009-01,B,D,8,9,1,"Continue to honor your needs and make time for the things that bring you joy, as this balance is essential for a fulfilling life.",NONE,UNSUPPORTED,Personal factual assertion,"No matching activity, preference, relationship, frequency, motive, or experience was found in the matched profile.","No matching activity, preference, relationship, frequency, motive, or experience was found in the matched profile.",No,No,,
C-A-01-001-01,C,A,1,1,1,Imagine a week ahead filled with small moments of joy and energy.,Not assessed,NOT_APPLICABLE,Narrative/rhetorical or general statement,No persona-checkable assertion,No persona-checkable assertion,No,No,,
C-A-01-002-01,C,A,1,2,1,Each day offers a chance to embrace simple pleasures and connect with the world around you.,Not assessed,UNSUPPORTED,Personal factual assertion,"No matching activity, preference, relationship, frequency, motive, or experience was found in the matched profile.","No matching activity, preference, relationship, frequency, motive, or experience was found in the matched profile.",Yes,Yes,UNSUPPORTED,no evidence
C-A-01-003-01,C,A,1,3,1,"By focusing on these moments, you can create a more uplifting experience that brightens your days.Start each morning with a gentle routine that sets a positive tone.",Not assessed,UNSUPPORTED,Recommendation,"No matching activity, preference, relationship, frequency, motive, or experience was found in the matched profile.","No matching activity, preference, relationship, frequency, motive, or experience was found in the matched profile.",No,No,,
C-A-01-004-01,C,A,1,4,1,Perhaps enjoy a warm cup of tea or coffee while listening to your favorite music.,Not assessed,UNSUPPORTED,Personal factual assertion,"No matching activity, preference, relationship, frequency, motive, or experience was found in the matched profile.","No matching activity, preference, relationship, frequency, motive, or experience was found in the matched profile.",Yes,Yes,UNSUPPORTED,"No matching activity, preference, relationship, frequency, motive, or experience was found in the matched profile."
C-A-01-005-01,C,A,1,5,1,"Consider taking a short walk outside, feeling the fresh air and sunshine on your skin.",Not assessed,GROUNDED,Recommendation,Go for a walk: frequency everyday; importance 4/5; fun 3/5; motivation physical health,Exact/profile-linked cue; verify scope and added details.,No,No,,
C-A-01-006-01,C,A,1,6,1,"Engaging in light activities, like stretching or gardening, can also help boost your mood.",Not assessed,GROUNDED,Personal factual assertion,Gardening: frequency once a week; importance 3/5; fun 4/5; motivation health/inspiration/meditative,Exact/profile-linked cue; verify scope and added details.,No,No,,
C-A-01-007-01,C,A,1,7,1,"Throughout the week, reach out to friends or family for a chat or a visit, as these connections can bring warmth and happiness to your days.As the week unfolds, take a moment each evening to reflect on what brought you joy.",Not assessed,UNSUPPORTED,Personal factual assertion,"No matching activity, preference, relationship, frequency, motive, or experience was found in the matched profile.","No matching activity, preference, relationship, frequency, motive, or experience was found in the matched profile.",No,No,,
C-A-01-008-01,C,A,1,8,1,"It could be a conversation, a beautiful sunset, or simply a quiet moment of peace.",Not assessed,NOT_APPLICABLE,Narrative/rhetorical or general statement,No persona-checkable assertion,No persona-checkable assertion,No,No,,
C-A-01-009-01,C,A,1,9,1,"By recognizing these small joys, you can cultivate a sense of gratitude and energy that carries you forward.",Not assessed,UNSUPPORTED,Personal factual assertion,"No matching activity, preference, relationship, frequency, motive, or experience was found in the matched profile.","No matching activity, preference, relationship, frequency, motive, or experience was found in the matched profile.",No,No,,
C-A-02-001-01,C,A,2,1,1,Imagine a week filled with small moments of joy and energy.,Not assessed,NOT_APPLICABLE,Narrative/rhetorical or general statement,No persona-checkable assertion,No persona-checkable assertion,No,No,,
C-A-02-002-01,C,A,2,2,1,"Each day, you might choose to focus on simple activities that uplift your spirit.",Not assessed,UNSUPPORTED,Recommendation,"No matching activity, preference, relationship, frequency, motive, or experience was found in the matched profile.","No matching activity, preference, relationship, frequency, motive, or experience was found in the matched profile.",No,No,,
C-A-02-003-01,C,A,2,3,1,"It could be a leisurely morning, enjoying the warmth of sunlight as it streams through your window, or perhaps savoring a cup of your favorite tea while listening to gentle music.",Not assessed,UNSUPPORTED,Personal factual assertion,"No matching activity, preference, relationship, frequency, motive, or experience was found in the matched profile.","No matching activity, preference, relationship, frequency, motive, or experience was found in the matched profile.",No,No,,
C-A-02-004-01,C,A,2,4,1,"These small rituals can create a comforting start to each day.As the week unfolds, consider taking short walks in a nearby park or spending time tending to plants if you have them.",Not assessed,GROUNDED,Recommendation,Go for a walk: frequency everyday; importance 4/5; fun 3/5; motivation physical health; Gardening: frequency once a week; importance 3/5; fun 4/5; motivation health/inspiration/meditative,Exact/profile-linked cue; verify scope and added details.,Yes,Yes,GROUNDED,Go for a walk: frequency everyday; importance 4/5; fun 3/5; motivation physical health; Gardening: frequency once a week; importance 3/5; fun 4/5; motivation health/inspiration/meditative
C-A-02-005-01,C,A,2,5,1,"Engaging with nature, even for brief moments, can bring a refreshing sense of calm.",Not assessed,NOT_APPLICABLE,Narrative/rhetorical or general statement,No persona-checkable assertion,No persona-checkable assertion,No,No,,
C-A-02-006-01,C,A,2,6,1,"You might also explore new hobbies or revisit old ones, whether it’s painting, reading, or connecting with friends over a phone call.",Not assessed,GROUNDED,Personal factual assertion,Read books or news: frequency a few times per week; importance 4/5; fun 4/5; motivation recovery/emotional wellbeing,Exact/profile-linked cue; verify scope and added details.,No,No,,
C-A-02-007-01,C,A,2,7,1,"Each new experience, no matter how small, can bring a sense of accomplishment and joy.At the end of each day, reflecting on what brought you happiness can be rewarding.",Not assessed,UNSUPPORTED,Personal factual assertion,"No matching activity, preference, relationship, frequency, motive, or experience was found in the matched profile.","No matching activity, preference, relationship, frequency, motive, or experience was found in the matched profile.",No,No,,
C-A-02-008-01,C,A,2,8,1,"You might find that these little moments accumulate, creating a brighter outlook.",Not assessed,UNSUPPORTED,Personal factual assertion,"No matching activity, preference, relationship, frequency, motive, or experience was found in the matched profile.","No matching activity, preference, relationship, frequency, motive, or experience was found in the matched profile.",Yes,Yes,UNSUPPORTED,no evidence
C-A-02-009-01,C,A,2,9,1,Embracing this approach can lead to a week that feels more energizing and fulfilling.,Not assessed,NOT_APPLICABLE,Narrative/rhetorical or general statement,No persona-checkable assertion,No persona-checkable assertion,No,No,,
C-A-03-001-01,C,A,3,1,1,This week is a wonderful opportunity to focus on recovery and finding a balance between activity and rest.,Not assessed,NOT_APPLICABLE,Narrative/rhetorical or general statement,No persona-checkable assertion,No persona-checkable assertion,No,No,,
C-A-03-002-01,C,A,3,2,1,Each day can be a chance to listen to your body and give it what it needs.,Not assessed,NOT_APPLICABLE,Narrative/rhetorical or general statement,No persona-checkable assertion,No persona-checkable assertion,Yes,Yes,NOT_APPLICABLE,judgement
C-A-03-003-01,C,A,3,3,1,You can plan gentle activities that bring you joy while also allowing time for relaxation and reflection.Consider starting your day with a short walk or some light stretching.,Not assessed,GROUNDED,Recommendation,Go for a walk: frequency everyday; importance 4/5; fun 3/5; motivation physical health,Exact/profile-linked cue; verify scope and added details.,No,No,,
C-A-03-004-01,C,A,3,4,1,These activities can help energize you and set a positive tone for the day.,Not assessed,UNSUPPORTED,Personal factual assertion,"No matching activity, preference, relationship, frequency, motive, or experience was found in the matched profile.","No matching activity, preference, relationship, frequency, motive, or experience was found in the matched profile.",No,No,,
C-A-03-005-01,C,A,3,5,1,"After your morning routine, take time to rest, perhaps with a book or some calming music.",Not assessed,GROUNDED,Personal factual assertion,Read books or news: frequency a few times per week; importance 4/5; fun 4/5; motivation recovery/emotional wellbeing,Exact/profile-linked cue; verify scope and added details.,No,No,,
C-A-03-006-01,C,A,3,6,1,"Throughout the week, aim to mix in moments of movement with periods of quiet.",Not assessed,NOT_APPLICABLE,Narrative/rhetorical or general statement,No persona-checkable assertion,No persona-checkable assertion,Yes,Yes,NOT_APPLICABLE,No persona-checkable assertion
C-A-03-007-01,C,A,3,7,1,"This balance can help you feel more centered and refreshed.As the week unfolds, take a moment each day to reflect on how you feel.",Not assessed,UNSUPPORTED,Personal factual assertion,"No matching activity, preference, relationship, frequency, motive, or experience was found in the matched profile.","No matching activity, preference, relationship, frequency, motive, or experience was found in the matched profile.",No,No,,
C-A-03-008-01,C,A,3,8,1,Notice the benefits of both activity and rest.,Not assessed,NOT_APPLICABLE,Narrative/rhetorical or general statement,No persona-checkable assertion,No persona-checkable assertion,No,No,,
C-A-03-009-01,C,A,3,9,1,"This practice can help you understand what works best for you, leading to a more fulfilling and balanced routine in the days ahead.",Not assessed,UNSUPPORTED,Personal factual assertion,"No matching activity, preference, relationship, frequency, motive, or experience was found in the matched profile.","No matching activity, preference, relationship, frequency, motive, or experience was found in the matched profile.",No,No,,
C-A-04-001-01,C,A,4,1,1,"As you look ahead to a new week, consider it a time for recovery and balance.",Not assessed,UNSUPPORTED,Recommendation,"No matching activity, preference, relationship, frequency, motive, or experience was found in the matched profile.","No matching activity, preference, relationship, frequency, motive, or experience was found in the matched profile.",No,No,,
C-A-04-002-01,C,A,4,2,1,Imagine blending gentle activity with essential moments of rest.,Not assessed,NOT_APPLICABLE,Narrative/rhetorical or general statement,No persona-checkable assertion,No persona-checkable assertion,No,No,,
C-A-04-003-01,C,A,4,3,1,"This week can be an opportunity to honor your body's needs while enjoying the simple pleasures of movement.Each day, set aside time for light activities, such as a short walk or stretching.",Not assessed,GROUNDED,Personal factual assertion,Go for a walk: frequency everyday; importance 4/5; fun 3/5; motivation physical health,Exact/profile-linked cue; verify scope and added details.,No,No,,
C-A-04-004-01,C,A,4,4,1,These moments can invigorate you and lift your spirits.,Not assessed,UNSUPPORTED,Personal factual assertion,"No matching activity, preference, relationship, frequency, motive, or experience was found in the matched profile.","No matching activity, preference, relationship, frequency, motive, or experience was found in the matched profile.",Yes,Yes,UNSUPPORTED,Generic advice
C-A-04-005-01,C,A,4,5,1,It’s also important to schedule pauses throughout the day.,Not assessed,NOT_APPLICABLE,Narrative/rhetorical or general statement,No persona-checkable assertion,No persona-checkable assertion,No,No,,
C-A-04-006-01,C,A,4,6,1,"Whether it’s enjoying a warm cup of tea or resting in a cozy chair, these breaks can help recharge your energy.",Not assessed,UNSUPPORTED,Personal factual assertion,"No matching activity, preference, relationship, frequency, motive, or experience was found in the matched profile.","No matching activity, preference, relationship, frequency, motive, or experience was found in the matched profile.",Yes,Yes,UNSUPPORTED,"No matching activity, preference, relationship, frequency, motive, or experience was found in the matched profile."
C-A-04-007-01,C,A,4,7,1,"Listening to your body and recognizing when to slow down is key to maintaining balance.As the week unfolds, take note of how this rhythm of activity and rest affects your mood and energy levels.",Not assessed,UNSUPPORTED,Personal factual assertion,"No matching activity, preference, relationship, frequency, motive, or experience was found in the matched profile.","No matching activity, preference, relationship, frequency, motive, or experience was found in the matched profile.",No,No,,
C-A-04-008-01,C,A,4,8,1,Reflecting on your experiences can deepen your understanding of what feels good for you.,Not assessed,UNSUPPORTED,Personal factual assertion,"No matching activity, preference, relationship, frequency, motive, or experience was found in the matched profile.","No matching activity, preference, relationship, frequency, motive, or experience was found in the matched profile.",No,No,,
C-A-04-009-01,C,A,4,9,1,"Embrace this time as a chance to nurture both your body and mind, guiding you toward a more fulfilling week ahead.",Not assessed,UNSUPPORTED,Personal factual assertion,"No matching activity, preference, relationship, frequency, motive, or experience was found in the matched profile.","No matching activity, preference, relationship, frequency, motive, or experience was found in the matched profile.",No,No,,
C-A-05-001-01,C,A,5,1,1,Reflecting on the past week can bring clarity about what activities felt important or meaningful to you.,Not assessed,UNSUPPORTED,Personal factual assertion,"No matching activity, preference, relationship, frequency, motive, or experience was found in the matched profile.","No matching activity, preference, relationship, frequency, motive, or experience was found in the matched profile.",No,No,,
C-A-05-002-01,C,A,5,2,1,Each day offers opportunities to engage in moments that resonate with your values and interests.,Not assessed,UNSUPPORTED,Personal factual assertion,"No matching activity, preference, relationship, frequency, motive, or experience was found in the matched profile.","No matching activity, preference, relationship, frequency, motive, or experience was found in the matched profile.",No,No,,
C-A-05-003-01,C,A,5,3,1,"Whether it was a simple walk, a chat with a friend, or time spent on a favorite hobby, these experiences contribute to your overall sense of well-being.Consider how these activities made you feel.",Not assessed,GROUNDED,Recommendation,Go for a walk: frequency everyday; importance 4/5; fun 3/5; motivation physical health,Exact/profile-linked cue; verify scope and added details.,Yes,Yes,GROUNDED,Go for a walk: frequency everyday; importance 4/5; fun 3/5; motivation physical health
C-A-05-004-01,C,A,5,4,1,"Did they bring you joy, comfort, or a sense of connection?",Not assessed,UNSUPPORTED,Personal factual assertion,"No matching activity, preference, relationship, frequency, motive, or experience was found in the matched profile.","No matching activity, preference, relationship, frequency, motive, or experience was found in the matched profile.",No,No,,
C-A-05-005-01,C,A,5,5,1,Engaging in meaningful activities can enhance your mood and provide a sense of purpose.,Not assessed,UNSUPPORTED,Personal factual assertion,"No matching activity, preference, relationship, frequency, motive, or experience was found in the matched profile.","No matching activity, preference, relationship, frequency, motive, or experience was found in the matched profile.",No,No,,
C-A-05-006-01,C,A,5,6,1,"Even small moments, like enjoying a cup of tea while watching the world go by, can hold significance.",Not assessed,NOT_APPLICABLE,Narrative/rhetorical or general statement,No persona-checkable assertion,No persona-checkable assertion,Yes,Yes,UNSUPPORTED,not matching persona
C-A-05-007-01,C,A,5,7,1,"It’s important to recognize that every experience, no matter how simple, can add value to your life.As you think about the week, take a moment to appreciate the activities that stood out to you.",Not assessed,UNSUPPORTED,Personal factual assertion,"No matching activity, preference, relationship, frequency, motive, or experience was found in the matched profile.","No matching activity, preference, relationship, frequency, motive, or experience was found in the matched profile.",No,No,,
C-A-05-008-01,C,A,5,8,1,Reflecting on what felt meaningful can help guide your choices moving forward.,Not assessed,UNSUPPORTED,Personal factual assertion,"No matching activity, preference, relationship, frequency, motive, or experience was found in the matched profile.","No matching activity, preference, relationship, frequency, motive, or experience was found in the matched profile.",No,No,,
C-A-05-009-01,C,A,5,9,1,Embracing these moments can enrich your days and foster a deeper connection to what matters most to you.,Not assessed,UNSUPPORTED,Personal factual assertion,"No matching activity, preference, relationship, frequency, motive, or experience was found in the matched profile.","No matching activity, preference, relationship, frequency, motive, or experience was found in the matched profile.",No,No,,
C-A-06-001-01,C,A,6,1,1,"Reflecting on the past week, you may find that the activities you engaged in held special significance.",Not assessed,UNSUPPORTED,Personal factual assertion,"No matching activity, preference, relationship, frequency, motive, or experience was found in the matched profile.","No matching activity, preference, relationship, frequency, motive, or experience was found in the matched profile.",No,No,,
C-A-06-002-01,C,A,6,2,1,"Each moment spent, whether quietly at home or out among nature, contributes to a tapestry of experiences that shape your day-to-day life.",Not assessed,UNSUPPORTED,Personal factual assertion,"No matching activity, preference, relationship, frequency, motive, or experience was found in the matched profile.","No matching activity, preference, relationship, frequency, motive, or experience was found in the matched profile.",Yes,Yes,UNSUPPORTED,"No matching activity, preference, relationship, frequency, motive, or experience was found in the matched profile."
C-A-06-003-01,C,A,6,3,1,"Taking time to notice how these moments made you feel can enrich your understanding of their importance.Participating in simple tasks, like tending to a garden or enjoying a meal with others, can bring joy and connection.",Not assessed,GROUNDED,Personal factual assertion,Gardening: frequency once a week; importance 3/5; fun 4/5; motivation health/inspiration/meditative,Exact/profile-linked cue; verify scope and added details.,No,No,,
C-A-06-004-01,C,A,6,4,1,"Even moments of stillness, such as reading a book or listening to music, offer a chance to reflect and recharge.",Not assessed,GROUNDED,Personal factual assertion,Read books or news: frequency a few times per week; importance 4/5; fun 4/5; motivation recovery/emotional wellbeing,Exact/profile-linked cue; verify scope and added details.,Yes,Yes,UNCLEAR,"Read book: frequency a few times per week; importance 4/5; fun 4/5; motivation recovery/emotional wellbeing, listening to music is made up."
C-A-06-005-01,C,A,6,5,1,These activities help maintain a sense of purpose and allow you to engage with the world around you.,Not assessed,UNSUPPORTED,Recommendation,"No matching activity, preference, relationship, frequency, motive, or experience was found in the matched profile.","No matching activity, preference, relationship, frequency, motive, or experience was found in the matched profile.",No,No,,
C-A-06-006-01,C,A,6,6,1,"They are valuable not just for what you do, but for how they make you feel more connected to yourself and others.As you think back on this week, consider what brought you happiness and fulfillment.",Not assessed,UNSUPPORTED,Recommendation,"No matching activity, preference, relationship, frequency, motive, or experience was found in the matched profile.","No matching activity, preference, relationship, frequency, motive, or experience was found in the matched profile.",No,No,,
C-A-06-007-01,C,A,6,7,1,"Each small moment matters, and recognizing their significance can inspire you to seek out similar experiences in the days ahead.",Not assessed,UNSUPPORTED,Personal factual assertion,"No matching activity, preference, relationship, frequency, motive, or experience was found in the matched profile.","No matching activity, preference, relationship, frequency, motive, or experience was found in the matched profile.",No,No,,
C-A-06-008-01,C,A,6,8,1,Embracing these reflections can guide you towards a more meaningful week to come.,Not assessed,UNSUPPORTED,Personal factual assertion,"No matching activity, preference, relationship, frequency, motive, or experience was found in the matched profile.","No matching activity, preference, relationship, frequency, motive, or experience was found in the matched profile.",No,No,,
C-A-07-001-01,C,A,7,1,1,Reflecting on the past week can be a helpful way to understand how your activities aligned with your intentions.,Not assessed,UNSUPPORTED,Personal factual assertion,"No matching activity, preference, relationship, frequency, motive, or experience was found in the matched profile.","No matching activity, preference, relationship, frequency, motive, or experience was found in the matched profile.",Yes,Yes,UNSUPPORTED,"No matching activity, preference, relationship, frequency, motive, or experience was found in the matched profile."
C-A-07-002-01,C,A,7,2,1,"Each day offers opportunities to engage in things that matter to you, whether it’s connecting with others, enjoying a hobby, or simply taking time to relax.",Not assessed,UNSUPPORTED,Personal factual assertion,"No matching activity, preference, relationship, frequency, motive, or experience was found in the matched profile.","No matching activity, preference, relationship, frequency, motive, or experience was found in the matched profile.",No,No,,
C-A-07-003-01,C,A,7,3,1,"It’s important to consider how these activities made you feel and if they met your expectations.As you think about the week, consider the reasons behind your choices.",Not assessed,UNSUPPORTED,Recommendation,"No matching activity, preference, relationship, frequency, motive, or experience was found in the matched profile.","No matching activity, preference, relationship, frequency, motive, or experience was found in the matched profile.",No,No,,
C-A-07-004-01,C,A,7,4,1,"Did you aim to stay active, learn something new, or perhaps find moments of peace?",Not assessed,UNSUPPORTED,Recommendation,"No matching activity, preference, relationship, frequency, motive, or experience was found in the matched profile.","No matching activity, preference, relationship, frequency, motive, or experience was found in the matched profile.",No,No,,
C-A-07-005-01,C,A,7,5,1,It’s natural for some days to go as planned while others may not.,Not assessed,NOT_APPLICABLE,Narrative/rhetorical or general statement,No persona-checkable assertion,No persona-checkable assertion,No,No,,
C-A-07-006-01,C,A,7,6,1,Each experience contributes to your overall sense of fulfillment.,Not assessed,UNSUPPORTED,Personal factual assertion,"No matching activity, preference, relationship, frequency, motive, or experience was found in the matched profile.","No matching activity, preference, relationship, frequency, motive, or experience was found in the matched profile.",Yes,Yes,UNSUPPORTED,no activities specified 
C-A-07-007-01,C,A,7,7,1,"Recognizing what worked well and what didn’t can guide your future choices, helping you to focus on what brings you joy and satisfaction.Taking a moment to reflect can be beneficial.",Not assessed,UNSUPPORTED,Personal factual assertion,"No matching activity, preference, relationship, frequency, motive, or experience was found in the matched profile.","No matching activity, preference, relationship, frequency, motive, or experience was found in the matched profile.",No,No,,
C-A-07-008-01,C,A,7,8,1,Think about what you enjoyed and what you might want to change.,Not assessed,UNSUPPORTED,Personal factual assertion,"No matching activity, preference, relationship, frequency, motive, or experience was found in the matched profile.","No matching activity, preference, relationship, frequency, motive, or experience was found in the matched profile.",No,No,,
C-A-07-009-01,C,A,7,9,1,"This practice can help you create a week ahead that feels more aligned with your desires and needs, allowing you to embrace each day with intention.",Not assessed,UNSUPPORTED,Personal factual assertion,"No matching activity, preference, relationship, frequency, motive, or experience was found in the matched profile.","No matching activity, preference, relationship, frequency, motive, or experience was found in the matched profile.",No,No,,
C-A-08-001-01,C,A,8,1,1,"As you reflect on the past week, it's a good time to consider the activities you engaged in.",Not assessed,UNSUPPORTED,Recommendation,"No matching activity, preference, relationship, frequency, motive, or experience was found in the matched profile.","No matching activity, preference, relationship, frequency, motive, or experience was found in the matched profile.",Yes,Yes,UNSUPPORTED,"No matching activity, preference, relationship, frequency, motive, or experience was found in the matched profile."
C-A-08-002-01,C,A,8,2,1,Think about the reasons you chose those activities.,Not assessed,UNSUPPORTED,Personal factual assertion,"No matching activity, preference, relationship, frequency, motive, or experience was found in the matched profile.","No matching activity, preference, relationship, frequency, motive, or experience was found in the matched profile.",No,No,,
C-A-08-003-01,C,A,8,3,1,"Were they about connecting with others, enjoying a favorite hobby, or perhaps simply taking time for yourself?",Not assessed,NOT_APPLICABLE,Narrative/rhetorical or general statement,No persona-checkable assertion,No persona-checkable assertion,No,No,,
C-A-08-004-01,C,A,8,4,1,Recognizing your intentions can bring clarity to how fulfilling your week was.Many activities serve different purposes.,Not assessed,UNSUPPORTED,Personal factual assertion,"No matching activity, preference, relationship, frequency, motive, or experience was found in the matched profile.","No matching activity, preference, relationship, frequency, motive, or experience was found in the matched profile.",No,No,,
C-A-08-005-01,C,A,8,5,1,"Some may help strengthen friendships, while others might provide a sense of achievement or relaxation.",Not assessed,NOT_APPLICABLE,Narrative/rhetorical or general statement,No persona-checkable assertion,No persona-checkable assertion,No,No,,
C-A-08-006-01,C,A,8,6,1,"As you think back, consider how each activity made you feel.",Not assessed,UNSUPPORTED,Recommendation,"No matching activity, preference, relationship, frequency, motive, or experience was found in the matched profile.","No matching activity, preference, relationship, frequency, motive, or experience was found in the matched profile.",No,No,,
C-A-08-007-01,C,A,8,7,1,"Did it bring joy, peace, or perhaps a sense of accomplishment?",Not assessed,NOT_APPLICABLE,Narrative/rhetorical or general statement,No persona-checkable assertion,No persona-checkable assertion,No,No,,
C-A-08-008-01,C,A,8,8,1,It’s important to acknowledge both the activities you enjoyed and those that may not have met your expectations.,Not assessed,UNSUPPORTED,Personal factual assertion,"No matching activity, preference, relationship, frequency, motive, or experience was found in the matched profile.","No matching activity, preference, relationship, frequency, motive, or experience was found in the matched profile.",No,No,,
C-A-08-009-01,C,A,8,9,1,"Each experience contributes to your overall journey.In closing, take a moment to appreciate the choices you made.",Not assessed,UNSUPPORTED,Personal factual assertion,"No matching activity, preference, relationship, frequency, motive, or experience was found in the matched profile.","No matching activity, preference, relationship, frequency, motive, or experience was found in the matched profile.",No,No,,
C-A-08-010-01,C,A,8,10,1,Reflecting on whether your intentions were fulfilled can guide you in planning future activities.,Not assessed,UNSUPPORTED,Personal factual assertion,"No matching activity, preference, relationship, frequency, motive, or experience was found in the matched profile.","No matching activity, preference, relationship, frequency, motive, or experience was found in the matched profile.",Yes,Yes,UNSUPPORTED,not in persona
C-A-08-011-01,C,A,8,11,1,"Embrace the lessons learned, and consider what you might want to try next week for even greater fulfillment.",Not assessed,UNSUPPORTED,Recommendation,"No matching activity, preference, relationship, frequency, motive, or experience was found in the matched profile.","No matching activity, preference, relationship, frequency, motive, or experience was found in the matched profile.",No,No,,
C-A-08-012-01,C,A,8,12,1,"Your time is valuable, and each moment holds the potential for joy and enrichment.",Not assessed,UNSUPPORTED,Personal factual assertion,"No matching activity, preference, relationship, frequency, motive, or experience was found in the matched profile.","No matching activity, preference, relationship, frequency, motive, or experience was found in the matched profile.",No,No,,
C-B-01-001-01,C,B,1,1,1,Imagine a week ahead filled with small moments of joy and energy.,Not assessed,NOT_APPLICABLE,Narrative/rhetorical or general statement,No persona-checkable assertion,No persona-checkable assertion,No,No,,
C-B-01-002-01,C,B,1,2,1,Each day can bring opportunities to connect with the world around you.,Not assessed,UNSUPPORTED,Personal factual assertion,"No matching activity, preference, relationship, frequency, motive, or experience was found in the matched profile.","No matching activity, preference, relationship, frequency, motive, or experience was found in the matched profile.",No,No,,
C-B-01-003-01,C,B,1,3,1,"Simple activities, like enjoying a morning cup of tea or taking a short walk, can help lift your spirits and bring a sense of calm.Consider setting aside time for activities that bring you happiness.",Not assessed,UNSUPPORTED,Recommendation,"No matching activity, preference, relationship, frequency, motive, or experience was found in the matched profile.","No matching activity, preference, relationship, frequency, motive, or experience was found in the matched profile.",No,No,,
C-B-01-004-01,C,B,1,4,1,"Perhaps you could explore a new book, listen to music that makes you smile, or try your hand at a creative hobby.",Not assessed,UNSUPPORTED,Recommendation,"No matching activity, preference, relationship, frequency, motive, or experience was found in the matched profile.","No matching activity, preference, relationship, frequency, motive, or experience was found in the matched profile.",Yes,Yes,UNSUPPORTED,"No matching activity, preference, relationship, frequency, motive, or experience was found in the matched profile."
C-B-01-005-01,C,B,1,5,1,"Engaging with others, whether through a phone call or a visit, can also brighten your days.",Not assessed,UNSUPPORTED,Personal factual assertion,"No matching activity, preference, relationship, frequency, motive, or experience was found in the matched profile.","No matching activity, preference, relationship, frequency, motive, or experience was found in the matched profile.",Yes,Yes,UNSUPPORTED,not in persona
C-B-01-006-01,C,B,1,6,1,"Sharing stories and laughter can create a sense of belonging and warmth.As the week unfolds, take a moment each day to reflect on what brings you joy.",Not assessed,UNSUPPORTED,Personal factual assertion,"No matching activity, preference, relationship, frequency, motive, or experience was found in the matched profile.","No matching activity, preference, relationship, frequency, motive, or experience was found in the matched profile.",No,No,,
C-B-01-007-01,C,B,1,7,1,Notice how even small changes can create a more uplifting atmosphere.,Not assessed,NOT_APPLICABLE,Narrative/rhetorical or general statement,No persona-checkable assertion,No persona-checkable assertion,No,No,,
C-B-01-008-01,C,B,1,8,1,"Embracing these moments can lead to a happier and more energizing week, reminding you of the beauty in everyday life.",Not assessed,NOT_APPLICABLE,Narrative/rhetorical or general statement,No persona-checkable assertion,No persona-checkable assertion,No,No,,
C-B-02-001-01,C,B,2,1,1,Imagine a week ahead filled with small moments of joy and energy.,Not assessed,NOT_APPLICABLE,Narrative/rhetorical or general statement,No persona-checkable assertion,No persona-checkable assertion,No,No,,
C-B-02-002-01,C,B,2,2,1,Each day offers a chance to embrace activities that uplift your spirit.,Not assessed,UNSUPPORTED,Personal factual assertion,"No matching activity, preference, relationship, frequency, motive, or experience was found in the matched profile.","No matching activity, preference, relationship, frequency, motive, or experience was found in the matched profile.",Yes,Yes,UNSUPPORTED,persona has no such activities mentioned
C-B-02-003-01,C,B,2,3,1,"Mornings can start with a gentle stretch or a warm cup of tea, setting a positive tone for the day.",Not assessed,NOT_APPLICABLE,Narrative/rhetorical or general statement,No persona-checkable assertion,No persona-checkable assertion,No,No,,
C-B-02-004-01,C,B,2,4,1,"Each afternoon might bring an opportunity to enjoy a stroll in the fresh air or to connect with a friend, fostering connection and warmth.Throughout the week, consider dedicating time to a favorite hobby or exploring a new interest.",Not assessed,NOT_APPLICABLE,Narrative/rhetorical or general statement,No persona-checkable assertion,No persona-checkable assertion,No,No,,
C-B-02-005-01,C,B,2,5,1,"Engaging in creative activities, whether it’s painting, gardening, or reading, can bring satisfaction and spark enthusiasm.",Not assessed,NOT_APPLICABLE,Narrative/rhetorical or general statement,No persona-checkable assertion,No persona-checkable assertion,No,No,,
C-B-02-006-01,C,B,2,6,1,"Simple pleasures, like listening to music or watching a captivating film, can add brightness to each day.",Not assessed,NOT_APPLICABLE,Narrative/rhetorical or general statement,No persona-checkable assertion,No persona-checkable assertion,No,No,,
C-B-02-007-01,C,B,2,7,1,"Remember to be mindful of your surroundings and appreciate the little things, like the changing colors of the season or the sound of laughter.As the week unfolds, take a moment to reflect on what brings you happiness and energy.",Not assessed,UNSUPPORTED,Personal factual assertion,"No matching activity, preference, relationship, frequency, motive, or experience was found in the matched profile.","No matching activity, preference, relationship, frequency, motive, or experience was found in the matched profile.",No,No,,
C-B-02-008-01,C,B,2,8,1,Setting aside time for gratitude or moments of peace can enhance your overall well-being.,Not assessed,UNSUPPORTED,Personal factual assertion,"No matching activity, preference, relationship, frequency, motive, or experience was found in the matched profile.","No matching activity, preference, relationship, frequency, motive, or experience was found in the matched profile.",No,No,,
C-B-02-009-01,C,B,2,9,1,"Small adjustments can lead to a brighter, more fulfilling week ahead.",Not assessed,NOT_APPLICABLE,Narrative/rhetorical or general statement,No persona-checkable assertion,No persona-checkable assertion,No,No,,
C-B-03-001-01,C,B,3,1,1,This week is a wonderful opportunity to focus on recovery and finding a balance between activity and rest.,Not assessed,NOT_APPLICABLE,Narrative/rhetorical or general statement,No persona-checkable assertion,No persona-checkable assertion,No,No,,
C-B-03-002-01,C,B,3,2,1,Taking time to listen to your body can help you feel more energized and at ease.,Not assessed,NOT_APPLICABLE,Narrative/rhetorical or general statement,No persona-checkable assertion,No persona-checkable assertion,Yes,Yes,NOT_APPLICABLE,No persona-checkable assertion
C-B-03-003-01,C,B,3,3,1,"It’s important to create a routine that allows for gentle movement and moments of relaxation, supporting both your physical and mental well-being.You might start each day with a short walk or some light stretching, followed by periods of rest to recharge.",Not assessed,UNSUPPORTED,Recommendation,"No matching activity, preference, relationship, frequency, motive, or experience was found in the matched profile.","No matching activity, preference, relationship, frequency, motive, or experience was found in the matched profile.",No,No,,
C-B-03-004-01,C,B,3,4,1,"Consider setting aside time for activities that bring you joy, whether it’s reading, gardening, or enjoying a favorite hobby.",Not assessed,UNSUPPORTED,Recommendation,"No matching activity, preference, relationship, frequency, motive, or experience was found in the matched profile.","No matching activity, preference, relationship, frequency, motive, or experience was found in the matched profile.",No,No,,
C-B-03-005-01,C,B,3,5,1,Remember to pace yourself,Not assessed,NOT_APPLICABLE,Narrative/rhetorical or general statement,No persona-checkable assertion,No persona-checkable assertion,Yes,Yes,NOT_APPLICABLE,Generic advice
C-B-03-005-02,C,B,3,5,2,it’s perfectly fine to take breaks whenever you need them.,Not assessed,UNSUPPORTED,Personal factual assertion,"No matching activity, preference, relationship, frequency, motive, or experience was found in the matched profile.","No matching activity, preference, relationship, frequency, motive, or experience was found in the matched profile.",No,No,,
C-B-03-006-01,C,B,3,6,1,"Incorporating mindfulness or simple breathing exercises can also enhance your sense of calm and clarity throughout the week.As the week unfolds, take a moment to reflect on how you feel.",Not assessed,UNSUPPORTED,Personal factual assertion,"No matching activity, preference, relationship, frequency, motive, or experience was found in the matched profile.","No matching activity, preference, relationship, frequency, motive, or experience was found in the matched profile.",No,No,,
C-B-03-007-01,C,B,3,7,1,Notice the balance you create between being active and resting.,Not assessed,UNSUPPORTED,Personal factual assertion,"No matching activity, preference, relationship, frequency, motive, or experience was found in the matched profile.","No matching activity, preference, relationship, frequency, motive, or experience was found in the matched profile.",No,No,,
C-B-03-008-01,C,B,3,8,1,"This mindful approach can lead to a greater sense of well-being, helping you to enjoy each day more fully.",Not assessed,UNSUPPORTED,Personal factual assertion,"No matching activity, preference, relationship, frequency, motive, or experience was found in the matched profile.","No matching activity, preference, relationship, frequency, motive, or experience was found in the matched profile.",No,No,,
C-B-04-001-01,C,B,4,1,1,"As you step into a new week, you may find comfort in focusing on recovery and the balance between activity and rest.",Not assessed,UNSUPPORTED,Personal factual assertion,"No matching activity, preference, relationship, frequency, motive, or experience was found in the matched profile.","No matching activity, preference, relationship, frequency, motive, or experience was found in the matched profile.",No,No,,
C-B-04-002-01,C,B,4,2,1,"Each day offers a chance to listen to your body and mind, allowing you to adjust your pace as needed.",Not assessed,NOT_APPLICABLE,Narrative/rhetorical or general statement,No persona-checkable assertion,No persona-checkable assertion,No,No,,
C-B-04-003-01,C,B,4,3,1,"Embracing this approach can lead to a more fulfilling and refreshing week.Consider starting each day with gentle stretches or a short walk, engaging your body while honoring its needs.",Not assessed,UNSUPPORTED,Recommendation,"No matching activity, preference, relationship, frequency, motive, or experience was found in the matched profile.","No matching activity, preference, relationship, frequency, motive, or experience was found in the matched profile.",No,No,,
C-B-04-004-01,C,B,4,4,1,"After your activity, take time to rest and reflect.",Not assessed,UNSUPPORTED,Personal factual assertion,"No matching activity, preference, relationship, frequency, motive, or experience was found in the matched profile.","No matching activity, preference, relationship, frequency, motive, or experience was found in the matched profile.",Yes,Yes,UNSUPPORTED,no matching activity in persona
C-B-04-005-01,C,B,4,5,1,This balance is essential,Not assessed,NOT_APPLICABLE,Narrative/rhetorical or general statement,No persona-checkable assertion,No persona-checkable assertion,No,No,,
C-B-04-005-02,C,B,4,5,2,"simple tasks can nourish your spirit and provide a sense of accomplishment, while moments of rest help recharge your energy.",Not assessed,UNSUPPORTED,Personal factual assertion,"No matching activity, preference, relationship, frequency, motive, or experience was found in the matched profile.","No matching activity, preference, relationship, frequency, motive, or experience was found in the matched profile.",No,No,,
C-B-04-006-01,C,B,4,6,1,"Incorporating short breaks throughout your day can help maintain this rhythm, so you feel revitalized rather than worn out.As the week unfolds, pay attention to how your body responds to varying levels of activity and rest.",Not assessed,UNSUPPORTED,Personal factual assertion,"No matching activity, preference, relationship, frequency, motive, or experience was found in the matched profile.","No matching activity, preference, relationship, frequency, motive, or experience was found in the matched profile.",No,No,,
C-B-04-007-01,C,B,4,7,1,This mindfulness can guide you in creating a schedule that feels right for you.,Not assessed,UNSUPPORTED,Personal factual assertion,"No matching activity, preference, relationship, frequency, motive, or experience was found in the matched profile.","No matching activity, preference, relationship, frequency, motive, or experience was found in the matched profile.",No,No,,
C-B-04-008-01,C,B,4,8,1,"Remember, recovery is not just about resting",Not assessed,NOT_APPLICABLE,Narrative/rhetorical or general statement,No persona-checkable assertion,No persona-checkable assertion,No,No,,
C-B-04-008-02,C,B,4,8,2,it is about finding harmony in how you move through your days.,Not assessed,UNSUPPORTED,Personal factual assertion,"No matching activity, preference, relationship, frequency, motive, or experience was found in the matched profile.","No matching activity, preference, relationship, frequency, motive, or experience was found in the matched profile.",Yes,Yes,UNSUPPORTED,"No matching activity, preference, relationship, frequency, motive, or experience was found in the matched profile."
C-B-05-001-01,C,B,5,1,1,Reflecting on the past week can bring clarity to what activities felt important or meaningful to you.,Not assessed,UNSUPPORTED,Personal factual assertion,"No matching activity, preference, relationship, frequency, motive, or experience was found in the matched profile.","No matching activity, preference, relationship, frequency, motive, or experience was found in the matched profile.",No,No,,
C-B-05-002-01,C,B,5,2,1,Each day offers opportunities to engage in moments that resonate with your values and interests.,Not assessed,UNSUPPORTED,Personal factual assertion,"No matching activity, preference, relationship, frequency, motive, or experience was found in the matched profile.","No matching activity, preference, relationship, frequency, motive, or experience was found in the matched profile.",No,No,,
C-B-05-003-01,C,B,5,3,1,"Whether it was a simple walk, a conversation with a friend, or time spent on a favorite hobby, these experiences can shape your sense of fulfillment.Consider how these activities contributed to your overall well-being.",Not assessed,UNSUPPORTED,Recommendation,"No matching activity, preference, relationship, frequency, motive, or experience was found in the matched profile.","No matching activity, preference, relationship, frequency, motive, or experience was found in the matched profile.",Yes,Yes,UNSUPPORTED,no evidence
C-B-05-004-01,C,B,5,4,1,Engaging in things you enjoy can lift your spirits and provide a sense of purpose.,Not assessed,UNSUPPORTED,Personal factual assertion,"No matching activity, preference, relationship, frequency, motive, or experience was found in the matched profile.","No matching activity, preference, relationship, frequency, motive, or experience was found in the matched profile.",No,No,,
C-B-05-005-01,C,B,5,5,1,"Even small actions, like tending to a plant or listening to music, can create moments of joy and connection.",Not assessed,NOT_APPLICABLE,Narrative/rhetorical or general statement,No persona-checkable assertion,No persona-checkable assertion,No,No,,
C-B-05-006-01,C,B,5,6,1,"It’s helpful to recognize how these experiences impact your mood and outlook, reminding you of what truly matters in your daily life.As you think about the week, take a moment to appreciate the activities that brought you joy or peace.",Not assessed,UNSUPPORTED,Personal factual assertion,"No matching activity, preference, relationship, frequency, motive, or experience was found in the matched profile.","No matching activity, preference, relationship, frequency, motive, or experience was found in the matched profile.",Yes,Yes,UNSUPPORTED,"No matching activity, preference, relationship, frequency, motive, or experience was found in the matched profile."
C-B-05-007-01,C,B,5,7,1,Reflecting on these moments can help you identify what you might want to continue or explore further.,Not assessed,UNSUPPORTED,Personal factual assertion,"No matching activity, preference, relationship, frequency, motive, or experience was found in the matched profile.","No matching activity, preference, relationship, frequency, motive, or experience was found in the matched profile.",No,No,,
C-B-05-008-01,C,B,5,8,1,"Each week is a chance to find meaning in your actions, guiding you toward a fulfilling routine.",Not assessed,UNSUPPORTED,Personal factual assertion,"No matching activity, preference, relationship, frequency, motive, or experience was found in the matched profile.","No matching activity, preference, relationship, frequency, motive, or experience was found in the matched profile.",No,No,,
C-B-06-001-01,C,B,6,1,1,Reflecting on the activities you engaged in over the past week can reveal how meaningful they were.,Not assessed,UNSUPPORTED,Personal factual assertion,"No matching activity, preference, relationship, frequency, motive, or experience was found in the matched profile.","No matching activity, preference, relationship, frequency, motive, or experience was found in the matched profile.",No,No,,
C-B-06-002-01,C,B,6,2,1,"Each moment spent doing something, whether big or small, contributes to your sense of fulfillment.",Not assessed,UNSUPPORTED,Personal factual assertion,"No matching activity, preference, relationship, frequency, motive, or experience was found in the matched profile.","No matching activity, preference, relationship, frequency, motive, or experience was found in the matched profile.",No,No,,
C-B-06-003-01,C,B,6,3,1,"This past week may have offered opportunities to connect with others, enjoy nature, or simply indulge in a favorite hobby—each valuable in its own right.Many simple activities can bring joy and a sense of purpose.",Not assessed,NOT_APPLICABLE,Narrative/rhetorical or general statement,No persona-checkable assertion,No persona-checkable assertion,Yes,Yes,NOT_APPLICABLE,"no specific activity , flowery"
C-B-06-004-01,C,B,6,4,1,"A walk in the fresh air can brighten your mood, while sharing a meal with someone can strengthen bonds.",Not assessed,UNSUPPORTED,Personal factual assertion,"No matching activity, preference, relationship, frequency, motive, or experience was found in the matched profile.","No matching activity, preference, relationship, frequency, motive, or experience was found in the matched profile.",No,No,,
C-B-06-005-01,C,B,6,5,1,Taking time to read a book or explore a new recipe can spark creativity and provide comfort.,Not assessed,NOT_APPLICABLE,Narrative/rhetorical or general statement,No persona-checkable assertion,No persona-checkable assertion,Yes,Yes,NOT_APPLICABLE,No persona-checkable assertion
C-B-06-006-01,C,B,6,6,1,"It’s the moments of connection and joy that often hold the most significance, reminding you that every day is an opportunity to embrace what you love.As you think back on your week, consider what felt meaningful to you.",Not assessed,UNSUPPORTED,Recommendation,"No matching activity, preference, relationship, frequency, motive, or experience was found in the matched profile.","No matching activity, preference, relationship, frequency, motive, or experience was found in the matched profile.",No,No,,
C-B-06-007-01,C,B,6,7,1,Reflecting on these experiences can help you identify what brings you joy and fulfillment.,Not assessed,UNSUPPORTED,Personal factual assertion,"No matching activity, preference, relationship, frequency, motive, or experience was found in the matched profile.","No matching activity, preference, relationship, frequency, motive, or experience was found in the matched profile.",No,No,,
C-B-06-008-01,C,B,6,8,1,"Small moments can have a lasting impact, guiding you toward activities that enrich your life in the days to come.",Not assessed,UNSUPPORTED,Personal factual assertion,"No matching activity, preference, relationship, frequency, motive, or experience was found in the matched profile.","No matching activity, preference, relationship, frequency, motive, or experience was found in the matched profile.",No,No,,
C-B-07-001-01,C,B,7,1,1,Reflecting on the past week can be a valuable exercise.,Not assessed,NOT_APPLICABLE,Narrative/rhetorical or general statement,No persona-checkable assertion,No persona-checkable assertion,No,No,,
C-B-07-002-01,C,B,7,2,1,It allows you to consider the activities you engaged in and whether they met your intentions.,Not assessed,UNSUPPORTED,Recommendation,"No matching activity, preference, relationship, frequency, motive, or experience was found in the matched profile.","No matching activity, preference, relationship, frequency, motive, or experience was found in the matched profile.",No,No,,
C-B-07-003-01,C,B,7,3,1,"Each day offers opportunities to connect with others, pursue interests, or simply enjoy quiet moments.",Not assessed,NOT_APPLICABLE,Narrative/rhetorical or general statement,No persona-checkable assertion,No persona-checkable assertion,No,No,,
C-B-07-004-01,C,B,7,4,1,"Taking time to think about these experiences can help you understand what brought you joy or fulfillment.As you look back, think about the reasons behind your activities.",Not assessed,UNSUPPORTED,Personal factual assertion,"No matching activity, preference, relationship, frequency, motive, or experience was found in the matched profile.","No matching activity, preference, relationship, frequency, motive, or experience was found in the matched profile.",Yes,Yes,UNSUPPORTED,"No matching activity, preference, relationship, frequency, motive, or experience was found in the matched profile."
C-B-07-005-01,C,B,7,5,1,"Did you set out to socialize, learn something new, or take care of yourself?",Not assessed,UNSUPPORTED,Personal factual assertion,"No matching activity, preference, relationship, frequency, motive, or experience was found in the matched profile.","No matching activity, preference, relationship, frequency, motive, or experience was found in the matched profile.",Yes,Yes,UNSUPPORTED,no evidence and it’s a question
C-B-07-006-01,C,B,7,6,1,Consider how these intentions played out.,Not assessed,NOT_APPLICABLE,Narrative/rhetorical or general statement,No persona-checkable assertion,No persona-checkable assertion,No,No,,
C-B-07-007-01,C,B,7,7,1,Were there moments that felt particularly rewarding?,Not assessed,NOT_APPLICABLE,Narrative/rhetorical or general statement,No persona-checkable assertion,No persona-checkable assertion,No,No,,
C-B-07-008-01,C,B,7,8,1,Perhaps there were challenges that made it harder to achieve your goals.,Not assessed,UNSUPPORTED,Personal factual assertion,"No matching activity, preference, relationship, frequency, motive, or experience was found in the matched profile.","No matching activity, preference, relationship, frequency, motive, or experience was found in the matched profile.",No,No,,
C-B-07-009-01,C,B,7,9,1,Recognizing both the successes and the obstacles can provide insight into what you might want to focus on in the future.This reflection is not just about assessing the past,Not assessed,UNSUPPORTED,Personal factual assertion,"No matching activity, preference, relationship, frequency, motive, or experience was found in the matched profile.","No matching activity, preference, relationship, frequency, motive, or experience was found in the matched profile.",No,No,,
C-B-07-009-02,C,B,7,9,2,it can guide your choices moving forward.,Not assessed,UNSUPPORTED,Personal factual assertion,"No matching activity, preference, relationship, frequency, motive, or experience was found in the matched profile.","No matching activity, preference, relationship, frequency, motive, or experience was found in the matched profile.",No,No,,
C-B-07-010-01,C,B,7,10,1,"You might find it helpful to set small, achievable goals for the week ahead.",Not assessed,UNSUPPORTED,Personal factual assertion,"No matching activity, preference, relationship, frequency, motive, or experience was found in the matched profile.","No matching activity, preference, relationship, frequency, motive, or experience was found in the matched profile.",No,No,,
C-B-07-011-01,C,B,7,11,1,"Whether it’s reaching out to a friend or trying a new hobby, each step can contribute to your overall sense of well-being.",Not assessed,UNSUPPORTED,Personal factual assertion,"No matching activity, preference, relationship, frequency, motive, or experience was found in the matched profile.","No matching activity, preference, relationship, frequency, motive, or experience was found in the matched profile.",No,No,,
C-B-08-001-01,C,B,8,1,1,Reflecting on the past week can bring clarity to your activities and intentions.,Not assessed,UNSUPPORTED,Personal factual assertion,"No matching activity, preference, relationship, frequency, motive, or experience was found in the matched profile.","No matching activity, preference, relationship, frequency, motive, or experience was found in the matched profile.",Yes,Yes,NOT_APPLICABLE,judgement
C-B-08-002-01,C,B,8,2,1,It’s a time to consider how well the reasons for your actions were met.,Not assessed,UNSUPPORTED,Recommendation,"No matching activity, preference, relationship, frequency, motive, or experience was found in the matched profile.","No matching activity, preference, relationship, frequency, motive, or experience was found in the matched profile.",No,No,,
C-B-08-003-01,C,B,8,3,1,"Each day is filled with choices, and taking a moment to think about them can help you appreciate the small victories and learn from any challenges.Perhaps you set out to engage in activities that bring you joy or comfort.",Not assessed,UNSUPPORTED,Personal factual assertion,"No matching activity, preference, relationship, frequency, motive, or experience was found in the matched profile.","No matching activity, preference, relationship, frequency, motive, or experience was found in the matched profile.",No,No,,
C-B-08-004-01,C,B,8,4,1,"Whether it was reading a book, enjoying a walk, or connecting with a friend, these moments are important.",Not assessed,NOT_APPLICABLE,Narrative/rhetorical or general statement,No persona-checkable assertion,No persona-checkable assertion,No,No,,
C-B-08-005-01,C,B,8,5,1,Checking in with yourself about how these activities felt can reveal whether they fulfilled their purpose.,Not assessed,NOT_APPLICABLE,Narrative/rhetorical or general statement,No persona-checkable assertion,No persona-checkable assertion,No,No,,
C-B-08-006-01,C,B,8,6,1,Did they lift your spirits or provide a sense of accomplishment?,Not assessed,UNSUPPORTED,Personal factual assertion,"No matching activity, preference, relationship, frequency, motive, or experience was found in the matched profile.","No matching activity, preference, relationship, frequency, motive, or experience was found in the matched profile.",No,No,,
C-B-08-007-01,C,B,8,7,1,"Knowing what worked well can guide your choices in the future.As you move forward, consider what you learned from this past week.",Not assessed,UNSUPPORTED,Recommendation,"No matching activity, preference, relationship, frequency, motive, or experience was found in the matched profile.","No matching activity, preference, relationship, frequency, motive, or experience was found in the matched profile.",Yes,Yes,UNSUPPORTED,"No matching activity, preference, relationship, frequency, motive, or experience was found in the matched profile."
C-B-08-008-01,C,B,8,8,1,Reflecting on your experiences can help shape your plans and priorities.,Not assessed,UNSUPPORTED,Personal factual assertion,"No matching activity, preference, relationship, frequency, motive, or experience was found in the matched profile.","No matching activity, preference, relationship, frequency, motive, or experience was found in the matched profile.",No,No,,
C-B-08-009-01,C,B,8,9,1,"Remember, it’s all about finding what resonates with you and nurturing those interests as you go along.",Not assessed,UNSUPPORTED,Personal factual assertion,"No matching activity, preference, relationship, frequency, motive, or experience was found in the matched profile.","No matching activity, preference, relationship, frequency, motive, or experience was found in the matched profile.",No,No,,
C-B-08-010-01,C,B,8,10,1,Each small step is worth celebrating.,Not assessed,NOT_APPLICABLE,Narrative/rhetorical or general statement,No persona-checkable assertion,No persona-checkable assertion,No,No,,
C-C-01-001-01,C,C,1,1,1,Imagine a week ahead filled with small moments that bring joy and energy.,Not assessed,NOT_APPLICABLE,Narrative/rhetorical or general statement,No persona-checkable assertion,No persona-checkable assertion,No,No,,
C-C-01-002-01,C,C,1,2,1,"Each day can offer opportunities to connect with nature, enjoy a favorite hobby, or share a meal with someone special.",Not assessed,NOT_APPLICABLE,Narrative/rhetorical or general statement,No persona-checkable assertion,No persona-checkable assertion,No,No,,
C-C-01-003-01,C,C,1,3,1,"These simple activities can create a sense of purpose and happiness, making each day feel brighter.Consider starting your mornings with a gentle walk outside.",Not assessed,UNSUPPORTED,Recommendation,"No matching activity, preference, relationship, frequency, motive, or experience was found in the matched profile.","No matching activity, preference, relationship, frequency, motive, or experience was found in the matched profile.",No,No,,
C-C-01-004-01,C,C,1,4,1,The fresh air and sunlight can lift your spirits and energize you for the day.,Not assessed,UNSUPPORTED,Personal factual assertion,"No matching activity, preference, relationship, frequency, motive, or experience was found in the matched profile.","No matching activity, preference, relationship, frequency, motive, or experience was found in the matched profile.",Yes,Yes,UNSUPPORTED,no activities specified 
C-C-01-005-01,C,C,1,5,1,"You might also set aside time for a hobby you love, whether it’s reading, gardening, or crafting.",Not assessed,UNSUPPORTED,Personal factual assertion,"No matching activity, preference, relationship, frequency, motive, or experience was found in the matched profile.","No matching activity, preference, relationship, frequency, motive, or experience was found in the matched profile.",No,No,,
C-C-01-006-01,C,C,1,6,1,Engaging in activities that bring you joy can help you feel more fulfilled.,Not assessed,UNSUPPORTED,Personal factual assertion,"No matching activity, preference, relationship, frequency, motive, or experience was found in the matched profile.","No matching activity, preference, relationship, frequency, motive, or experience was found in the matched profile.",No,No,,
C-C-01-007-01,C,C,1,7,1,"Connecting with friends or family, even through a phone call, can also add warmth to your days.As the week unfolds, take a moment to reflect on how these small changes make you feel.",Not assessed,UNSUPPORTED,Personal factual assertion,"No matching activity, preference, relationship, frequency, motive, or experience was found in the matched profile.","No matching activity, preference, relationship, frequency, motive, or experience was found in the matched profile.",Yes,Yes,UNSUPPORTED,"No matching activity, preference, relationship, frequency, motive, or experience was found in the matched profile."
C-C-01-008-01,C,C,1,8,1,Notice the little joys and the energy they bring.,Not assessed,NOT_APPLICABLE,Narrative/rhetorical or general statement,No persona-checkable assertion,No persona-checkable assertion,No,No,,
C-C-01-009-01,C,C,1,9,1,"Embracing these moments can lead to a happier, more vibrant week ahead.",Not assessed,NOT_APPLICABLE,Narrative/rhetorical or general statement,No persona-checkable assertion,No persona-checkable assertion,No,No,,
C-C-02-001-01,C,C,2,1,1,Imagine a week filled with small moments that bring joy and energy to your days.,Not assessed,UNSUPPORTED,Personal factual assertion,"No matching activity, preference, relationship, frequency, motive, or experience was found in the matched profile.","No matching activity, preference, relationship, frequency, motive, or experience was found in the matched profile.",No,No,,
C-C-02-002-01,C,C,2,2,1,"Each morning, as the sun rises, you can take a moment to appreciate the warmth of its light.",Not assessed,UNSUPPORTED,Personal factual assertion,"No matching activity, preference, relationship, frequency, motive, or experience was found in the matched profile.","No matching activity, preference, relationship, frequency, motive, or experience was found in the matched profile.",No,No,,
C-C-02-003-01,C,C,2,3,1,"You might start your day with a gentle stretch, inviting relaxation into your body.",Not assessed,GROUNDED,Recommendation,Stretching: frequency every morning; importance 3/5; fun 3/5; motivation health/recovery,Exact/profile-linked cue; verify scope and added details.,Yes,Yes,GROUNDED,Stretching: frequency every morning; importance 3/5; fun 3/5; motivation health/recovery
C-C-02-004-01,C,C,2,4,1,"Let the peacefulness of the morning fill you, setting a positive tone for what lies ahead.As the week unfolds, consider simple activities that bring you satisfaction.",Not assessed,UNSUPPORTED,Recommendation,"No matching activity, preference, relationship, frequency, motive, or experience was found in the matched profile.","No matching activity, preference, relationship, frequency, motive, or experience was found in the matched profile.",No,No,,
C-C-02-005-01,C,C,2,5,1,Perhaps a stroll in the fresh air can awaken your senses and lift your spirits.,Not assessed,UNSUPPORTED,Personal factual assertion,"No matching activity, preference, relationship, frequency, motive, or experience was found in the matched profile.","No matching activity, preference, relationship, frequency, motive, or experience was found in the matched profile.",Yes,Yes,UNSUPPORTED,flowery english
C-C-02-006-01,C,C,2,6,1,You could also explore a hobby or reconnect with an old interest.,Not assessed,UNSUPPORTED,Personal factual assertion,"No matching activity, preference, relationship, frequency, motive, or experience was found in the matched profile.","No matching activity, preference, relationship, frequency, motive, or experience was found in the matched profile.",No,No,,
C-C-02-007-01,C,C,2,7,1,"Engaging with a friend or family member, even through a phone call, can add a sense of connection and warmth.",Not assessed,NOT_APPLICABLE,Narrative/rhetorical or general statement,No persona-checkable assertion,No persona-checkable assertion,No,No,,
C-C-02-008-01,C,C,2,8,1,"Each day offers a chance to notice the beauty around you, whether it's a blooming flower or a favorite song on the radio.Reflect on how these small choices can create a brighter week.",Not assessed,GROUNDED,Personal factual assertion,Listening to music: frequency every other day; importance 4/5; fun 4/5; motivation recovery/relaxation,Exact/profile-linked cue; verify scope and added details.,No,No,,
C-C-02-009-01,C,C,2,9,1,"Embrace the little victories, knowing that each moment of joy adds to your overall wellbeing.",Not assessed,NOT_APPLICABLE,Narrative/rhetorical or general statement,No persona-checkable assertion,No persona-checkable assertion,No,No,,
C-C-02-010-01,C,C,2,10,1,"Just by being open to happiness, you can find energy and contentment in the days ahead.",Not assessed,UNSUPPORTED,Personal factual assertion,"No matching activity, preference, relationship, frequency, motive, or experience was found in the matched profile.","No matching activity, preference, relationship, frequency, motive, or experience was found in the matched profile.",No,No,,
C-C-03-001-01,C,C,3,1,1,"This week, you can focus on recovery and finding a balance between activity and rest.",Not assessed,UNSUPPORTED,Personal factual assertion,"No matching activity, preference, relationship, frequency, motive, or experience was found in the matched profile.","No matching activity, preference, relationship, frequency, motive, or experience was found in the matched profile.",No,No,,
C-C-03-002-01,C,C,3,2,1,It’s important to listen to your body and give yourself the time you need to recharge.,Not assessed,NOT_APPLICABLE,Narrative/rhetorical or general statement,No persona-checkable assertion,No persona-checkable assertion,No,No,,
C-C-03-003-01,C,C,3,3,1,Each day presents an opportunity to engage in gentle activities while also allowing for moments of relaxation.,Not assessed,NOT_APPLICABLE,Narrative/rhetorical or general statement,No persona-checkable assertion,No persona-checkable assertion,Yes,Yes,UNSUPPORTED,no evidence
C-C-03-004-01,C,C,3,4,1,"You might start your mornings with light stretching or a short walk, enjoying the fresh air and the sounds around you.",Not assessed,GROUNDED,Recommendation,Stretching: frequency every morning; importance 3/5; fun 3/5; motivation health/recovery,Exact/profile-linked cue; verify scope and added details.,No,No,,
C-C-03-005-01,C,C,3,5,1,"After some activity, take time to rest, perhaps with a book or a favorite hobby.",Not assessed,NOT_APPLICABLE,Narrative/rhetorical or general statement,No persona-checkable assertion,No persona-checkable assertion,Yes,Yes,NOT_APPLICABLE,No persona-checkable assertion
C-C-03-006-01,C,C,3,6,1,This balance helps your body recover and can improve your overall mood.,Not assessed,UNSUPPORTED,Personal factual assertion,"No matching activity, preference, relationship, frequency, motive, or experience was found in the matched profile.","No matching activity, preference, relationship, frequency, motive, or experience was found in the matched profile.",No,No,,
C-C-03-007-01,C,C,3,7,1,"Consider setting small goals for each day, like spending a little time outdoors or connecting with a friend, while also scheduling quiet moments to reflect and relax.As the week progresses, pay attention to how you feel.",Not assessed,UNSUPPORTED,Recommendation,"No matching activity, preference, relationship, frequency, motive, or experience was found in the matched profile.","No matching activity, preference, relationship, frequency, motive, or experience was found in the matched profile.",No,No,,
C-C-03-008-01,C,C,3,8,1,Notice the benefits of balancing movement with rest.,Not assessed,NOT_APPLICABLE,Narrative/rhetorical or general statement,No persona-checkable assertion,No persona-checkable assertion,No,No,,
C-C-03-009-01,C,C,3,9,1,This approach can help you feel more energized and content.,Not assessed,UNSUPPORTED,Personal factual assertion,"No matching activity, preference, relationship, frequency, motive, or experience was found in the matched profile.","No matching activity, preference, relationship, frequency, motive, or experience was found in the matched profile.",No,No,,
C-C-03-010-01,C,C,3,10,1,"Remember, taking care of yourself is a journey, and each small step counts.",Not assessed,NOT_APPLICABLE,Narrative/rhetorical or general statement,No persona-checkable assertion,No persona-checkable assertion,No,No,,
C-C-04-001-01,C,C,4,1,1,"As the week begins, you may find yourself welcoming a new focus on recovery and balance in your daily activities.",Not assessed,UNSUPPORTED,Personal factual assertion,"No matching activity, preference, relationship, frequency, motive, or experience was found in the matched profile.","No matching activity, preference, relationship, frequency, motive, or experience was found in the matched profile.",No,No,,
C-C-04-002-01,C,C,4,2,1,Each day offers an opportunity to blend moments of gentle movement with intervals of restorative rest.,Not assessed,NOT_APPLICABLE,Narrative/rhetorical or general statement,No persona-checkable assertion,No persona-checkable assertion,No,No,,
C-C-04-003-01,C,C,4,3,1,"This approach can help nurture both your body and mind, allowing you to feel refreshed and energized as the days unfold.You might start each morning with a short, mindful stretch or a leisurely walk, tuning into how your body feels and what it needs.",Not assessed,GROUNDED,Recommendation,Stretching: frequency every morning; importance 3/5; fun 3/5; motivation health/recovery,Exact/profile-linked cue; verify scope and added details.,No,No,,
C-C-04-004-01,C,C,4,4,1,"Following this, taking time to relax with a favorite book or listening to soft music can provide a sense of calm and rejuvenation.",Not assessed,GROUNDED,Personal factual assertion,Listening to music: frequency every other day; importance 4/5; fun 4/5; motivation recovery/relaxation,Exact/profile-linked cue; verify scope and added details.,No,No,,
C-C-04-005-01,C,C,4,5,1,"Throughout the week, consider balancing those active moments with quiet pauses, whether through a brief meditation or enjoying a warm cup of tea in a cozy spot.",Not assessed,NOT_APPLICABLE,Narrative/rhetorical or general statement,No persona-checkable assertion,No persona-checkable assertion,No,No,,
C-C-04-006-01,C,C,4,6,1,"Each activity and rest period invites you to pay attention to your well-being and embrace the rhythm of your day.Reflecting on this week, you may find that the harmony between activity and rest brings a sense of ease and satisfaction.",Not assessed,UNSUPPORTED,Personal factual assertion,"No matching activity, preference, relationship, frequency, motive, or experience was found in the matched profile.","No matching activity, preference, relationship, frequency, motive, or experience was found in the matched profile.",No,No,,
C-C-04-007-01,C,C,4,7,1,"Embracing this balance can lead to brighter moments each day, encouraging a deeper connection to yourself and your surroundings.",Not assessed,UNSUPPORTED,Personal factual assertion,"No matching activity, preference, relationship, frequency, motive, or experience was found in the matched profile.","No matching activity, preference, relationship, frequency, motive, or experience was found in the matched profile.",Yes,Yes,NOT_APPLICABLE,too flowery with no evidence
C-C-04-008-01,C,C,4,8,1,"Remember, taking time for recovery is a gift you give to yourself.",Not assessed,UNSUPPORTED,Personal factual assertion,"No matching activity, preference, relationship, frequency, motive, or experience was found in the matched profile.","No matching activity, preference, relationship, frequency, motive, or experience was found in the matched profile.",Yes,Yes,UNSUPPORTED,"No matching activity, preference, relationship, frequency, motive, or experience was found in the matched profile."
C-C-05-001-01,C,C,5,1,1,Reflecting on the past week can bring a sense of clarity and understanding about what truly matters to you.,Not assessed,UNSUPPORTED,Personal factual assertion,"No matching activity, preference, relationship, frequency, motive, or experience was found in the matched profile.","No matching activity, preference, relationship, frequency, motive, or experience was found in the matched profile.",No,No,,
C-C-05-002-01,C,C,5,2,1,"The activities you engaged in, whether big or small, often hold significance in shaping your days.",Not assessed,UNSUPPORTED,Personal factual assertion,"No matching activity, preference, relationship, frequency, motive, or experience was found in the matched profile.","No matching activity, preference, relationship, frequency, motive, or experience was found in the matched profile.",No,No,,
C-C-05-003-01,C,C,5,3,1,"Taking a moment to consider these experiences can help you appreciate their value.Every activity, from a simple walk in the park to a phone call with a friend, contributes to your overall sense of wellbeing.",Not assessed,UNSUPPORTED,Recommendation,"No matching activity, preference, relationship, frequency, motive, or experience was found in the matched profile.","No matching activity, preference, relationship, frequency, motive, or experience was found in the matched profile.",No,No,,
C-C-05-004-01,C,C,5,4,1,"These moments can provide joy, connection, and a sense of purpose.",Not assessed,NOT_APPLICABLE,Narrative/rhetorical or general statement,No persona-checkable assertion,No persona-checkable assertion,No,No,,
C-C-05-005-01,C,C,5,5,1,"Even routine tasks can be meaningful, as they create structure and familiarity in your life.",Not assessed,UNSUPPORTED,Personal factual assertion,"No matching activity, preference, relationship, frequency, motive, or experience was found in the matched profile.","No matching activity, preference, relationship, frequency, motive, or experience was found in the matched profile.",No,No,,
C-C-05-006-01,C,C,5,6,1,Think about how these activities made you feel and what they brought to your week.,Not assessed,UNSUPPORTED,Personal factual assertion,"No matching activity, preference, relationship, frequency, motive, or experience was found in the matched profile.","No matching activity, preference, relationship, frequency, motive, or experience was found in the matched profile.",No,No,,
C-C-05-007-01,C,C,5,7,1,"Recognizing their importance can enhance your appreciation for daily life.As you reflect, consider what activities brought you happiness or peace.",Not assessed,UNSUPPORTED,Recommendation,"No matching activity, preference, relationship, frequency, motive, or experience was found in the matched profile.","No matching activity, preference, relationship, frequency, motive, or experience was found in the matched profile.",No,No,,
C-C-05-008-01,C,C,5,8,1,This reflection can guide you in choosing how to spend your time in the coming days.,Not assessed,UNSUPPORTED,Personal factual assertion,"No matching activity, preference, relationship, frequency, motive, or experience was found in the matched profile.","No matching activity, preference, relationship, frequency, motive, or experience was found in the matched profile.",No,No,,
C-C-05-009-01,C,C,5,9,1,Embracing meaningful moments can enrich your life and help you stay connected to what you value most.,Not assessed,UNSUPPORTED,Personal factual assertion,"No matching activity, preference, relationship, frequency, motive, or experience was found in the matched profile.","No matching activity, preference, relationship, frequency, motive, or experience was found in the matched profile.",Yes,Yes,NOT_APPLICABLE,Generic advice
C-C-06-001-01,C,C,6,1,1,Reflecting on the past week can offer valuable insights into your daily life and the significance of your activities.,Not assessed,UNSUPPORTED,Personal factual assertion,"No matching activity, preference, relationship, frequency, motive, or experience was found in the matched profile.","No matching activity, preference, relationship, frequency, motive, or experience was found in the matched profile.",No,No,,
C-C-06-002-01,C,C,6,2,1,"Each moment spent doing something, whether big or small, contributes to your overall sense of purpose.",Not assessed,UNSUPPORTED,Personal factual assertion,"No matching activity, preference, relationship, frequency, motive, or experience was found in the matched profile.","No matching activity, preference, relationship, frequency, motive, or experience was found in the matched profile.",No,No,,
C-C-06-003-01,C,C,6,3,1,Taking a moment to consider what you did can help highlight the importance of those experiences and how they made you feel.Many activities hold meaning beyond their surface appearance.,Not assessed,UNSUPPORTED,Recommendation,"No matching activity, preference, relationship, frequency, motive, or experience was found in the matched profile.","No matching activity, preference, relationship, frequency, motive, or experience was found in the matched profile.",No,No,,
C-C-06-004-01,C,C,6,4,1,"Perhaps you enjoyed a leisurely walk outdoors, relishing the fresh air and sights around you.",Not assessed,UNSUPPORTED,Personal factual assertion,"No matching activity, preference, relationship, frequency, motive, or experience was found in the matched profile.","No matching activity, preference, relationship, frequency, motive, or experience was found in the matched profile.",No,No,,
C-C-06-005-01,C,C,6,5,1,"Or maybe you spent time connecting with a friend, sharing stories that brought a smile to your face.",Not assessed,UNSUPPORTED,Personal factual assertion,"No matching activity, preference, relationship, frequency, motive, or experience was found in the matched profile.","No matching activity, preference, relationship, frequency, motive, or experience was found in the matched profile.",No,No,,
C-C-06-006-01,C,C,6,6,1,"These moments, while simple, can nourish your spirit and enhance your sense of belonging.",Not assessed,UNSUPPORTED,Personal factual assertion,"No matching activity, preference, relationship, frequency, motive, or experience was found in the matched profile.","No matching activity, preference, relationship, frequency, motive, or experience was found in the matched profile.",No,No,,
C-C-06-007-01,C,C,6,7,1,"Each hour spent engaging with the world around you can lead to feelings of fulfillment and joy.As you look back, think about what brought you happiness or peace.",Not assessed,UNSUPPORTED,Personal factual assertion,"No matching activity, preference, relationship, frequency, motive, or experience was found in the matched profile.","No matching activity, preference, relationship, frequency, motive, or experience was found in the matched profile.",No,No,,
C-C-06-008-01,C,C,6,8,1,Recognizing these moments can guide you in choosing future activities that resonate with you.,Not assessed,UNSUPPORTED,Personal factual assertion,"No matching activity, preference, relationship, frequency, motive, or experience was found in the matched profile.","No matching activity, preference, relationship, frequency, motive, or experience was found in the matched profile.",Yes,Yes,UNSUPPORTED,no supporting activity in persona
C-C-06-009-01,C,C,6,9,1,Embracing what matters most can lead to a more enriching and enjoyable week ahead.,Not assessed,NOT_APPLICABLE,Narrative/rhetorical or general statement,No persona-checkable assertion,No persona-checkable assertion,Yes,Yes,NOT_APPLICABLE,No persona-checkable assertion
C-C-07-001-01,C,C,7,1,1,Reflecting on the past week can bring clarity and insight.,Not assessed,NOT_APPLICABLE,Narrative/rhetorical or general statement,No persona-checkable assertion,No persona-checkable assertion,No,No,,
C-C-07-002-01,C,C,7,2,1,It’s a good time to think about the activities you engaged in and whether they met your intentions.,Not assessed,UNSUPPORTED,Personal factual assertion,"No matching activity, preference, relationship, frequency, motive, or experience was found in the matched profile.","No matching activity, preference, relationship, frequency, motive, or experience was found in the matched profile.",No,No,,
C-C-07-003-01,C,C,7,3,1,"Each day offers opportunities to connect, learn, or simply enjoy the moment, and recognizing how these activities aligned with your goals can be rewarding.Consider the reasons behind your choices.",Not assessed,UNSUPPORTED,Recommendation,"No matching activity, preference, relationship, frequency, motive, or experience was found in the matched profile.","No matching activity, preference, relationship, frequency, motive, or experience was found in the matched profile.",Yes,Yes,UNSUPPORTED,"No matching activity, preference, relationship, frequency, motive, or experience was found in the matched profile."
C-C-07-004-01,C,C,7,4,1,"Did you seek social interaction, physical movement, or perhaps a moment of peace?",Not assessed,UNSUPPORTED,Personal factual assertion,"No matching activity, preference, relationship, frequency, motive, or experience was found in the matched profile.","No matching activity, preference, relationship, frequency, motive, or experience was found in the matched profile.",No,No,,
C-C-07-005-01,C,C,7,5,1,It’s common for plans to shift or for some activities to feel more fulfilling than others.,Not assessed,NOT_APPLICABLE,Narrative/rhetorical or general statement,No persona-checkable assertion,No persona-checkable assertion,No,No,,
C-C-07-006-01,C,C,7,6,1,Acknowledging what worked well and what didn’t can help you understand your needs better.,Not assessed,UNSUPPORTED,Personal factual assertion,"No matching activity, preference, relationship, frequency, motive, or experience was found in the matched profile.","No matching activity, preference, relationship, frequency, motive, or experience was found in the matched profile.",No,No,,
C-C-07-007-01,C,C,7,7,1,"This reflection can guide you in planning future activities that resonate more deeply with you.As you think about the week, remember that every experience contributes to your journey.",Not assessed,NOT_APPLICABLE,Narrative/rhetorical or general statement,No persona-checkable assertion,No persona-checkable assertion,No,No,,
C-C-07-008-01,C,C,7,8,1,"Whether you fulfilled your intentions or not, each moment holds value.",Not assessed,UNSUPPORTED,Personal factual assertion,"No matching activity, preference, relationship, frequency, motive, or experience was found in the matched profile.","No matching activity, preference, relationship, frequency, motive, or experience was found in the matched profile.",Yes,Yes,UNSUPPORTED,Hallucinated or made up
C-C-07-009-01,C,C,7,9,1,Embrace the lessons learned and consider how you might approach the coming days with renewed focus and intention.,Not assessed,UNSUPPORTED,Recommendation,"No matching activity, preference, relationship, frequency, motive, or experience was found in the matched profile.","No matching activity, preference, relationship, frequency, motive, or experience was found in the matched profile.",No,No,,
C-C-08-001-01,C,C,8,1,1,Reflecting on the past week can bring a sense of clarity about the activities you chose to pursue.,Not assessed,UNSUPPORTED,Personal factual assertion,"No matching activity, preference, relationship, frequency, motive, or experience was found in the matched profile.","No matching activity, preference, relationship, frequency, motive, or experience was found in the matched profile.",No,No,,
C-C-08-002-01,C,C,8,2,1,Each day offered its own opportunities and challenges,Not assessed,NOT_APPLICABLE,Narrative/rhetorical or general statement,No persona-checkable assertion,No persona-checkable assertion,No,No,,
C-C-08-002-02,C,C,8,2,2,it's helpful to consider whether your reasons for engaging in those activities were met.,Not assessed,UNSUPPORTED,Recommendation,"No matching activity, preference, relationship, frequency, motive, or experience was found in the matched profile.","No matching activity, preference, relationship, frequency, motive, or experience was found in the matched profile.",No,No,,
C-C-08-003-01,C,C,8,3,1,"Taking a moment to think back can deepen your appreciation for the time spent.Many people approach their week with intentions, whether to stay active, connect with others, or find moments of joy.",Not assessed,UNSUPPORTED,Personal factual assertion,"No matching activity, preference, relationship, frequency, motive, or experience was found in the matched profile.","No matching activity, preference, relationship, frequency, motive, or experience was found in the matched profile.",Yes,Yes,NOT_APPLICABLE,too long
C-C-08-004-01,C,C,8,4,1,"As you think about the activities you took part in, consider how they aligned with your goals.",Not assessed,UNSUPPORTED,Recommendation,"No matching activity, preference, relationship, frequency, motive, or experience was found in the matched profile.","No matching activity, preference, relationship, frequency, motive, or experience was found in the matched profile.",No,No,,
C-C-08-005-01,C,C,8,5,1,Did you find satisfaction in the time spent outdoors?,Not assessed,UNSUPPORTED,Personal factual assertion,"No matching activity, preference, relationship, frequency, motive, or experience was found in the matched profile.","No matching activity, preference, relationship, frequency, motive, or experience was found in the matched profile.",No,No,,
C-C-08-006-01,C,C,8,6,1,Were your conversations meaningful?,Not assessed,UNSUPPORTED,Personal factual assertion,"No matching activity, preference, relationship, frequency, motive, or experience was found in the matched profile.","No matching activity, preference, relationship, frequency, motive, or experience was found in the matched profile.",Yes,Yes,UNSUPPORTED,"No matching activity, preference, relationship, frequency, motive, or experience was found in the matched profile."
C-C-08-007-01,C,C,8,7,1,"It's valuable to recognize how each action contributed to your overall sense of well-being, even if some days felt more productive than others.In reflecting on your week, consider what brought you joy and what may have felt less fulfilling.",Not assessed,UNSUPPORTED,Recommendation,"No matching activity, preference, relationship, frequency, motive, or experience was found in the matched profile.","No matching activity, preference, relationship, frequency, motive, or experience was found in the matched profile.",No,No,,
C-C-08-008-01,C,C,8,8,1,"This process can help you plan for the days ahead, allowing you to embrace activities that resonate with your heart.",Not assessed,UNSUPPORTED,Recommendation,"No matching activity, preference, relationship, frequency, motive, or experience was found in the matched profile.","No matching activity, preference, relationship, frequency, motive, or experience was found in the matched profile.",No,No,,
C-C-08-009-01,C,C,8,9,1,"Every week is a new chance to cultivate happiness and connection, guiding you toward what truly matters.",Not assessed,UNSUPPORTED,Personal factual assertion,"No matching activity, preference, relationship, frequency, motive, or experience was found in the matched profile.","No matching activity, preference, relationship, frequency, motive, or experience was found in the matched profile.",No,No,,
C-D-01-001-01,C,D,1,1,1,Imagine a week ahead filled with small moments of joy and energy.,Not assessed,NOT_APPLICABLE,Narrative/rhetorical or general statement,No persona-checkable assertion,No persona-checkable assertion,No,No,,
C-D-01-002-01,C,D,1,2,1,"Each day can bring opportunities to connect with nature, enjoy a good book, or share a meal with a friend.",Not assessed,NOT_APPLICABLE,Narrative/rhetorical or general statement,No persona-checkable assertion,No persona-checkable assertion,No,No,,
C-D-01-003-01,C,D,1,3,1,These simple activities can lift your spirits and create a sense of purpose.,Not assessed,UNSUPPORTED,Personal factual assertion,"No matching activity, preference, relationship, frequency, motive, or experience was found in the matched profile.","No matching activity, preference, relationship, frequency, motive, or experience was found in the matched profile.",No,No,,
C-D-01-004-01,C,D,1,4,1,"Taking time to notice the little things, like the warmth of the sun or the sound of laughter, can make each day feel brighter.Consider starting your mornings with a gentle stretch or a short walk.",Not assessed,GROUNDED,Recommendation,Short outdoor walks: frequency a few times per week; importance 4/5; fun 3/5; motivation health/energy,Exact/profile-linked cue; verify scope and added details.,No,No,,
C-D-01-005-01,C,D,1,5,1,"This can help awaken your body and mind, setting a positive tone for the day.",Not assessed,UNSUPPORTED,Personal factual assertion,"No matching activity, preference, relationship, frequency, motive, or experience was found in the matched profile.","No matching activity, preference, relationship, frequency, motive, or experience was found in the matched profile.",Yes,Yes,UNSUPPORTED,"No matching activity, preference, relationship, frequency, motive, or experience was found in the matched profile."
C-D-01-006-01,C,D,1,6,1,"You might also explore new hobbies or revisit old ones, whether it’s gardening, painting, or cooking a favorite recipe.",Not assessed,UNSUPPORTED,Personal factual assertion,"No matching activity, preference, relationship, frequency, motive, or experience was found in the matched profile.","No matching activity, preference, relationship, frequency, motive, or experience was found in the matched profile.",No,No,,
C-D-01-007-01,C,D,1,7,1,Engaging in activities that bring you joy can spark creativity and provide a sense of accomplishment.,Not assessed,UNSUPPORTED,Personal factual assertion,"No matching activity, preference, relationship, frequency, motive, or experience was found in the matched profile.","No matching activity, preference, relationship, frequency, motive, or experience was found in the matched profile.",No,No,,
C-D-01-008-01,C,D,1,8,1,"Connecting with others, even through a phone call or a letter, can strengthen bonds and bring warmth to your days.As the week unfolds, take a moment each evening to reflect on what brought you happiness.",Not assessed,UNSUPPORTED,Personal factual assertion,"No matching activity, preference, relationship, frequency, motive, or experience was found in the matched profile.","No matching activity, preference, relationship, frequency, motive, or experience was found in the matched profile.",Yes,Yes,NOT_APPLICABLE,too long
C-D-01-009-01,C,D,1,9,1,Acknowledging these moments can help you appreciate the beauty in everyday life.,Not assessed,UNSUPPORTED,Personal factual assertion,"No matching activity, preference, relationship, frequency, motive, or experience was found in the matched profile.","No matching activity, preference, relationship, frequency, motive, or experience was found in the matched profile.",No,No,,
C-D-01-010-01,C,D,1,10,1,Embracing this mindset can lead to a more fulfilling and energizing week ahead.,Not assessed,NOT_APPLICABLE,Narrative/rhetorical or general statement,No persona-checkable assertion,No persona-checkable assertion,No,No,,
C-D-02-001-01,C,D,2,1,1,Imagine a week where each day brings a little more joy and energy into your life.,Not assessed,UNSUPPORTED,Personal factual assertion,"No matching activity, preference, relationship, frequency, motive, or experience was found in the matched profile.","No matching activity, preference, relationship, frequency, motive, or experience was found in the matched profile.",No,No,,
C-D-02-002-01,C,D,2,2,1,A week can be a wonderful opportunity to embrace simple pleasures and discover new routines that uplift your spirit.,Not assessed,UNSUPPORTED,Personal factual assertion,"No matching activity, preference, relationship, frequency, motive, or experience was found in the matched profile.","No matching activity, preference, relationship, frequency, motive, or experience was found in the matched profile.",No,No,,
C-D-02-003-01,C,D,2,3,1,"By focusing on small, positive changes, you can create an atmosphere that feels brighter and more fulfilling.You might start your mornings with gentle stretches or a leisurely breakfast, taking time to enjoy each bite.",Not assessed,UNSUPPORTED,Recommendation,"No matching activity, preference, relationship, frequency, motive, or experience was found in the matched profile.","No matching activity, preference, relationship, frequency, motive, or experience was found in the matched profile.",Yes,Yes,UNSUPPORTED,"too much claim without evidence from persona, made up or hallucinated"
C-D-02-004-01,C,D,2,4,1,"An afternoon walk can become a refreshing break, allowing you to soak in the fresh air and appreciate the sights around you.",Not assessed,UNSUPPORTED,Personal factual assertion,"No matching activity, preference, relationship, frequency, motive, or experience was found in the matched profile.","No matching activity, preference, relationship, frequency, motive, or experience was found in the matched profile.",No,No,,
C-D-02-005-01,C,D,2,5,1,"Connecting with others, whether through a phone call or a visit, can also add warmth and joy to your day.",Not assessed,UNSUPPORTED,Personal factual assertion,"No matching activity, preference, relationship, frequency, motive, or experience was found in the matched profile.","No matching activity, preference, relationship, frequency, motive, or experience was found in the matched profile.",No,No,,
C-D-02-006-01,C,D,2,6,1,"Engaging in a hobby, like reading or gardening, can spark creativity and keep your mind active.",Not assessed,UNSUPPORTED,Recommendation,"No matching activity, preference, relationship, frequency, motive, or experience was found in the matched profile.","No matching activity, preference, relationship, frequency, motive, or experience was found in the matched profile.",No,No,,
C-D-02-007-01,C,D,2,7,1,"These small actions can energize you and enhance your well-being.As the week unfolds, take time to reflect on what brings you happiness.",Not assessed,UNSUPPORTED,Personal factual assertion,"No matching activity, preference, relationship, frequency, motive, or experience was found in the matched profile.","No matching activity, preference, relationship, frequency, motive, or experience was found in the matched profile.",No,No,,
C-D-02-008-01,C,D,2,8,1,"Remember, it's about embracing each moment and finding joy in everyday activities.",Not assessed,NOT_APPLICABLE,Narrative/rhetorical or general statement,No persona-checkable assertion,No persona-checkable assertion,No,No,,
C-D-02-009-01,C,D,2,9,1,"Consider what makes you feel alive, and hold onto those experiences as you create a fulfilling week ahead.",Not assessed,UNSUPPORTED,Recommendation,"No matching activity, preference, relationship, frequency, motive, or experience was found in the matched profile.","No matching activity, preference, relationship, frequency, motive, or experience was found in the matched profile.",Yes,Yes,UNSUPPORTED,"No matching activity, preference, relationship, frequency, motive, or experience was found in the matched profile."
C-D-03-001-01,C,D,3,1,1,"This week, you can focus on recovery and finding a balance between activity and rest.",Not assessed,UNSUPPORTED,Personal factual assertion,"No matching activity, preference, relationship, frequency, motive, or experience was found in the matched profile.","No matching activity, preference, relationship, frequency, motive, or experience was found in the matched profile.",No,No,,
C-D-03-002-01,C,D,3,2,1,Each day offers a chance to listen to your body and respond to its needs.,Not assessed,NOT_APPLICABLE,Narrative/rhetorical or general statement,No persona-checkable assertion,No persona-checkable assertion,No,No,,
C-D-03-003-01,C,D,3,3,1,"By setting aside time for both gentle movement and relaxation, you can create a rhythm that supports your overall well-being.Consider starting your day with a short, light activity, such as stretching or a leisurely walk.",Not assessed,UNSUPPORTED,Recommendation,"No matching activity, preference, relationship, frequency, motive, or experience was found in the matched profile.","No matching activity, preference, relationship, frequency, motive, or experience was found in the matched profile.",No,No,,
C-D-03-004-01,C,D,3,4,1,This can help energize you and set a positive tone for the day.,Not assessed,UNSUPPORTED,Personal factual assertion,"No matching activity, preference, relationship, frequency, motive, or experience was found in the matched profile.","No matching activity, preference, relationship, frequency, motive, or experience was found in the matched profile.",No,No,,
C-D-03-005-01,C,D,3,5,1,"Afterward, allow yourself time to rest, perhaps with a book or some quiet music.",Not assessed,NOT_APPLICABLE,Narrative/rhetorical or general statement,No persona-checkable assertion,No persona-checkable assertion,Yes,Yes,NOT_APPLICABLE,No persona-checkable assertion
C-D-03-006-01,C,D,3,6,1,"Throughout the week, aim to include moments of activity, like gardening or light household tasks, followed by periods of rest.",Not assessed,NOT_APPLICABLE,Narrative/rhetorical or general statement,No persona-checkable assertion,No persona-checkable assertion,No,No,,
C-D-03-007-01,C,D,3,7,1,"This balance can help you feel more refreshed and engaged.As the week progresses, take a moment to reflect on how this balance affects your mood and energy levels.",Not assessed,UNSUPPORTED,Personal factual assertion,"No matching activity, preference, relationship, frequency, motive, or experience was found in the matched profile.","No matching activity, preference, relationship, frequency, motive, or experience was found in the matched profile.",Yes,Yes,UNSUPPORTED,no activities specified 
C-D-03-008-01,C,D,3,8,1,Notice what activities bring you joy and which moments of rest feel most restorative.,Not assessed,UNSUPPORTED,Personal factual assertion,"No matching activity, preference, relationship, frequency, motive, or experience was found in the matched profile.","No matching activity, preference, relationship, frequency, motive, or experience was found in the matched profile.",No,No,,
C-D-03-009-01,C,D,3,9,1,This awareness can guide you in creating a routine that nurtures both your body and mind.,Not assessed,UNSUPPORTED,Personal factual assertion,"No matching activity, preference, relationship, frequency, motive, or experience was found in the matched profile.","No matching activity, preference, relationship, frequency, motive, or experience was found in the matched profile.",No,No,,
C-D-04-001-01,C,D,4,1,1,"As the week unfolds, it offers a gentle reminder to focus on recovery and the importance of balancing activity with restful moments.",Not assessed,NOT_APPLICABLE,Narrative/rhetorical or general statement,No persona-checkable assertion,No persona-checkable assertion,No,No,,
C-D-04-002-01,C,D,4,2,1,Each day is an opportunity to explore how movement and rest can work together to support your wellbeing.,Not assessed,UNSUPPORTED,Personal factual assertion,"No matching activity, preference, relationship, frequency, motive, or experience was found in the matched profile.","No matching activity, preference, relationship, frequency, motive, or experience was found in the matched profile.",Yes,Yes,UNSUPPORTED,"exageration, no activity"
C-D-04-003-01,C,D,4,3,1,"A mindful approach can enhance your daily experiences, allowing you to find joy in both active moments and quiet reflection.Consider beginning your days with light stretches or a leisurely walk.",Not assessed,UNSUPPORTED,Recommendation,"No matching activity, preference, relationship, frequency, motive, or experience was found in the matched profile.","No matching activity, preference, relationship, frequency, motive, or experience was found in the matched profile.",No,No,,
C-D-04-004-01,C,D,4,4,1,"These gentle movements can awaken your body and spirit, easing any stiffness while promoting a sense of energy.",Not assessed,UNSUPPORTED,Personal factual assertion,"No matching activity, preference, relationship, frequency, motive, or experience was found in the matched profile.","No matching activity, preference, relationship, frequency, motive, or experience was found in the matched profile.",Yes,Yes,UNSUPPORTED,"No matching activity, preference, relationship, frequency, motive, or experience was found in the matched profile."
C-D-04-005-01,C,D,4,5,1,"Following these activities, taking time to rest becomes equally vital.",Not assessed,NOT_APPLICABLE,Narrative/rhetorical or general statement,No persona-checkable assertion,No persona-checkable assertion,No,No,,
C-D-04-006-01,C,D,4,6,1,"Perhaps you choose to read a book, listen to soft music, or simply enjoy the view from a window.",Not assessed,UNSUPPORTED,Recommendation,"No matching activity, preference, relationship, frequency, motive, or experience was found in the matched profile.","No matching activity, preference, relationship, frequency, motive, or experience was found in the matched profile.",No,No,,
C-D-04-007-01,C,D,4,7,1,"This balance of effort and relaxation can create a rhythm that nurtures both your mind and body.By the week's end, reflect on how this rhythmic balance has felt for you.",Not assessed,UNSUPPORTED,Personal factual assertion,"No matching activity, preference, relationship, frequency, motive, or experience was found in the matched profile.","No matching activity, preference, relationship, frequency, motive, or experience was found in the matched profile.",No,No,,
C-D-04-008-01,C,D,4,8,1,Each moment of rest after activity reinforces your strength and resilience.,Not assessed,UNSUPPORTED,Personal factual assertion,"No matching activity, preference, relationship, frequency, motive, or experience was found in the matched profile.","No matching activity, preference, relationship, frequency, motive, or experience was found in the matched profile.",No,No,,
C-D-04-009-01,C,D,4,9,1,"Remember, it's the small, consistent choices you make that can lead to a greater sense of overall wellbeing.",Not assessed,NOT_APPLICABLE,Narrative/rhetorical or general statement,No persona-checkable assertion,No persona-checkable assertion,No,No,,
C-D-04-010-01,C,D,4,10,1,Embrace this week as a gentle path toward harmony in your life.,Not assessed,UNSUPPORTED,Personal factual assertion,"No matching activity, preference, relationship, frequency, motive, or experience was found in the matched profile.","No matching activity, preference, relationship, frequency, motive, or experience was found in the matched profile.",No,No,,
C-D-05-001-01,C,D,5,1,1,Reflecting on the past week can bring a sense of clarity and understanding.,Not assessed,NOT_APPLICABLE,Narrative/rhetorical or general statement,No persona-checkable assertion,No persona-checkable assertion,No,No,,
C-D-05-002-01,C,D,5,2,1,It’s important to consider how the activities you engaged in contributed to your overall sense of well-being.,Not assessed,UNSUPPORTED,Recommendation,"No matching activity, preference, relationship, frequency, motive, or experience was found in the matched profile.","No matching activity, preference, relationship, frequency, motive, or experience was found in the matched profile.",No,No,,
C-D-05-003-01,C,D,5,3,1,"Each moment spent doing something meaningful can shape your feelings and thoughts, helping you connect with what matters most to you.Activities, whether big or small, often hold significance in our lives.",Not assessed,UNSUPPORTED,Personal factual assertion,"No matching activity, preference, relationship, frequency, motive, or experience was found in the matched profile.","No matching activity, preference, relationship, frequency, motive, or experience was found in the matched profile.",Yes,Yes,UNSUPPORTED,Hallucinated or made up
C-D-05-004-01,C,D,5,4,1,"They can provide joy, a sense of accomplishment, or even a chance to connect with others.",Not assessed,NOT_APPLICABLE,Narrative/rhetorical or general statement,No persona-checkable assertion,No persona-checkable assertion,No,No,,
C-D-05-005-01,C,D,5,5,1,Think about the moments that stood out to you.,Not assessed,UNSUPPORTED,Personal factual assertion,"No matching activity, preference, relationship, frequency, motive, or experience was found in the matched profile.","No matching activity, preference, relationship, frequency, motive, or experience was found in the matched profile.",No,No,,
C-D-05-006-01,C,D,5,6,1,"Did you enjoy a conversation with a friend, take a walk in nature, or spend time on a hobby?",Not assessed,UNSUPPORTED,Personal factual assertion,"No matching activity, preference, relationship, frequency, motive, or experience was found in the matched profile.","No matching activity, preference, relationship, frequency, motive, or experience was found in the matched profile.",Yes,Yes,UNSUPPORTED,"No matching activity, preference, relationship, frequency, motive, or experience was found in the matched profile."
C-D-05-007-01,C,D,5,7,1,"Each of these experiences can add value to your week, reminding you of the importance of staying engaged and present.As you reflect on these moments, consider how they made you feel.",Not assessed,UNSUPPORTED,Recommendation,"No matching activity, preference, relationship, frequency, motive, or experience was found in the matched profile.","No matching activity, preference, relationship, frequency, motive, or experience was found in the matched profile.",No,No,,
C-D-05-008-01,C,D,5,8,1,Were there activities that brought you peace or happiness?,Not assessed,UNSUPPORTED,Personal factual assertion,"No matching activity, preference, relationship, frequency, motive, or experience was found in the matched profile.","No matching activity, preference, relationship, frequency, motive, or experience was found in the matched profile.",No,No,,
C-D-05-009-01,C,D,5,9,1,"Recognizing what is meaningful to you can guide your choices moving forward, helping you create more fulfilling days ahead.",Not assessed,UNSUPPORTED,Personal factual assertion,"No matching activity, preference, relationship, frequency, motive, or experience was found in the matched profile.","No matching activity, preference, relationship, frequency, motive, or experience was found in the matched profile.",No,No,,
C-D-06-001-01,C,D,6,1,1,"Reflecting on the past week, you may notice that each day held its own set of activities, some big and some small.",Not assessed,UNSUPPORTED,Personal factual assertion,"No matching activity, preference, relationship, frequency, motive, or experience was found in the matched profile.","No matching activity, preference, relationship, frequency, motive, or experience was found in the matched profile.",No,No,,
C-D-06-002-01,C,D,6,2,1,"These moments can hold meaning, shaping how you feel and connecting you to the world around you.",Not assessed,UNSUPPORTED,Personal factual assertion,"No matching activity, preference, relationship, frequency, motive, or experience was found in the matched profile.","No matching activity, preference, relationship, frequency, motive, or experience was found in the matched profile.",Yes,Yes,UNSUPPORTED,too flowery with no evidence
C-D-06-003-01,C,D,6,3,1,"It’s important to recognize that even simple tasks, like having a cup of tea or watering plants, can bring joy and fulfillment.Often, activities can become meaningful when they allow you to engage with your surroundings or people.",Not assessed,UNSUPPORTED,Recommendation,"No matching activity, preference, relationship, frequency, motive, or experience was found in the matched profile.","No matching activity, preference, relationship, frequency, motive, or experience was found in the matched profile.",No,No,,
C-D-06-004-01,C,D,6,4,1,"Perhaps you spent time reading a book, going for a walk, or even chatting with a neighbor.",Not assessed,UNSUPPORTED,Personal factual assertion,"No matching activity, preference, relationship, frequency, motive, or experience was found in the matched profile.","No matching activity, preference, relationship, frequency, motive, or experience was found in the matched profile.",No,No,,
C-D-06-005-01,C,D,6,5,1,Each of these experiences can create a sense of routine and purpose.,Not assessed,NOT_APPLICABLE,Narrative/rhetorical or general statement,No persona-checkable assertion,No persona-checkable assertion,Yes,Yes,NOT_APPLICABLE,No persona-checkable assertion
C-D-06-006-01,C,D,6,6,1,They help you stay connected to what you enjoy and what matters to you.,Not assessed,UNSUPPORTED,Personal factual assertion,"No matching activity, preference, relationship, frequency, motive, or experience was found in the matched profile.","No matching activity, preference, relationship, frequency, motive, or experience was found in the matched profile.",No,No,,
C-D-06-007-01,C,D,6,7,1,"By taking a moment to think about these activities, you can see how they contribute to your overall sense of wellbeing.As you reflect on this week, consider what made you smile or feel content.",Not assessed,UNSUPPORTED,Recommendation,"No matching activity, preference, relationship, frequency, motive, or experience was found in the matched profile.","No matching activity, preference, relationship, frequency, motive, or experience was found in the matched profile.",No,No,,
C-D-06-008-01,C,D,6,8,1,Recognizing the importance of these moments can help you cherish them and seek more of what brings you happiness in the days ahead.,Not assessed,UNSUPPORTED,Personal factual assertion,"No matching activity, preference, relationship, frequency, motive, or experience was found in the matched profile.","No matching activity, preference, relationship, frequency, motive, or experience was found in the matched profile.",No,No,,
C-D-06-009-01,C,D,6,9,1,Every little activity counts in nurturing your spirit.,Not assessed,UNSUPPORTED,Personal factual assertion,"No matching activity, preference, relationship, frequency, motive, or experience was found in the matched profile.","No matching activity, preference, relationship, frequency, motive, or experience was found in the matched profile.",No,No,,
C-D-07-001-01,C,D,7,1,1,Reflecting on the past week can be a helpful way to understand how your activities aligned with your intentions.,Not assessed,UNSUPPORTED,Personal factual assertion,"No matching activity, preference, relationship, frequency, motive, or experience was found in the matched profile.","No matching activity, preference, relationship, frequency, motive, or experience was found in the matched profile.",No,No,,
C-D-07-002-01,C,D,7,2,1,"Each day offers opportunities to engage in things that matter to you, whether it’s spending time with loved ones, pursuing a hobby, or simply enjoying a quiet moment.",Not assessed,UNSUPPORTED,Personal factual assertion,"No matching activity, preference, relationship, frequency, motive, or experience was found in the matched profile.","No matching activity, preference, relationship, frequency, motive, or experience was found in the matched profile.",No,No,,
C-D-07-003-01,C,D,7,3,1,"It’s important to consider if those activities brought you joy or fulfillment.As you think about the week, consider the reasons behind your choices.",Not assessed,UNSUPPORTED,Recommendation,"No matching activity, preference, relationship, frequency, motive, or experience was found in the matched profile.","No matching activity, preference, relationship, frequency, motive, or experience was found in the matched profile.",No,No,,
C-D-07-004-01,C,D,7,4,1,"Did you set out to connect with friends, learn something new, or take time for self-care?",Not assessed,UNSUPPORTED,Personal factual assertion,"No matching activity, preference, relationship, frequency, motive, or experience was found in the matched profile.","No matching activity, preference, relationship, frequency, motive, or experience was found in the matched profile.",No,No,,
C-D-07-005-01,C,D,7,5,1,"Sometimes, the outcomes may not match our expectations",Not assessed,NOT_APPLICABLE,Narrative/rhetorical or general statement,No persona-checkable assertion,No persona-checkable assertion,Yes,Yes,NOT_APPLICABLE,Generic advice
C-D-07-005-02,C,D,7,5,2,that’s okay.,Not assessed,NOT_APPLICABLE,Narrative/rhetorical or general statement,No persona-checkable assertion,No persona-checkable assertion,No,No,,
C-D-07-006-01,C,D,7,6,1,It’s natural for plans to shift or for some activities to feel more rewarding than others.,Not assessed,NOT_APPLICABLE,Narrative/rhetorical or general statement,No persona-checkable assertion,No persona-checkable assertion,No,No,,
C-D-07-007-01,C,D,7,7,1,Reflecting on these experiences can help you identify what truly brings you satisfaction and what you might want to change moving forward.Taking a moment to reflect can guide your choices in the coming week.,Not assessed,UNSUPPORTED,Personal factual assertion,"No matching activity, preference, relationship, frequency, motive, or experience was found in the matched profile.","No matching activity, preference, relationship, frequency, motive, or experience was found in the matched profile.",No,No,,
C-D-07-008-01,C,D,7,8,1,Think about what worked well and what didn’t.,Not assessed,NOT_APPLICABLE,Narrative/rhetorical or general statement,No persona-checkable assertion,No persona-checkable assertion,No,No,,
C-D-07-009-01,C,D,7,9,1,This awareness can help you create a more fulfilling routine that aligns with your desires and needs.,Not assessed,UNSUPPORTED,Personal factual assertion,"No matching activity, preference, relationship, frequency, motive, or experience was found in the matched profile.","No matching activity, preference, relationship, frequency, motive, or experience was found in the matched profile.",Yes,Yes,UNSUPPORTED,"No matching activity, preference, relationship, frequency, motive, or experience was found in the matched profile."
C-D-07-010-01,C,D,7,10,1,Each week is a new chance to explore what brings you happiness and peace.,Not assessed,UNSUPPORTED,Personal factual assertion,"No matching activity, preference, relationship, frequency, motive, or experience was found in the matched profile.","No matching activity, preference, relationship, frequency, motive, or experience was found in the matched profile.",No,No,,
C-D-08-001-01,C,D,8,1,1,Reflecting on the past week can be a valuable way to understand how well your activities aligned with your intentions.,Not assessed,UNSUPPORTED,Personal factual assertion,"No matching activity, preference, relationship, frequency, motive, or experience was found in the matched profile.","No matching activity, preference, relationship, frequency, motive, or experience was found in the matched profile.",No,No,,
C-D-08-002-01,C,D,8,2,1,"You may have set out to engage in social activities, enjoy some time outdoors, or focus on hobbies that bring you joy.",Not assessed,UNSUPPORTED,Personal factual assertion,"No matching activity, preference, relationship, frequency, motive, or experience was found in the matched profile.","No matching activity, preference, relationship, frequency, motive, or experience was found in the matched profile.",Yes,Yes,UNSUPPORTED,"No matching activity, preference, relationship, frequency, motive, or experience was found in the matched profile."
C-D-08-003-01,C,D,8,3,1,"Each of these goals can contribute to your overall sense of wellbeing and fulfillment.As you think about the activities you pursued, consider whether they met the reasons you chose them.",Not assessed,UNSUPPORTED,Recommendation,"No matching activity, preference, relationship, frequency, motive, or experience was found in the matched profile.","No matching activity, preference, relationship, frequency, motive, or experience was found in the matched profile.",No,No,,
C-D-08-004-01,C,D,8,4,1,"Perhaps you attended a gathering with friends, which not only provided companionship but also lifted your spirits.",Not assessed,UNSUPPORTED,Personal factual assertion,"No matching activity, preference, relationship, frequency, motive, or experience was found in the matched profile.","No matching activity, preference, relationship, frequency, motive, or experience was found in the matched profile.",No,No,,
C-D-08-005-01,C,D,8,5,1,"Or maybe you spent time in nature, finding peace and rejuvenation in the fresh air.",Not assessed,UNSUPPORTED,Personal factual assertion,"No matching activity, preference, relationship, frequency, motive, or experience was found in the matched profile.","No matching activity, preference, relationship, frequency, motive, or experience was found in the matched profile.",No,No,,
C-D-08-006-01,C,D,8,6,1,"Assessing your experiences can help clarify what truly enriches your days and what might require more attention moving forward.In closing, take a moment to acknowledge your efforts and the satisfaction gained from activities that resonate with you.",Not assessed,UNSUPPORTED,Personal factual assertion,"No matching activity, preference, relationship, frequency, motive, or experience was found in the matched profile.","No matching activity, preference, relationship, frequency, motive, or experience was found in the matched profile.",Yes,Yes,UNSUPPORTED,too flowery with no evidence
C-D-08-007-01,C,D,8,7,1,"This reflection can guide your choices for the coming week, helping you prioritize what brings you happiness and connection.",Not assessed,UNSUPPORTED,Recommendation,"No matching activity, preference, relationship, frequency, motive, or experience was found in the matched profile.","No matching activity, preference, relationship, frequency, motive, or experience was found in the matched profile.",No,No,,
C-D-08-008-01,C,D,8,8,1,"Remember, small steps can lead to significant changes in your life.",Not assessed,NOT_APPLICABLE,Narrative/rhetorical or general statement,No persona-checkable assertion,No persona-checkable assertion,No,No,,
C-E-01-001-01,C,E,1,1,1,Imagine a week ahead filled with small moments of joy and energy.,Not assessed,NOT_APPLICABLE,Narrative/rhetorical or general statement,No persona-checkable assertion,No persona-checkable assertion,No,No,,
C-E-01-002-01,C,E,1,2,1,Each day offers a chance to embrace simple pleasures that can brighten your spirit.,Not assessed,UNSUPPORTED,Personal factual assertion,"No matching activity, preference, relationship, frequency, motive, or experience was found in the matched profile.","No matching activity, preference, relationship, frequency, motive, or experience was found in the matched profile.",Yes,Yes,UNSUPPORTED,"No matching activity, preference, relationship, frequency, motive, or experience was found in the matched profile."
C-E-01-003-01,C,E,1,3,1,"Whether it’s enjoying a warm cup of tea in the morning sun or taking a leisurely stroll in a nearby park, these moments can help create a sense of happiness.Consider setting aside time each day for activities that bring you peace and satisfaction.",Not assessed,UNSUPPORTED,Recommendation,"No matching activity, preference, relationship, frequency, motive, or experience was found in the matched profile.","No matching activity, preference, relationship, frequency, motive, or experience was found in the matched profile.",No,No,,
C-E-01-004-01,C,E,1,4,1,"You might enjoy reading a favorite book, listening to music, or connecting with a friend over the phone.",Not assessed,UNSUPPORTED,Personal factual assertion,"No matching activity, preference, relationship, frequency, motive, or experience was found in the matched profile.","No matching activity, preference, relationship, frequency, motive, or experience was found in the matched profile.",No,No,,
C-E-01-005-01,C,E,1,5,1,"Engaging in light exercise, even a gentle stretch or a short walk, can also boost your mood and energy levels.",Not assessed,UNSUPPORTED,Personal factual assertion,"No matching activity, preference, relationship, frequency, motive, or experience was found in the matched profile.","No matching activity, preference, relationship, frequency, motive, or experience was found in the matched profile.",No,No,,
C-E-01-006-01,C,E,1,6,1,"Finding time for creativity, like drawing or gardening, can add a fulfilling touch to your week.As you look forward to the days ahead, think about how these small actions can contribute to a brighter outlook.",Not assessed,UNSUPPORTED,Personal factual assertion,"No matching activity, preference, relationship, frequency, motive, or experience was found in the matched profile.","No matching activity, preference, relationship, frequency, motive, or experience was found in the matched profile.",No,No,,
C-E-01-007-01,C,E,1,7,1,Reflect on what makes you feel good and how you can incorporate those elements into your routine.,Not assessed,UNSUPPORTED,Personal factual assertion,"No matching activity, preference, relationship, frequency, motive, or experience was found in the matched profile.","No matching activity, preference, relationship, frequency, motive, or experience was found in the matched profile.",Yes,Yes,UNSUPPORTED,Generic advice
C-E-01-008-01,C,E,1,8,1,Each day is an opportunity to nurture your well-being and embrace the joy around you.,Not assessed,UNSUPPORTED,Personal factual assertion,"No matching activity, preference, relationship, frequency, motive, or experience was found in the matched profile.","No matching activity, preference, relationship, frequency, motive, or experience was found in the matched profile.",No,No,,
C-E-02-001-01,C,E,2,1,1,Imagine a week filled with moments that lift your spirits and energize your days.,Not assessed,UNSUPPORTED,Personal factual assertion,"No matching activity, preference, relationship, frequency, motive, or experience was found in the matched profile.","No matching activity, preference, relationship, frequency, motive, or experience was found in the matched profile.",No,No,,
C-E-02-002-01,C,E,2,2,1,"You wake each morning to sunlight streaming through the window, inviting you to greet the day with a sense of possibility.",Not assessed,UNSUPPORTED,Personal factual assertion,"No matching activity, preference, relationship, frequency, motive, or experience was found in the matched profile.","No matching activity, preference, relationship, frequency, motive, or experience was found in the matched profile.",No,No,,
C-E-02-003-01,C,E,2,3,1,"Each day offers opportunities to connect, explore, and find joy in both familiar and new experiences.",Not assessed,NOT_APPLICABLE,Narrative/rhetorical or general statement,No persona-checkable assertion,No persona-checkable assertion,No,No,,
C-E-02-004-01,C,E,2,4,1,"Perhaps you start with a gentle stretch or a walk outside, feeling the fresh air invigorate you.As the days unfold, consider planning small activities that bring you happiness.",Not assessed,UNSUPPORTED,Recommendation,"No matching activity, preference, relationship, frequency, motive, or experience was found in the matched profile.","No matching activity, preference, relationship, frequency, motive, or experience was found in the matched profile.",No,No,,
C-E-02-005-01,C,E,2,5,1,"Maybe you’ll visit a favorite spot, enjoy a good book, or spend time with friends or family.",Not assessed,UNSUPPORTED,Personal factual assertion,"No matching activity, preference, relationship, frequency, motive, or experience was found in the matched profile.","No matching activity, preference, relationship, frequency, motive, or experience was found in the matched profile.",No,No,,
C-E-02-006-01,C,E,2,6,1,"Engaging in hobbies can spark creativity, whether that’s gardening, crafting, or even cooking a new recipe.",Not assessed,NOT_APPLICABLE,Narrative/rhetorical or general statement,No persona-checkable assertion,No persona-checkable assertion,No,No,,
C-E-02-007-01,C,E,2,7,1,"Each moment of joy adds energy to your week, filling your time with laughter and connection.At the end of the week, take a moment to reflect on the small joys you experienced.",Not assessed,UNSUPPORTED,Personal factual assertion,"No matching activity, preference, relationship, frequency, motive, or experience was found in the matched profile.","No matching activity, preference, relationship, frequency, motive, or experience was found in the matched profile.",No,No,,
C-E-02-008-01,C,E,2,8,1,Notice how they made you feel.,Not assessed,UNSUPPORTED,Personal factual assertion,"No matching activity, preference, relationship, frequency, motive, or experience was found in the matched profile.","No matching activity, preference, relationship, frequency, motive, or experience was found in the matched profile.",Yes,Yes,UNSUPPORTED,"No matching activity, preference, relationship, frequency, motive, or experience was found in the matched profile."
C-E-02-009-01,C,E,2,9,1,"Remember, even simple changes can brighten your days and enrich your life.",Not assessed,UNSUPPORTED,Personal factual assertion,"No matching activity, preference, relationship, frequency, motive, or experience was found in the matched profile.","No matching activity, preference, relationship, frequency, motive, or experience was found in the matched profile.",Yes,Yes,UNSUPPORTED,no evidence
C-E-02-010-01,C,E,2,10,1,"Embrace the possibilities, and look forward to the happiness waiting for you.",Not assessed,UNSUPPORTED,Personal factual assertion,"No matching activity, preference, relationship, frequency, motive, or experience was found in the matched profile.","No matching activity, preference, relationship, frequency, motive, or experience was found in the matched profile.",No,No,,
C-E-03-001-01,C,E,3,1,1,"This week, you focus on recovery and finding a balance between activity and rest.",Not assessed,UNSUPPORTED,Personal factual assertion,"No matching activity, preference, relationship, frequency, motive, or experience was found in the matched profile.","No matching activity, preference, relationship, frequency, motive, or experience was found in the matched profile.",No,No,,
C-E-03-002-01,C,E,3,2,1,Each day offers a chance to listen to your body and understand its needs.,Not assessed,NOT_APPLICABLE,Narrative/rhetorical or general statement,No persona-checkable assertion,No persona-checkable assertion,No,No,,
C-E-03-003-01,C,E,3,3,1,"Embracing this time can help you feel more energized and centered.You might start your mornings with gentle stretches or a short walk, allowing your body to wake up slowly.",Not assessed,UNSUPPORTED,Recommendation,"No matching activity, preference, relationship, frequency, motive, or experience was found in the matched profile.","No matching activity, preference, relationship, frequency, motive, or experience was found in the matched profile.",No,No,,
C-E-03-004-01,C,E,3,4,1,"After some activity, take time to rest, perhaps enjoying a warm cup of tea or reading a favorite book.",Not assessed,NOT_APPLICABLE,Narrative/rhetorical or general statement,No persona-checkable assertion,No persona-checkable assertion,Yes,Yes,NOT_APPLICABLE,No persona-checkable assertion
C-E-03-005-01,C,E,3,5,1,"Throughout the day, consider incorporating small tasks that bring you joy, like tending to plants or organizing a space.",Not assessed,UNSUPPORTED,Recommendation,"No matching activity, preference, relationship, frequency, motive, or experience was found in the matched profile.","No matching activity, preference, relationship, frequency, motive, or experience was found in the matched profile.",No,No,,
C-E-03-006-01,C,E,3,6,1,"Remember to pause and breathe deeply, giving yourself permission to relax when needed.",Not assessed,NOT_APPLICABLE,Narrative/rhetorical or general statement,No persona-checkable assertion,No persona-checkable assertion,No,No,,
C-E-03-007-01,C,E,3,7,1,"Balancing movement with rest can enhance your overall well-being.As the week unfolds, reflect on how these moments of activity and rest make you feel.",Not assessed,UNSUPPORTED,Personal factual assertion,"No matching activity, preference, relationship, frequency, motive, or experience was found in the matched profile.","No matching activity, preference, relationship, frequency, motive, or experience was found in the matched profile.",No,No,,
C-E-03-008-01,C,E,3,8,1,"Each day is an opportunity to nurture yourself, both physically and mentally.",Not assessed,NOT_APPLICABLE,Narrative/rhetorical or general statement,No persona-checkable assertion,No persona-checkable assertion,Yes,Yes,NOT_APPLICABLE,Generic advice
C-E-03-009-01,C,E,3,9,1,Embrace this time to recharge and enjoy the simple pleasures that come with a balanced routine.,Not assessed,NOT_APPLICABLE,Narrative/rhetorical or general statement,No persona-checkable assertion,No persona-checkable assertion,No,No,,
C-E-04-001-01,C,E,4,1,1,"Imagine a week where you focus on recovery, balancing gentle activities with moments of rest.",Not assessed,UNSUPPORTED,Personal factual assertion,"No matching activity, preference, relationship, frequency, motive, or experience was found in the matched profile.","No matching activity, preference, relationship, frequency, motive, or experience was found in the matched profile.",Yes,Yes,UNSUPPORTED,"No matching activity, preference, relationship, frequency, motive, or experience was found in the matched profile."
C-E-04-002-01,C,E,4,2,1,"Each day holds the promise of nurturing both body and mind, embracing a rhythm that supports your wellbeing.",Not assessed,UNSUPPORTED,Personal factual assertion,"No matching activity, preference, relationship, frequency, motive, or experience was found in the matched profile.","No matching activity, preference, relationship, frequency, motive, or experience was found in the matched profile.",No,No,,
C-E-04-003-01,C,E,4,3,1,"You can create a space for yourself where relaxation and light movement coexist, allowing you to feel rejuvenated.Begin your mornings with a few calming stretches, welcoming the day with a sense of ease.",Not assessed,UNSUPPORTED,Personal factual assertion,"No matching activity, preference, relationship, frequency, motive, or experience was found in the matched profile.","No matching activity, preference, relationship, frequency, motive, or experience was found in the matched profile.",No,No,,
C-E-04-004-01,C,E,4,4,1,"After some movement, take time for a quiet moment, perhaps enjoying a cup of tea or simply watching the world outside.",Not assessed,NOT_APPLICABLE,Narrative/rhetorical or general statement,No persona-checkable assertion,No persona-checkable assertion,No,No,,
C-E-04-005-01,C,E,4,5,1,"Throughout the day, weave in short walks or light tasks that bring you joy, followed by periods of rest where you can read, listen to music, or enjoy a hobby.",Not assessed,UNSUPPORTED,Personal factual assertion,"No matching activity, preference, relationship, frequency, motive, or experience was found in the matched profile.","No matching activity, preference, relationship, frequency, motive, or experience was found in the matched profile.",No,No,,
C-E-04-006-01,C,E,4,6,1,"This balance of activity and relaxation can help you feel centered and refreshed.As the week unfolds, take time to reflect on how this gentle approach feels.",Not assessed,UNSUPPORTED,Personal factual assertion,"No matching activity, preference, relationship, frequency, motive, or experience was found in the matched profile.","No matching activity, preference, relationship, frequency, motive, or experience was found in the matched profile.",Yes,Yes,NOT_APPLICABLE,not relevant
C-E-04-007-01,C,E,4,7,1,"Consider what activities bring you peace and joy, and notice how rest allows you to savor these experiences.",Not assessed,UNSUPPORTED,Recommendation,"No matching activity, preference, relationship, frequency, motive, or experience was found in the matched profile.","No matching activity, preference, relationship, frequency, motive, or experience was found in the matched profile.",No,No,,
C-E-04-008-01,C,E,4,8,1,Embracing this balance can support your journey to feeling better and more connected to your everyday life.,Not assessed,UNSUPPORTED,Personal factual assertion,"No matching activity, preference, relationship, frequency, motive, or experience was found in the matched profile.","No matching activity, preference, relationship, frequency, motive, or experience was found in the matched profile.",No,No,,
C-E-05-001-01,C,E,5,1,1,Reflecting on the past week can bring clarity to what matters most in your life.,Not assessed,UNSUPPORTED,Personal factual assertion,"No matching activity, preference, relationship, frequency, motive, or experience was found in the matched profile.","No matching activity, preference, relationship, frequency, motive, or experience was found in the matched profile.",No,No,,
C-E-05-002-01,C,E,5,2,1,Each day offers opportunities to engage in activities that can enrich your experience.,Not assessed,UNSUPPORTED,Personal factual assertion,"No matching activity, preference, relationship, frequency, motive, or experience was found in the matched profile.","No matching activity, preference, relationship, frequency, motive, or experience was found in the matched profile.",No,No,,
C-E-05-003-01,C,E,5,3,1,"Whether you spent time with loved ones, enjoyed a hobby, or simply took a moment to appreciate nature, these moments hold significance.Activities that bring you joy or peace can contribute to your overall sense of well-being.",Not assessed,UNSUPPORTED,Personal factual assertion,"No matching activity, preference, relationship, frequency, motive, or experience was found in the matched profile.","No matching activity, preference, relationship, frequency, motive, or experience was found in the matched profile.",No,No,,
C-E-05-004-01,C,E,5,4,1,Engaging in familiar routines or trying something new can help you feel connected and fulfilled.,Not assessed,UNSUPPORTED,Personal factual assertion,"No matching activity, preference, relationship, frequency, motive, or experience was found in the matched profile.","No matching activity, preference, relationship, frequency, motive, or experience was found in the matched profile.",No,No,,
C-E-05-005-01,C,E,5,5,1,"Even small actions, like reading a book or taking a walk, can create a sense of purpose and satisfaction.",Not assessed,NOT_APPLICABLE,Narrative/rhetorical or general statement,No persona-checkable assertion,No persona-checkable assertion,No,No,,
C-E-05-006-01,C,E,5,6,1,"It’s important to recognize how these moments shape your days and contribute to your happiness.As you think back on the week, consider what activities felt meaningful to you.",Not assessed,UNSUPPORTED,Recommendation,"No matching activity, preference, relationship, frequency, motive, or experience was found in the matched profile.","No matching activity, preference, relationship, frequency, motive, or experience was found in the matched profile.",Yes,Yes,UNSUPPORTED,"No matching activity, preference, relationship, frequency, motive, or experience was found in the matched profile."
C-E-05-007-01,C,E,5,7,1,Reflecting on these experiences can help you identify what you value most.,Not assessed,UNSUPPORTED,Personal factual assertion,"No matching activity, preference, relationship, frequency, motive, or experience was found in the matched profile.","No matching activity, preference, relationship, frequency, motive, or experience was found in the matched profile.",No,No,,
C-E-05-008-01,C,E,5,8,1,"Moving forward, you might choose to prioritize those activities that bring you joy and connection, enhancing your daily life.",Not assessed,UNSUPPORTED,Recommendation,"No matching activity, preference, relationship, frequency, motive, or experience was found in the matched profile.","No matching activity, preference, relationship, frequency, motive, or experience was found in the matched profile.",Yes,Yes,UNSUPPORTED,made up
C-E-06-001-01,C,E,6,1,1,Reflecting on the past week can bring a sense of clarity about what truly matters to you.,Not assessed,UNSUPPORTED,Personal factual assertion,"No matching activity, preference, relationship, frequency, motive, or experience was found in the matched profile.","No matching activity, preference, relationship, frequency, motive, or experience was found in the matched profile.",No,No,,
C-E-06-002-01,C,E,6,2,1,"Each activity, no matter how small, can hold meaning and contribute to your overall well-being.",Not assessed,UNSUPPORTED,Personal factual assertion,"No matching activity, preference, relationship, frequency, motive, or experience was found in the matched profile.","No matching activity, preference, relationship, frequency, motive, or experience was found in the matched profile.",No,No,,
C-E-06-003-01,C,E,6,3,1,"It is in these moments that we often find joy, comfort, or even a sense of accomplishment.Think about the simple activities you engaged in.",Not assessed,UNSUPPORTED,Personal factual assertion,"No matching activity, preference, relationship, frequency, motive, or experience was found in the matched profile.","No matching activity, preference, relationship, frequency, motive, or experience was found in the matched profile.",No,No,,
C-E-06-004-01,C,E,6,4,1,"Whether it was tending to a garden, sharing a meal with someone special, or enjoying a quiet moment with a book, each experience adds value to your life.",Not assessed,UNSUPPORTED,Personal factual assertion,"No matching activity, preference, relationship, frequency, motive, or experience was found in the matched profile.","No matching activity, preference, relationship, frequency, motive, or experience was found in the matched profile.",Yes,Yes,UNSUPPORTED,no matching activity in persona
C-E-06-005-01,C,E,6,5,1,"Connecting with nature, spending time with loved ones, or indulging in a favorite hobby can bring warmth and fulfillment.",Not assessed,NOT_APPLICABLE,Narrative/rhetorical or general statement,No persona-checkable assertion,No persona-checkable assertion,Yes,Yes,NOT_APPLICABLE,No persona-checkable assertion
C-E-06-006-01,C,E,6,6,1,"These moments create a tapestry of memories that enrich your days and nurture your spirit.As you move forward, consider how you can incorporate more of these meaningful activities into your routine.",Not assessed,UNSUPPORTED,Recommendation,"No matching activity, preference, relationship, frequency, motive, or experience was found in the matched profile.","No matching activity, preference, relationship, frequency, motive, or experience was found in the matched profile.",No,No,,
C-E-06-007-01,C,E,6,7,1,Reflecting on what felt significant can guide you in making choices that resonate with your heart.,Not assessed,UNSUPPORTED,Personal factual assertion,"No matching activity, preference, relationship, frequency, motive, or experience was found in the matched profile.","No matching activity, preference, relationship, frequency, motive, or experience was found in the matched profile.",No,No,,
C-E-06-008-01,C,E,6,8,1,Each day offers a new opportunity to embrace what brings you happiness and connection.,Not assessed,UNSUPPORTED,Personal factual assertion,"No matching activity, preference, relationship, frequency, motive, or experience was found in the matched profile.","No matching activity, preference, relationship, frequency, motive, or experience was found in the matched profile.",No,No,,
C-E-07-001-01,C,E,7,1,1,Reflecting on the past week can be a valuable exercise.,Not assessed,NOT_APPLICABLE,Narrative/rhetorical or general statement,No persona-checkable assertion,No persona-checkable assertion,No,No,,
C-E-07-002-01,C,E,7,2,1,It allows you to consider the activities you engaged in and whether they met your expectations.,Not assessed,UNSUPPORTED,Recommendation,"No matching activity, preference, relationship, frequency, motive, or experience was found in the matched profile.","No matching activity, preference, relationship, frequency, motive, or experience was found in the matched profile.",No,No,,
C-E-07-003-01,C,E,7,3,1,Each day offers opportunities to connect with your interests and goals,Not assessed,UNSUPPORTED,Personal factual assertion,"No matching activity, preference, relationship, frequency, motive, or experience was found in the matched profile.","No matching activity, preference, relationship, frequency, motive, or experience was found in the matched profile.",No,No,,
C-E-07-003-02,C,E,7,3,2,"it’s helpful to take a moment to think about how those activities felt.As you look back, consider the reasons behind your choices.",Not assessed,UNSUPPORTED,Recommendation,"No matching activity, preference, relationship, frequency, motive, or experience was found in the matched profile.","No matching activity, preference, relationship, frequency, motive, or experience was found in the matched profile.",No,No,,
C-E-07-004-01,C,E,7,4,1,"Did you seek enjoyment, connection, or perhaps a sense of accomplishment?",Not assessed,UNSUPPORTED,Personal factual assertion,"No matching activity, preference, relationship, frequency, motive, or experience was found in the matched profile.","No matching activity, preference, relationship, frequency, motive, or experience was found in the matched profile.",No,No,,
C-E-07-005-01,C,E,7,5,1,Think about whether those activities brought you the fulfillment you hoped for.,Not assessed,UNSUPPORTED,Personal factual assertion,"No matching activity, preference, relationship, frequency, motive, or experience was found in the matched profile.","No matching activity, preference, relationship, frequency, motive, or experience was found in the matched profile.",No,No,,
C-E-07-006-01,C,E,7,6,1,It’s normal for some days to feel more satisfying than others,Not assessed,NOT_APPLICABLE,Narrative/rhetorical or general statement,No persona-checkable assertion,No persona-checkable assertion,No,No,,
C-E-07-006-02,C,E,7,6,2,that’s part of the journey.,Not assessed,NOT_APPLICABLE,Narrative/rhetorical or general statement,No persona-checkable assertion,No persona-checkable assertion,No,No,,
C-E-07-007-01,C,E,7,7,1,Recognizing what worked well can guide you in planning future activities that resonate with you.Taking time to reflect can help you appreciate the small moments and lessons learned.,Not assessed,UNSUPPORTED,Personal factual assertion,"No matching activity, preference, relationship, frequency, motive, or experience was found in the matched profile.","No matching activity, preference, relationship, frequency, motive, or experience was found in the matched profile.",No,No,,
C-E-07-008-01,C,E,7,8,1,"Whether you found joy in a simple task or felt challenged by an activity, each experience contributes to your overall well-being.",Not assessed,UNSUPPORTED,Personal factual assertion,"No matching activity, preference, relationship, frequency, motive, or experience was found in the matched profile.","No matching activity, preference, relationship, frequency, motive, or experience was found in the matched profile.",Yes,Yes,UNSUPPORTED,"No matching activity, preference, relationship, frequency, motive, or experience was found in the matched profile."
C-E-07-009-01,C,E,7,9,1,Embrace this reflection as a way to nurture your interests and make choices that bring you happiness in the days ahead.,Not assessed,UNSUPPORTED,Personal factual assertion,"No matching activity, preference, relationship, frequency, motive, or experience was found in the matched profile.","No matching activity, preference, relationship, frequency, motive, or experience was found in the matched profile.",Yes,Yes,UNSUPPORTED,no matching activity in persona
C-E-08-001-01,C,E,8,1,1,Reflecting on the past week can offer valuable insights into how well your activities met your intentions.,Not assessed,UNSUPPORTED,Personal factual assertion,"No matching activity, preference, relationship, frequency, motive, or experience was found in the matched profile.","No matching activity, preference, relationship, frequency, motive, or experience was found in the matched profile.",No,No,,
C-E-08-002-01,C,E,8,2,1,It’s helpful to take a moment to think about what you aimed to accomplish.,Not assessed,UNSUPPORTED,Personal factual assertion,"No matching activity, preference, relationship, frequency, motive, or experience was found in the matched profile.","No matching activity, preference, relationship, frequency, motive, or experience was found in the matched profile.",No,No,,
C-E-08-003-01,C,E,8,3,1,"Perhaps you wanted to enjoy some time outside, connect with loved ones, or engage in a favorite hobby.",Not assessed,UNSUPPORTED,Personal factual assertion,"No matching activity, preference, relationship, frequency, motive, or experience was found in the matched profile.","No matching activity, preference, relationship, frequency, motive, or experience was found in the matched profile.",No,No,,
C-E-08-004-01,C,E,8,4,1,"Each of these activities can bring joy and fulfillment, and recognizing their importance is key.As you consider your week, think about whether these goals were achieved.",Not assessed,UNSUPPORTED,Recommendation,"No matching activity, preference, relationship, frequency, motive, or experience was found in the matched profile.","No matching activity, preference, relationship, frequency, motive, or experience was found in the matched profile.",No,No,,
C-E-08-005-01,C,E,8,5,1,"Did you spend time in nature, feel the warmth of companionship, or find peace in your creative pursuits?",Not assessed,GROUNDED,Personal factual assertion,Spend time in nature: frequency everyday; importance 4/5; fun 3/5; motivation recovery/emotional wellbeing,Exact/profile-linked cue; verify scope and added details.,Yes,Yes,GROUNDED,Spend time in nature: frequency everyday; importance 4/5; fun 3/5; motivation recovery/emotional wellbeing
C-E-08-006-01,C,E,8,6,1,"It’s natural that not every aim might have been fully realized, but even small steps toward your intentions are meaningful.",Not assessed,NOT_APPLICABLE,Narrative/rhetorical or general statement,No persona-checkable assertion,No persona-checkable assertion,No,No,,
C-E-08-007-01,C,E,8,7,1,"Celebrate the moments you did have, and acknowledge any challenges without judgment.",Not assessed,UNSUPPORTED,Personal factual assertion,"No matching activity, preference, relationship, frequency, motive, or experience was found in the matched profile.","No matching activity, preference, relationship, frequency, motive, or experience was found in the matched profile.",No,No,,
C-E-08-008-01,C,E,8,8,1,"Each day offers a new chance to adjust and try again.As you look ahead, hold onto the reflections from this week.",Not assessed,UNSUPPORTED,Recommendation,"No matching activity, preference, relationship, frequency, motive, or experience was found in the matched profile.","No matching activity, preference, relationship, frequency, motive, or experience was found in the matched profile.",No,No,,
C-E-08-009-01,C,E,8,9,1,Perhaps there are ways to prioritize activities that bring you happiness or comfort.,Not assessed,UNSUPPORTED,Recommendation,"No matching activity, preference, relationship, frequency, motive, or experience was found in the matched profile.","No matching activity, preference, relationship, frequency, motive, or experience was found in the matched profile.",Yes,Yes,UNSUPPORTED,no matching activity in persona
C-E-08-010-01,C,E,8,10,1,"Embrace the journey of finding what fulfills you, knowing that each step is part of your unique path.",Not assessed,UNSUPPORTED,Personal factual assertion,"No matching activity, preference, relationship, frequency, motive, or experience was found in the matched profile.","No matching activity, preference, relationship, frequency, motive, or experience was found in the matched profile.",No,No,,
